02:06:24  ========================================================================
02:06:24  СЕАНС 2026-09-14 02:06:24 — загрузка мода
02:06:24  контракт движка: структура движка совпала со всеми 46 ожиданиями
02:06:46  поведение автопилота зарегистрировано в кампании
02:06:55  ========================================================================
02:06:55  СЕАНС 2026-09-14 02:06:55 — загрузка сохранения; автопилот выключен
02:06:55  состояние после загрузки: IsDisabled=False; DoNotMakeNewDecisions=False; DefaultBehavior=Hold; Army=False; Settlement=нет; Encounter=False
02:06:55  сейв сделан при включённом автопилоте: его маршрут отменён (Hold)
02:06:59  ========================================================================
02:06:59  СЕАНС 2026-09-14 02:06:59 — включение, режим наблюдение
02:06:59  состояние до включения: IsDisabled=False; DoNotMakeNewDecisions=False; DefaultBehavior=Hold; Army=False; Settlement=нет; Encounter=False
02:06:59  ВКЛЮЧЕН, режим наблюдение; позиция у Ревиль ((CampaignVec2) X: 300.3447 Y: 583.3357 IsOnLand: True); поведение Hold
02:06:59  [UI] Автопилот включён, режим: наблюдение. Лог: C:\Users\Edward\Documents\Mount and Blade II Bannerlord\Logs\autopilot_20260914.txt
02:07:04  час: оценок 16; позиция у Ревиль ((CampaignVec2) X: 300.3447 Y: 583.3357 IsOnLand: True); текущее поведение Hold
02:07:04      GoToSettlement → Ревиль = 2.345
02:07:04      GoToSettlement → Карбур = 0.890
02:07:04      GoToSettlement → Замок Устокол = 0.440
02:07:04      GoToSettlement → Корсия = 0.747
02:07:04      GoToSettlement → Жемянь = 0.605
02:07:04      GoToSettlement → Устокол = 0.453
02:07:04      GoToSettlement → Замок Флинтолг = 0.186
02:07:04      GoToSettlement → Флинтолг = 0.158
02:07:04    лучшее: GoToSettlement → Ревиль = 2.345
02:07:07  час: оценок 16; позиция у Ревиль ((CampaignVec2) X: 300.3447 Y: 583.3357 IsOnLand: True); текущее поведение Hold
02:07:07      GoToSettlement → Ревиль = 2.173
02:07:07      GoToSettlement → Карбур = 0.891
02:07:07      GoToSettlement → Замок Устокол = 0.441
02:07:07      GoToSettlement → Корсия = 0.748
02:07:07      GoToSettlement → Жемянь = 0.606
02:07:07      GoToSettlement → Устокол = 0.453
02:07:07      GoToSettlement → Замок Флинтолг = 0.186
02:07:07      GoToSettlement → Флинтолг = 0.158
02:07:07    лучшее: GoToSettlement → Ревиль = 2.173
02:07:11  час: оценок 16; позиция у Ревиль ((CampaignVec2) X: 300.3447 Y: 583.3357 IsOnLand: True); текущее поведение Hold
02:07:11      GoToSettlement → Ревиль = 2.127
02:07:11      GoToSettlement → Карбур = 0.893
02:07:11      GoToSettlement → Замок Устокол = 0.442
02:07:11      GoToSettlement → Корсия = 0.750
02:07:11      GoToSettlement → Жемянь = 0.607
02:07:11      GoToSettlement → Устокол = 0.454
02:07:11      GoToSettlement → Замок Флинтолг = 0.186
02:07:11      GoToSettlement → Флинтолг = 0.158
02:07:11    лучшее: GoToSettlement → Ревиль = 2.127
02:07:14  час: оценок 16; позиция у Ревиль ((CampaignVec2) X: 300.3447 Y: 583.3357 IsOnLand: True); текущее поведение Hold
02:07:14      GoToSettlement → Ревиль = 2.081
02:07:14      GoToSettlement → Карбур = 0.894
02:07:14      GoToSettlement → Замок Устокол = 0.443
02:07:14      GoToSettlement → Корсия = 0.751
02:07:14      GoToSettlement → Жемянь = 0.591
02:07:14      GoToSettlement → Устокол = 0.455
02:07:14      GoToSettlement → Замок Флинтолг = 0.186
02:07:14      GoToSettlement → Флинтолг = 0.158
02:07:14    лучшее: GoToSettlement → Ревиль = 2.081
02:07:17  час: оценок 16; позиция у Ревиль ((CampaignVec2) X: 300.3447 Y: 583.3357 IsOnLand: True); текущее поведение Hold
02:07:17      GoToSettlement → Ревиль = 2.035
02:07:17      GoToSettlement → Карбур = 0.896
02:07:17      GoToSettlement → Замок Устокол = 0.444
02:07:17      GoToSettlement → Корсия = 0.753
02:07:17      GoToSettlement → Жемянь = 0.592
02:07:17      GoToSettlement → Устокол = 0.456
02:07:17      GoToSettlement → Замок Флинтолг = 0.186
02:07:17      GoToSettlement → Флинтолг = 0.158
02:07:17    лучшее: GoToSettlement → Ревиль = 2.035
02:07:17  час: оценок 16; позиция у Ревиль ((CampaignVec2) X: 300.3447 Y: 583.3357 IsOnLand: True); текущее поведение Hold
02:07:17      GoToSettlement → Ревиль = 1.977
02:07:17      GoToSettlement → Карбур = 0.898
02:07:17      GoToSettlement → Замок Устокол = 0.445
02:07:17      GoToSettlement → Корсия = 0.754
02:07:17      GoToSettlement → Жемянь = 0.593
02:07:17      GoToSettlement → Устокол = 0.457
02:07:17      GoToSettlement → Замок Флинтолг = 0.186
02:07:17      GoToSettlement → Флинтолг = 0.158
02:07:17    лучшее: GoToSettlement → Ревиль = 1.977
02:07:18  час: оценок 16; позиция у Ревиль ((CampaignVec2) X: 300.3447 Y: 583.3357 IsOnLand: True); текущее поведение Hold
02:07:18      GoToSettlement → Ревиль = 1.942
02:07:18      GoToSettlement → Карбур = 0.899
02:07:18      GoToSettlement → Замок Устокол = 0.445
02:07:18      GoToSettlement → Корсия = 0.755
02:07:18      GoToSettlement → Жемянь = 0.594
02:07:18      GoToSettlement → Устокол = 0.458
02:07:18      GoToSettlement → Замок Флинтолг = 0.186
02:07:18      GoToSettlement → Флинтолг = 0.158
02:07:18    лучшее: GoToSettlement → Ревиль = 1.942
02:07:19  час: оценок 16; позиция у Ревиль ((CampaignVec2) X: 300.3447 Y: 583.3357 IsOnLand: True); текущее поведение Hold
02:07:19      GoToSettlement → Ревиль = 1.884
02:07:19      GoToSettlement → Карбур = 0.901
02:07:19      GoToSettlement → Замок Устокол = 0.446
02:07:19      GoToSettlement → Корсия = 0.757
02:07:19      GoToSettlement → Жемянь = 0.596
02:07:19      GoToSettlement → Устокол = 0.459
02:07:19      GoToSettlement → Замок Флинтолг = 0.186
02:07:19      GoToSettlement → Флинтолг = 0.158
02:07:19    лучшее: GoToSettlement → Ревиль = 1.884
02:07:20  час: оценок 16; позиция у Ревиль ((CampaignVec2) X: 300.3447 Y: 583.3357 IsOnLand: True); текущее поведение Hold
02:07:20      GoToSettlement → Ревиль = 1.850
02:07:20      GoToSettlement → Карбур = 1.011
02:07:20      GoToSettlement → Замок Устокол = 0.447
02:07:20      GoToSettlement → Корсия = 0.758
02:07:20      GoToSettlement → Жемянь = 0.597
02:07:20      GoToSettlement → Устокол = 0.460
02:07:20      GoToSettlement → Замок Флинтолг = 0.186
02:07:20      GoToSettlement → Флинтолг = 0.158
02:07:20    лучшее: PatrolAroundPoint → Карбур = 1.855
02:07:21  час: оценок 16; позиция у Ревиль ((CampaignVec2) X: 300.3447 Y: 583.3357 IsOnLand: True); текущее поведение Hold
02:07:21      GoToSettlement → Ревиль = 1.803
02:07:21      GoToSettlement → Карбур = 1.013
02:07:21      GoToSettlement → Замок Устокол = 0.448
02:07:21      GoToSettlement → Корсия = 0.759
02:07:21      GoToSettlement → Жемянь = 0.598
02:07:21      GoToSettlement → Устокол = 0.461
02:07:21      GoToSettlement → Замок Флинтолг = 0.186
02:07:21      GoToSettlement → Флинтолг = 0.158
02:07:21    лучшее: PatrolAroundPoint → Карбур = 1.855
02:07:22  час: оценок 16; позиция у Ревиль ((CampaignVec2) X: 300.3447 Y: 583.3357 IsOnLand: True); текущее поведение Hold
02:07:22      GoToSettlement → Ревиль = 1.746
02:07:22      GoToSettlement → Карбур = 1.015
02:07:22      GoToSettlement → Замок Устокол = 0.449
02:07:22      GoToSettlement → Корсия = 0.761
02:07:22      GoToSettlement → Жемянь = 0.599
02:07:22      GoToSettlement → Устокол = 0.462
02:07:22      GoToSettlement → Замок Флинтолг = 0.186
02:07:22      GoToSettlement → Флинтолг = 0.158
02:07:22    лучшее: PatrolAroundPoint → Карбур = 1.800
02:07:22  час: оценок 16; позиция у Ревиль ((CampaignVec2) X: 300.3447 Y: 583.3357 IsOnLand: True); текущее поведение Hold
02:07:22      GoToSettlement → Ревиль = 1.711
02:07:22      GoToSettlement → Карбур = 1.016
02:07:22      GoToSettlement → Замок Устокол = 0.450
02:07:22      GoToSettlement → Корсия = 0.762
02:07:22      GoToSettlement → Жемянь = 0.600
02:07:22      GoToSettlement → Устокол = 0.463
02:07:22      GoToSettlement → Замок Флинтолг = 0.186
02:07:22      GoToSettlement → Флинтолг = 0.158
02:07:22    лучшее: PatrolAroundPoint → Карбур = 1.800
02:07:23  час: оценок 16; позиция у Ревиль ((CampaignVec2) X: 300.3447 Y: 583.3357 IsOnLand: True); текущее поведение Hold
02:07:23      GoToSettlement → Ревиль = 1.653
02:07:23      GoToSettlement → Карбур = 1.018
02:07:23      GoToSettlement → Замок Устокол = 0.451
02:07:23      GoToSettlement → Корсия = 0.764
02:07:23      GoToSettlement → Жемянь = 0.602
02:07:23      GoToSettlement → Устокол = 0.464
02:07:23      GoToSettlement → Замок Флинтолг = 0.186
02:07:23      GoToSettlement → Флинтолг = 0.158
02:07:23    лучшее: PatrolAroundPoint → Карбур = 1.800
02:07:24  час: оценок 16; позиция у Ревиль ((CampaignVec2) X: 300.3447 Y: 583.3357 IsOnLand: True); текущее поведение Hold
02:07:24      GoToSettlement → Ревиль = 1.618
02:07:24      GoToSettlement → Карбур = 1.019
02:07:24      GoToSettlement → Замок Устокол = 0.451
02:07:24      GoToSettlement → Корсия = 0.765
02:07:24      GoToSettlement → Жемянь = 0.602
02:07:24      GoToSettlement → Устокол = 0.465
02:07:24      GoToSettlement → Замок Флинтолг = 0.186
02:07:24      GoToSettlement → Флинтолг = 0.158
02:07:24    лучшее: PatrolAroundPoint → Устокол = 1.798
02:07:25  час: оценок 16; позиция у Ревиль ((CampaignVec2) X: 300.3447 Y: 583.3357 IsOnLand: True); текущее поведение Hold
02:07:25      GoToSettlement → Ревиль = 1.572
02:07:25      GoToSettlement → Карбур = 1.021
02:07:25      GoToSettlement → Замок Устокол = 0.452
02:07:25      GoToSettlement → Корсия = 0.766
02:07:25      GoToSettlement → Жемянь = 0.604
02:07:25      GoToSettlement → Устокол = 0.415
02:07:25      GoToSettlement → Замок Флинтолг = 0.186
02:07:25      GoToSettlement → Флинтолг = 0.158
02:07:25    лучшее: PatrolAroundPoint → Устокол = 1.798
02:07:26  час: оценок 16; позиция у Ревиль ((CampaignVec2) X: 300.3447 Y: 583.3357 IsOnLand: True); текущее поведение Hold
02:07:26      GoToSettlement → Ревиль = 1.526
02:07:26      GoToSettlement → Карбур = 1.023
02:07:26      GoToSettlement → Замок Устокол = 0.453
02:07:26      GoToSettlement → Корсия = 0.768
02:07:26      GoToSettlement → Жемянь = 0.605
02:07:26      GoToSettlement → Устокол = 0.416
02:07:26      GoToSettlement → Замок Флинтолг = 0.186
02:07:26      GoToSettlement → Флинтолг = 0.158
02:07:26    лучшее: PatrolAroundPoint → Устокол = 1.798
02:07:27  час: оценок 16; позиция у Ревиль ((CampaignVec2) X: 300.3447 Y: 583.3357 IsOnLand: True); текущее поведение Hold
02:07:27      GoToSettlement → Ревиль = 1.468
02:07:27      GoToSettlement → Карбур = 1.025
02:07:27      GoToSettlement → Замок Устокол = 0.454
02:07:27      GoToSettlement → Корсия = 0.770
02:07:27      GoToSettlement → Жемянь = 0.606
02:07:27      GoToSettlement → Устокол = 0.417
02:07:27      GoToSettlement → Замок Флинтолг = 0.186
02:07:27      GoToSettlement → Флинтолг = 0.158
02:07:27    лучшее: PatrolAroundPoint → Устокол = 1.798
02:07:27  час: оценок 16; позиция у Ревиль ((CampaignVec2) X: 300.3447 Y: 583.3357 IsOnLand: True); текущее поведение Hold
02:07:27      GoToSettlement → Ревиль = 1.433
02:07:27      GoToSettlement → Карбур = 1.026
02:07:27      GoToSettlement → Замок Устокол = 0.455
02:07:27      GoToSettlement → Корсия = 0.771
02:07:27      GoToSettlement → Жемянь = 0.607
02:07:27      GoToSettlement → Устокол = 0.418
02:07:27      GoToSettlement → Замок Флинтолг = 0.186
02:07:27      GoToSettlement → Флинтолг = 0.158
02:07:27    лучшее: PatrolAroundPoint → Устокол = 1.798
02:07:29  час: оценок 16; позиция у Ревиль ((CampaignVec2) X: 300.3447 Y: 583.3357 IsOnLand: True); текущее поведение Hold
02:07:29      GoToSettlement → Ревиль = 1.387
02:07:29      GoToSettlement → Карбур = 1.028
02:07:29      GoToSettlement → Замок Устокол = 0.456
02:07:29      GoToSettlement → Корсия = 0.772
02:07:29      GoToSettlement → Жемянь = 0.608
02:07:29      GoToSettlement → Устокол = 0.419
02:07:29      GoToSettlement → Замок Флинтолг = 0.186
02:07:29      GoToSettlement → Флинтолг = 0.158
02:07:29    лучшее: PatrolAroundPoint → Устокол = 1.798
02:07:29  час: оценок 16; позиция у Ревиль ((CampaignVec2) X: 300.3447 Y: 583.3357 IsOnLand: True); текущее поведение Hold
02:07:29      GoToSettlement → Ревиль = 1.838
02:07:29      GoToSettlement → Карбур = 1.029
02:07:29      GoToSettlement → Замок Устокол = 0.456
02:07:29      GoToSettlement → Корсия = 0.773
02:07:29      GoToSettlement → Жемянь = 0.609
02:07:29      GoToSettlement → Устокол = 0.419
02:07:29      GoToSettlement → Замок Флинтолг = 0.186
02:07:29      GoToSettlement → Флинтолг = 0.158
02:07:29    лучшее: GoToSettlement → Ревиль = 1.838
02:07:30  час: оценок 16; позиция у Ревиль ((CampaignVec2) X: 300.3447 Y: 583.3357 IsOnLand: True); текущее поведение Hold
02:07:30      GoToSettlement → Ревиль = 1.542
02:07:30      GoToSettlement → Карбур = 1.031
02:07:30      GoToSettlement → Замок Устокол = 0.457
02:07:30      GoToSettlement → Корсия = 0.775
02:07:30      GoToSettlement → Жемянь = 0.611
02:07:30      GoToSettlement → Устокол = 0.471
02:07:30      GoToSettlement → Замок Флинтолг = 0.186
02:07:30      GoToSettlement → Флинтолг = 0.158
02:07:30    лучшее: PatrolAroundPoint → Устокол = 1.798
02:07:31  час: оценок 16; позиция у Ревиль ((CampaignVec2) X: 300.3447 Y: 583.3357 IsOnLand: True); текущее поведение Hold
02:07:31      GoToSettlement → Ревиль = 1.114
02:07:31      GoToSettlement → Карбур = 1.033
02:07:31      GoToSettlement → Замок Устокол = 0.458
02:07:31      GoToSettlement → Корсия = 0.776
02:07:31      GoToSettlement → Жемянь = 0.612
02:07:31      GoToSettlement → Устокол = 0.472
02:07:31      GoToSettlement → Замок Флинтолг = 0.186
02:07:31      GoToSettlement → Флинтолг = 0.158
02:07:31    лучшее: PatrolAroundPoint → Устокол = 1.798
02:07:32  час: оценок 16; позиция у Ревиль ((CampaignVec2) X: 300.3447 Y: 583.3357 IsOnLand: True); текущее поведение Hold
02:07:32      GoToSettlement → Ревиль = 1.292
02:07:32      GoToSettlement → Карбур = 1.034
02:07:32      GoToSettlement → Замок Устокол = 0.459
02:07:32      GoToSettlement → Корсия = 0.777
02:07:32      GoToSettlement → Жемянь = 0.613
02:07:32      GoToSettlement → Устокол = 0.473
02:07:32      GoToSettlement → Замок Флинтолг = 0.186
02:07:32      GoToSettlement → Флинтолг = 0.158
02:07:32    лучшее: PatrolAroundPoint → Устокол = 1.798
02:07:33  час: оценок 16; позиция у Ревиль ((CampaignVec2) X: 300.3447 Y: 583.3357 IsOnLand: True); текущее поведение Hold
02:07:33      GoToSettlement → Ревиль = 1.230
02:07:33      GoToSettlement → Карбур = 1.037
02:07:33      GoToSettlement → Замок Устокол = 0.460
02:07:33      GoToSettlement → Корсия = 0.779
02:07:33      GoToSettlement → Жемянь = 0.614
02:07:33      GoToSettlement → Устокол = 0.474
02:07:33      GoToSettlement → Замок Флинтолг = 0.186
02:07:33      GoToSettlement → Флинтолг = 0.158
02:07:33    лучшее: PatrolAroundPoint → Устокол = 1.798
02:07:34  час: оценок 16; позиция у Ревиль ((CampaignVec2) X: 300.3447 Y: 583.3357 IsOnLand: True); текущее поведение Hold
02:07:34      GoToSettlement → Ревиль = 1.192
02:07:34      GoToSettlement → Карбур = 1.038
02:07:34      GoToSettlement → Замок Устокол = 0.461
02:07:34      GoToSettlement → Корсия = 0.780
02:07:34      GoToSettlement → Жемянь = 0.615
02:07:34      GoToSettlement → Устокол = 0.475
02:07:34      GoToSettlement → Замок Флинтолг = 0.186
02:07:34      GoToSettlement → Флинтолг = 0.158
02:07:34    лучшее: PatrolAroundPoint → Устокол = 1.798
02:07:34  час: оценок 16; позиция у Ревиль ((CampaignVec2) X: 300.3447 Y: 583.3357 IsOnLand: True); текущее поведение Hold
02:07:34      GoToSettlement → Ревиль = 1.275
02:07:34      GoToSettlement → Карбур = 1.039
02:07:34      GoToSettlement → Замок Устокол = 0.462
02:07:34      GoToSettlement → Корсия = 0.782
02:07:34      GoToSettlement → Жемянь = 0.616
02:07:34      GoToSettlement → Устокол = 0.476
02:07:34      GoToSettlement → Замок Флинтолг = 0.186
02:07:34      GoToSettlement → Флинтолг = 0.158
02:07:34    лучшее: PatrolAroundPoint → Устокол = 1.798
02:07:35  час: оценок 16; позиция у Ревиль ((CampaignVec2) X: 300.3447 Y: 583.3357 IsOnLand: True); текущее поведение Hold
02:07:35      GoToSettlement → Ревиль = 1.279
02:07:35      GoToSettlement → Карбур = 1.042
02:07:35      GoToSettlement → Замок Устокол = 0.463
02:07:35      GoToSettlement → Корсия = 0.783
02:07:35      GoToSettlement → Жемянь = 0.618
02:07:35      GoToSettlement → Устокол = 0.477
02:07:35      GoToSettlement → Замок Флинтолг = 0.186
02:07:35      GoToSettlement → Флинтолг = 0.158
02:07:35    лучшее: PatrolAroundPoint → Устокол = 1.798
02:07:36  час: оценок 16; позиция у Ревиль ((CampaignVec2) X: 300.3447 Y: 583.3357 IsOnLand: True); текущее поведение Hold
02:07:36      GoToSettlement → Ревиль = 1.283
02:07:36      GoToSettlement → Карбур = 1.043
02:07:36      GoToSettlement → Замок Устокол = 0.464
02:07:36      GoToSettlement → Корсия = 0.785
02:07:36      GoToSettlement → Жемянь = 0.619
02:07:36      GoToSettlement → Устокол = 0.464
02:07:36      GoToSettlement → Замок Флинтолг = 0.186
02:07:36      GoToSettlement → Флинтолг = 0.158
02:07:36    лучшее: PatrolAroundPoint → Устокол = 1.798
02:07:37  час: оценок 16; позиция у Ревиль ((CampaignVec2) X: 300.3447 Y: 583.3357 IsOnLand: True); текущее поведение Hold
02:07:37      GoToSettlement → Ревиль = 1.285
02:07:37      GoToSettlement → Карбур = 1.045
02:07:37      GoToSettlement → Замок Устокол = 0.464
02:07:37      GoToSettlement → Корсия = 0.786
02:07:37      GoToSettlement → Жемянь = 0.620
02:07:37      GoToSettlement → Устокол = 0.465
02:07:37      GoToSettlement → Замок Флинтолг = 0.186
02:07:37      GoToSettlement → Флинтолг = 0.158
02:07:37    лучшее: PatrolAroundPoint → Устокол = 1.798
02:07:38  час: оценок 16; позиция у Ревиль ((CampaignVec2) X: 300.3447 Y: 583.3357 IsOnLand: True); текущее поведение Hold
02:07:38      GoToSettlement → Ревиль = 1.288
02:07:38      GoToSettlement → Карбур = 1.046
02:07:38      GoToSettlement → Замок Устокол = 0.465
02:07:38      GoToSettlement → Корсия = 0.787
02:07:38      GoToSettlement → Жемянь = 0.621
02:07:38      GoToSettlement → Устокол = 0.466
02:07:38      GoToSettlement → Замок Флинтолг = 0.186
02:07:38      GoToSettlement → Флинтолг = 0.158
02:07:38    лучшее: PatrolAroundPoint → Устокол = 1.798
02:07:39  час: оценок 16; позиция у Ревиль ((CampaignVec2) X: 300.3447 Y: 583.3357 IsOnLand: True); текущее поведение Hold
02:07:39      GoToSettlement → Ревиль = 1.292
02:07:39      GoToSettlement → Карбур = 1.048
02:07:39      GoToSettlement → Замок Устокол = 0.466
02:07:39      GoToSettlement → Корсия = 0.789
02:07:39      GoToSettlement → Жемянь = 0.622
02:07:39      GoToSettlement → Устокол = 0.467
02:07:39      GoToSettlement → Замок Флинтолг = 0.186
02:07:39      GoToSettlement → Флинтолг = 0.158
02:07:39    лучшее: PatrolAroundPoint → Устокол = 1.798
02:07:39  час: оценок 16; позиция у Ревиль ((CampaignVec2) X: 300.3447 Y: 583.3357 IsOnLand: True); текущее поведение Hold
02:07:39      GoToSettlement → Ревиль = 1.296
02:07:39      GoToSettlement → Карбур = 1.050
02:07:39      GoToSettlement → Замок Устокол = 0.467
02:07:39      GoToSettlement → Корсия = 0.790
02:07:39      GoToSettlement → Жемянь = 0.642
02:07:39      GoToSettlement → Устокол = 0.468
02:07:39      GoToSettlement → Замок Флинтолг = 0.186
02:07:39      GoToSettlement → Флинтолг = 0.158
02:07:39    лучшее: PatrolAroundPoint → Устокол = 1.798
02:07:40  час: оценок 16; позиция у Ревиль ((CampaignVec2) X: 300.3447 Y: 583.3357 IsOnLand: True); текущее поведение Hold
02:07:40      GoToSettlement → Ревиль = 1.298
02:07:40      GoToSettlement → Карбур = 1.051
02:07:40      GoToSettlement → Замок Устокол = 0.468
02:07:40      GoToSettlement → Корсия = 0.791
02:07:40      GoToSettlement → Жемянь = 0.643
02:07:40      GoToSettlement → Устокол = 0.469
02:07:40      GoToSettlement → Замок Флинтолг = 0.186
02:07:40      GoToSettlement → Флинтолг = 0.158
02:07:40    лучшее: PatrolAroundPoint → Устокол = 1.798
02:07:41  час: оценок 16; позиция у Ревиль ((CampaignVec2) X: 300.3447 Y: 583.3357 IsOnLand: True); текущее поведение Hold
02:07:41      GoToSettlement → Ревиль = 1.302
02:07:41      GoToSettlement → Карбур = 1.053
02:07:41      GoToSettlement → Замок Устокол = 0.469
02:07:41      GoToSettlement → Корсия = 0.793
02:07:41      GoToSettlement → Жемянь = 0.644
02:07:41      GoToSettlement → Устокол = 0.470
02:07:41      GoToSettlement → Замок Флинтолг = 0.186
02:07:41      GoToSettlement → Флинтолг = 0.158
02:07:41    лучшее: PatrolAroundPoint → Устокол = 1.798
02:07:42  час: оценок 16; позиция у Ревиль ((CampaignVec2) X: 300.3447 Y: 583.3357 IsOnLand: True); текущее поведение Hold
02:07:42      GoToSettlement → Ревиль = 1.305
02:07:42      GoToSettlement → Карбур = 1.055
02:07:42      GoToSettlement → Замок Устокол = 0.469
02:07:42      GoToSettlement → Корсия = 0.794
02:07:42      GoToSettlement → Жемянь = 0.645
02:07:42      GoToSettlement → Устокол = 0.470
02:07:42      GoToSettlement → Замок Флинтолг = 0.186
02:07:42      GoToSettlement → Флинтолг = 0.158
02:07:42    лучшее: PatrolAroundPoint → Устокол = 1.798
02:07:43  час: оценок 16; позиция у Ревиль ((CampaignVec2) X: 300.3447 Y: 583.3357 IsOnLand: True); текущее поведение Hold
02:07:43      GoToSettlement → Ревиль = 1.308
02:07:43      GoToSettlement → Карбур = 1.056
02:07:43      GoToSettlement → Замок Устокол = 0.470
02:07:43      GoToSettlement → Корсия = 0.796
02:07:43      GoToSettlement → Жемянь = 0.646
02:07:43      GoToSettlement → Устокол = 0.471
02:07:43      GoToSettlement → Замок Флинтолг = 0.186
02:07:43      GoToSettlement → Флинтолг = 0.158
02:07:43    лучшее: PatrolAroundPoint → Устокол = 1.798
02:07:44  час: оценок 16; позиция у Ревиль ((CampaignVec2) X: 300.3447 Y: 583.3357 IsOnLand: True); текущее поведение Hold
02:07:44      GoToSettlement → Ревиль = 1.312
02:07:44      GoToSettlement → Карбур = 1.058
02:07:44      GoToSettlement → Замок Устокол = 0.471
02:07:44      GoToSettlement → Корсия = 0.797
02:07:44      GoToSettlement → Жемянь = 0.648
02:07:44      GoToSettlement → Устокол = 0.472
02:07:44      GoToSettlement → Замок Флинтолг = 0.186
02:07:44      GoToSettlement → Флинтолг = 0.158
02:07:44    лучшее: PatrolAroundPoint → Устокол = 1.798
02:07:44  час: оценок 16; позиция у Ревиль ((CampaignVec2) X: 300.3447 Y: 583.3357 IsOnLand: True); текущее поведение Hold
02:07:44      GoToSettlement → Ревиль = 1.315
02:07:44      GoToSettlement → Карбур = 1.060
02:07:44      GoToSettlement → Замок Устокол = 0.472
02:07:44      GoToSettlement → Корсия = 0.798
02:07:44      GoToSettlement → Жемянь = 0.649
02:07:44      GoToSettlement → Устокол = 0.473
02:07:44      GoToSettlement → Замок Флинтолг = 0.186
02:07:44      GoToSettlement → Флинтолг = 0.158
02:07:44    лучшее: PatrolAroundPoint → Устокол = 1.798
02:07:45  час: оценок 16; позиция у Ревиль ((CampaignVec2) X: 300.3447 Y: 583.3357 IsOnLand: True); текущее поведение Hold
02:07:45      GoToSettlement → Ревиль = 1.318
02:07:45      GoToSettlement → Карбур = 1.061
02:07:45      GoToSettlement → Замок Устокол = 0.473
02:07:45      GoToSettlement → Корсия = 0.800
02:07:45      GoToSettlement → Жемянь = 0.650
02:07:45      GoToSettlement → Устокол = 0.474
02:07:45      GoToSettlement → Замок Флинтолг = 0.186
02:07:45      GoToSettlement → Флинтолг = 0.158
02:07:45    лучшее: PatrolAroundPoint → Устокол = 1.798
02:07:46  час: оценок 16; позиция у Ревиль ((CampaignVec2) X: 300.3447 Y: 583.3357 IsOnLand: True); текущее поведение Hold
02:07:46      GoToSettlement → Ревиль = 1.322
02:07:46      GoToSettlement → Карбур = 1.063
02:07:46      GoToSettlement → Замок Устокол = 0.474
02:07:46      GoToSettlement → Корсия = 0.801
02:07:46      GoToSettlement → Жемянь = 0.651
02:07:46      GoToSettlement → Устокол = 0.475
02:07:46      GoToSettlement → Замок Флинтолг = 0.186
02:07:46      GoToSettlement → Флинтолг = 0.158
02:07:46    лучшее: PatrolAroundPoint → Устокол = 1.798
02:07:47  час: оценок 16; позиция у Ревиль ((CampaignVec2) X: 300.3447 Y: 583.3357 IsOnLand: True); текущее поведение Hold
02:07:47      GoToSettlement → Ревиль = 1.326
02:07:47      GoToSettlement → Карбур = 1.065
02:07:47      GoToSettlement → Замок Устокол = 0.475
02:07:47      GoToSettlement → Корсия = 0.803
02:07:47      GoToSettlement → Жемянь = 0.653
02:07:47      GoToSettlement → Устокол = 0.476
02:07:47      GoToSettlement → Замок Флинтолг = 0.186
02:07:47      GoToSettlement → Флинтолг = 0.178
02:07:47    лучшее: PatrolAroundPoint → Устокол = 1.798
02:07:48  час: оценок 16; позиция у Ревиль ((CampaignVec2) X: 300.3447 Y: 583.3357 IsOnLand: True); текущее поведение Hold
02:07:48      GoToSettlement → Ревиль = 1.329
02:07:48      GoToSettlement → Карбур = 1.067
02:07:48      GoToSettlement → Замок Устокол = 0.476
02:07:48      GoToSettlement → Корсия = 0.804
02:07:48      GoToSettlement → Жемянь = 0.654
02:07:48      GoToSettlement → Устокол = 0.477
02:07:48      GoToSettlement → Замок Флинтолг = 0.186
02:07:48      GoToSettlement → Флинтолг = 0.158
02:07:48    лучшее: PatrolAroundPoint → Устокол = 1.798
02:07:49  час: оценок 16; позиция у Ревиль ((CampaignVec2) X: 300.3447 Y: 583.3357 IsOnLand: True); текущее поведение Hold
02:07:49      GoToSettlement → Ревиль = 1.331
02:07:49      GoToSettlement → Карбур = 1.068
02:07:49      GoToSettlement → Замок Устокол = 0.476
02:07:49      GoToSettlement → Корсия = 0.805
02:07:49      GoToSettlement → Жемянь = 0.655
02:07:49      GoToSettlement → Устокол = 0.478
02:07:49      GoToSettlement → Замок Флинтолг = 0.186
02:07:49      GoToSettlement → Флинтолг = 0.158
02:07:49    лучшее: PatrolAroundPoint → Устокол = 1.798
02:07:49  час: оценок 16; позиция у Ревиль ((CampaignVec2) X: 300.3447 Y: 583.3357 IsOnLand: True); текущее поведение Hold
02:07:49      GoToSettlement → Ревиль = 1.560
02:07:49      GoToSettlement → Карбур = 1.037
02:07:49      GoToSettlement → Замок Устокол = 0.477
02:07:49      GoToSettlement → Корсия = 0.807
02:07:49      GoToSettlement → Жемянь = 0.656
02:07:49      GoToSettlement → Устокол = 0.493
02:07:49      GoToSettlement → Замок Флинтолг = 0.183
02:07:49      GoToSettlement → Флинтолг = 0.148
02:07:49    лучшее: PatrolAroundPoint → Устокол = 1.798
02:07:50  час: оценок 16; позиция у Ревиль ((CampaignVec2) X: 300.3447 Y: 583.3357 IsOnLand: True); текущее поведение Hold
02:07:50      GoToSettlement → Ревиль = 1.496
02:07:50      GoToSettlement → Карбур = 1.039
02:07:50      GoToSettlement → Замок Устокол = 0.478
02:07:50      GoToSettlement → Корсия = 0.808
02:07:50      GoToSettlement → Жемянь = 0.657
02:07:50      GoToSettlement → Устокол = 0.494
02:07:50      GoToSettlement → Замок Флинтолг = 0.183
02:07:50      GoToSettlement → Флинтолг = 0.148
02:07:50    лучшее: PatrolAroundPoint → Устокол = 1.798
02:07:51  час: оценок 16; позиция у Ревиль ((CampaignVec2) X: 300.3447 Y: 583.3357 IsOnLand: True); текущее поведение Hold
02:07:51      GoToSettlement → Ревиль = 1.500
02:07:51      GoToSettlement → Карбур = 1.040
02:07:51      GoToSettlement → Замок Устокол = 0.479
02:07:51      GoToSettlement → Корсия = 0.810
02:07:51      GoToSettlement → Жемянь = 0.659
02:07:51      GoToSettlement → Устокол = 0.495
02:07:51      GoToSettlement → Замок Флинтолг = 0.183
02:07:51      GoToSettlement → Флинтолг = 0.148
02:07:51    лучшее: PatrolAroundPoint → Устокол = 1.798
02:07:52  час: оценок 16; позиция у Ревиль ((CampaignVec2) X: 300.3447 Y: 583.3357 IsOnLand: True); текущее поведение Hold
02:07:52      GoToSettlement → Ревиль = 1.607
02:07:52      GoToSettlement → Карбур = 1.042
02:07:52      GoToSettlement → Замок Устокол = 0.480
02:07:52      GoToSettlement → Корсия = 0.811
02:07:52      GoToSettlement → Жемянь = 0.660
02:07:52      GoToSettlement → Устокол = 0.496
02:07:52      GoToSettlement → Замок Флинтолг = 0.182
02:07:52      GoToSettlement → Флинтолг = 0.144
02:07:52    лучшее: PatrolAroundPoint → Устокол = 1.798
02:07:53  час: оценок 16; позиция у Ревиль ((CampaignVec2) X: 300.3447 Y: 583.3357 IsOnLand: True); текущее поведение Hold
02:07:53      GoToSettlement → Ревиль = 1.531
02:07:53      GoToSettlement → Карбур = 1.043
02:07:53      GoToSettlement → Замок Устокол = 0.481
02:07:53      GoToSettlement → Корсия = 0.812
02:07:53      GoToSettlement → Жемянь = 0.661
02:07:53      GoToSettlement → Устокол = 0.497
02:07:53      GoToSettlement → Замок Флинтолг = 0.182
02:07:53      GoToSettlement → Флинтолг = 0.154
02:07:53    лучшее: PatrolAroundPoint → Устокол = 1.798
02:07:54  час: оценок 16; позиция у Ревиль ((CampaignVec2) X: 300.3447 Y: 583.3357 IsOnLand: True); текущее поведение Hold
02:07:54      GoToSettlement → Ревиль = 1.445
02:07:54      GoToSettlement → Карбур = 1.045
02:07:54      GoToSettlement → Замок Устокол = 0.481
02:07:54      GoToSettlement → Корсия = 0.814
02:07:54      GoToSettlement → Жемянь = 0.662
02:07:54      GoToSettlement → Устокол = 0.497
02:07:54      GoToSettlement → Замок Флинтолг = 0.182
02:07:54      GoToSettlement → Флинтолг = 0.154
02:07:54    лучшее: PatrolAroundPoint → Устокол = 1.798
02:07:54  час: оценок 16; позиция у Ревиль ((CampaignVec2) X: 300.3447 Y: 583.3357 IsOnLand: True); текущее поведение Hold
02:07:54      GoToSettlement → Ревиль = 1.449
02:07:54      GoToSettlement → Карбур = 1.047
02:07:54      GoToSettlement → Замок Устокол = 0.482
02:07:54      GoToSettlement → Корсия = 0.815
02:07:54      GoToSettlement → Жемянь = 0.663
02:07:54      GoToSettlement → Устокол = 0.498
02:07:54      GoToSettlement → Замок Флинтолг = 0.182
02:07:54      GoToSettlement → Флинтолг = 0.154
02:07:54    лучшее: PatrolAroundPoint → Устокол = 1.798
02:07:55  час: оценок 16; позиция у Ревиль ((CampaignVec2) X: 300.3447 Y: 583.3357 IsOnLand: True); текущее поведение Hold
02:07:55      GoToSettlement → Ревиль = 1.453
02:07:55      GoToSettlement → Карбур = 1.048
02:07:55      GoToSettlement → Замок Устокол = 0.483
02:07:55      GoToSettlement → Корсия = 0.817
02:07:55      GoToSettlement → Жемянь = 0.665
02:07:55      GoToSettlement → Устокол = 0.499
02:07:55      GoToSettlement → Замок Флинтолг = 0.182
02:07:55      GoToSettlement → Флинтолг = 0.154
02:07:55    лучшее: PatrolAroundPoint → Устокол = 1.798
02:07:56  час: оценок 16; позиция у Ревиль ((CampaignVec2) X: 300.3447 Y: 583.3357 IsOnLand: True); текущее поведение Hold
02:07:56      GoToSettlement → Ревиль = 1.455
02:07:56      GoToSettlement → Карбур = 1.050
02:07:56      GoToSettlement → Замок Устокол = 0.484
02:07:56      GoToSettlement → Корсия = 0.818
02:07:56      GoToSettlement → Жемянь = 0.647
02:07:56      GoToSettlement → Устокол = 0.500
02:07:56      GoToSettlement → Замок Флинтолг = 0.182
02:07:56      GoToSettlement → Флинтолг = 0.154
02:07:56    лучшее: PatrolAroundPoint → Устокол = 1.798
02:07:57  час: оценок 16; позиция у Ревиль ((CampaignVec2) X: 300.3447 Y: 583.3357 IsOnLand: True); текущее поведение Hold
02:07:57      GoToSettlement → Ревиль = 1.460
02:07:57      GoToSettlement → Карбур = 1.052
02:07:57      GoToSettlement → Замок Устокол = 0.485
02:07:57      GoToSettlement → Корсия = 0.819
02:07:57      GoToSettlement → Жемянь = 0.648
02:07:57      GoToSettlement → Устокол = 0.501
02:07:57      GoToSettlement → Замок Флинтолг = 0.182
02:07:57      GoToSettlement → Флинтолг = 0.154
02:07:57    лучшее: PatrolAroundPoint → Устокол = 1.798
02:07:58  час: оценок 16; позиция у Ревиль ((CampaignVec2) X: 300.3447 Y: 583.3357 IsOnLand: True); текущее поведение Hold
02:07:58      GoToSettlement → Ревиль = 1.462
02:07:58      GoToSettlement → Карбур = 1.053
02:07:58      GoToSettlement → Замок Устокол = 0.486
02:07:58      GoToSettlement → Корсия = 0.820
02:07:58      GoToSettlement → Жемянь = 0.649
02:07:58      GoToSettlement → Устокол = 0.448
02:07:58      GoToSettlement → Замок Флинтолг = 0.182
02:07:58      GoToSettlement → Флинтолг = 0.154
02:07:58    лучшее: PatrolAroundPoint → Устокол = 1.798
02:07:59  час: оценок 16; позиция у Ревиль ((CampaignVec2) X: 300.3447 Y: 583.3357 IsOnLand: True); текущее поведение Hold
02:07:59      GoToSettlement → Ревиль = 1.467
02:07:59      GoToSettlement → Карбур = 1.055
02:07:59      GoToSettlement → Замок Устокол = 0.487
02:07:59      GoToSettlement → Корсия = 0.822
02:07:59      GoToSettlement → Жемянь = 0.650
02:07:59      GoToSettlement → Устокол = 0.449
02:07:59      GoToSettlement → Замок Флинтолг = 0.182
02:07:59      GoToSettlement → Флинтолг = 0.154
02:07:59    лучшее: PatrolAroundPoint → Устокол = 1.798
02:07:59  час: оценок 16; позиция у Ревиль ((CampaignVec2) X: 300.3447 Y: 583.3357 IsOnLand: True); текущее поведение Hold
02:07:59      GoToSettlement → Ревиль = 1.469
02:07:59      GoToSettlement → Карбур = 1.056
02:07:59      GoToSettlement → Замок Устокол = 0.487
02:07:59      GoToSettlement → Корсия = 0.823
02:07:59      GoToSettlement → Жемянь = 0.670
02:07:59      GoToSettlement → Устокол = 0.449
02:07:59      GoToSettlement → Замок Флинтолг = 0.182
02:07:59      GoToSettlement → Флинтолг = 0.173
02:07:59    лучшее: PatrolAroundPoint → Устокол = 1.798
02:08:00  час: оценок 16; позиция у Ревиль ((CampaignVec2) X: 300.3447 Y: 583.3357 IsOnLand: True); текущее поведение Hold
02:08:00      GoToSettlement → Ревиль = 1.473
02:08:00      GoToSettlement → Карбур = 1.058
02:08:00      GoToSettlement → Замок Устокол = 0.488
02:08:00      GoToSettlement → Корсия = 0.825
02:08:00      GoToSettlement → Жемянь = 0.672
02:08:00      GoToSettlement → Устокол = 0.450
02:08:00      GoToSettlement → Замок Флинтолг = 0.182
02:08:00      GoToSettlement → Флинтолг = 0.173
02:08:00    лучшее: PatrolAroundPoint → Устокол = 1.798
02:08:01  час: оценок 16; позиция у Ревиль ((CampaignVec2) X: 300.3447 Y: 583.3357 IsOnLand: True); текущее поведение Hold
02:08:01      GoToSettlement → Ревиль = 1.476
02:08:01      GoToSettlement → Карбур = 1.059
02:08:01      GoToSettlement → Замок Устокол = 0.489
02:08:01      GoToSettlement → Корсия = 0.826
02:08:01      GoToSettlement → Жемянь = 0.673
02:08:01      GoToSettlement → Устокол = 0.451
02:08:01      GoToSettlement → Замок Флинтолг = 0.182
02:08:01      GoToSettlement → Флинтолг = 0.173
02:08:01    лучшее: PatrolAroundPoint → Устокол = 1.798
02:08:02  час: оценок 16; позиция у Ревиль ((CampaignVec2) X: 300.3447 Y: 583.3357 IsOnLand: True); текущее поведение Hold
02:08:02      GoToSettlement → Ревиль = 1.481
02:08:02      GoToSettlement → Карбур = 1.061
02:08:02      GoToSettlement → Замок Устокол = 0.490
02:08:02      GoToSettlement → Корсия = 0.828
02:08:02      GoToSettlement → Жемянь = 0.674
02:08:02      GoToSettlement → Устокол = 0.452
02:08:02      GoToSettlement → Замок Флинтолг = 0.182
02:08:02      GoToSettlement → Флинтолг = 0.173
02:08:02    лучшее: PatrolAroundPoint → Устокол = 1.798
02:08:03  час: оценок 16; позиция у Ревиль ((CampaignVec2) X: 300.3447 Y: 583.3357 IsOnLand: True); текущее поведение Hold
02:08:03      GoToSettlement → Ревиль = 1.483
02:08:03      GoToSettlement → Карбур = 1.063
02:08:03      GoToSettlement → Замок Устокол = 0.491
02:08:03      GoToSettlement → Корсия = 0.829
02:08:03      GoToSettlement → Жемянь = 0.675
02:08:03      GoToSettlement → Устокол = 0.453
02:08:03      GoToSettlement → Замок Флинтолг = 0.182
02:08:03      GoToSettlement → Флинтолг = 0.173
02:08:03    лучшее: PatrolAroundPoint → Устокол = 1.798
02:08:04  час: оценок 16; позиция у Ревиль ((CampaignVec2) X: 300.3447 Y: 583.3357 IsOnLand: True); текущее поведение Hold
02:08:04      GoToSettlement → Ревиль = 1.487
02:08:04      GoToSettlement → Карбур = 1.064
02:08:04      GoToSettlement → Замок Устокол = 0.492
02:08:04      GoToSettlement → Корсия = 0.830
02:08:04      GoToSettlement → Жемянь = 0.676
02:08:04      GoToSettlement → Устокол = 0.454
02:08:04      GoToSettlement → Замок Флинтолг = 0.182
02:08:04      GoToSettlement → Флинтолг = 0.173
02:08:04    лучшее: PatrolAroundPoint → Устокол = 1.798
02:08:04  час: оценок 16; позиция у Ревиль ((CampaignVec2) X: 300.3447 Y: 583.3357 IsOnLand: True); текущее поведение Hold
02:08:04      GoToSettlement → Ревиль = 1.491
02:08:04      GoToSettlement → Карбур = 1.066
02:08:04      GoToSettlement → Замок Устокол = 0.493
02:08:04      GoToSettlement → Корсия = 0.832
02:08:04      GoToSettlement → Жемянь = 0.678
02:08:04      GoToSettlement → Устокол = 0.510
02:08:04      GoToSettlement → Замок Флинтолг = 0.182
02:08:04      GoToSettlement → Флинтолг = 0.173
02:08:04    лучшее: PatrolAroundPoint → Устокол = 1.798
02:08:05  час: оценок 16; позиция у Ревиль ((CampaignVec2) X: 300.3447 Y: 583.3357 IsOnLand: True); текущее поведение Hold
02:08:05      GoToSettlement → Ревиль = 1.494
02:08:05      GoToSettlement → Карбур = 1.067
02:08:05      GoToSettlement → Замок Устокол = 0.493
02:08:05      GoToSettlement → Корсия = 0.833
02:08:05      GoToSettlement → Жемянь = 0.679
02:08:05      GoToSettlement → Устокол = 0.510
02:08:05      GoToSettlement → Замок Флинтолг = 0.182
02:08:05      GoToSettlement → Флинтолг = 0.173
02:08:05    лучшее: PatrolAroundPoint → Устокол = 1.798
02:08:06  час: оценок 16; позиция у Ревиль ((CampaignVec2) X: 300.3447 Y: 583.3357 IsOnLand: True); текущее поведение Hold
02:08:06      GoToSettlement → Ревиль = 1.498
02:08:06      GoToSettlement → Карбур = 1.069
02:08:06      GoToSettlement → Замок Устокол = 0.494
02:08:06      GoToSettlement → Корсия = 0.834
02:08:06      GoToSettlement → Жемянь = 0.680
02:08:06      GoToSettlement → Устокол = 0.511
02:08:06      GoToSettlement → Замок Флинтолг = 0.182
02:08:06      GoToSettlement → Флинтолг = 0.173
02:08:06    лучшее: PatrolAroundPoint → Устокол = 1.798
02:08:07  час: оценок 16; позиция у Ревиль ((CampaignVec2) X: 300.3447 Y: 583.3357 IsOnLand: True); текущее поведение Hold
02:08:07      GoToSettlement → Ревиль = 1.501
02:08:07      GoToSettlement → Карбур = 1.071
02:08:07      GoToSettlement → Замок Устокол = 0.495
02:08:07      GoToSettlement → Корсия = 0.836
02:08:07      GoToSettlement → Жемянь = 0.681
02:08:07      GoToSettlement → Устокол = 0.512
02:08:07      GoToSettlement → Замок Флинтолг = 0.182
02:08:07      GoToSettlement → Флинтолг = 0.173
02:08:07    лучшее: PatrolAroundPoint → Устокол = 1.808
02:08:08  час: оценок 16; позиция у Ревиль ((CampaignVec2) X: 300.3447 Y: 583.3357 IsOnLand: True); текущее поведение Hold
02:08:08      GoToSettlement → Ревиль = 1.343
02:08:08      GoToSettlement → Карбур = 1.073
02:08:08      GoToSettlement → Замок Устокол = 0.496
02:08:08      GoToSettlement → Корсия = 0.837
02:08:08      GoToSettlement → Жемянь = 0.683
02:08:08      GoToSettlement → Устокол = 0.513
02:08:08      GoToSettlement → Замок Флинтолг = 0.182
02:08:08      GoToSettlement → Флинтолг = 0.173
02:08:08    лучшее: PatrolAroundPoint → Устокол = 1.808
02:08:09  час: оценок 16; позиция у Ревиль ((CampaignVec2) X: 300.3447 Y: 583.3357 IsOnLand: True); текущее поведение Hold
02:08:09      GoToSettlement → Ревиль = 1.346
02:08:09      GoToSettlement → Карбур = 1.074
02:08:09      GoToSettlement → Замок Устокол = 0.497
02:08:09      GoToSettlement → Корсия = 0.839
02:08:09      GoToSettlement → Жемянь = 0.684
02:08:09      GoToSettlement → Устокол = 0.514
02:08:09      GoToSettlement → Замок Флинтолг = 0.182
02:08:09      GoToSettlement → Флинтолг = 0.173
02:08:09    лучшее: PatrolAroundPoint → Жемянь = 1.919
02:08:09  час: оценок 16; позиция у Ревиль ((CampaignVec2) X: 300.3447 Y: 583.3357 IsOnLand: True); текущее поведение Hold
02:08:09      GoToSettlement → Ревиль = 1.750
02:08:09      GoToSettlement → Карбур = 1.110
02:08:09      GoToSettlement → Замок Устокол = 0.498
02:08:09      GoToSettlement → Корсия = 0.840
02:08:09      GoToSettlement → Жемянь = 0.685
02:08:09      GoToSettlement → Устокол = 0.515
02:08:09      GoToSettlement → Замок Флинтолг = 0.182
02:08:09      GoToSettlement → Флинтолг = 0.173
02:08:09    лучшее: PatrolAroundPoint → Жемянь = 1.919
02:08:10  час: оценок 16; позиция у Ревиль ((CampaignVec2) X: 300.3447 Y: 583.3357 IsOnLand: True); текущее поведение Hold
02:08:10      GoToSettlement → Ревиль = 1.579
02:08:10      GoToSettlement → Карбур = 1.112
02:08:10      GoToSettlement → Замок Устокол = 0.499
02:08:10      GoToSettlement → Корсия = 0.842
02:08:10      GoToSettlement → Жемянь = 0.686
02:08:10      GoToSettlement → Устокол = 0.516
02:08:10      GoToSettlement → Замок Флинтолг = 0.182
02:08:10      GoToSettlement → Флинтолг = 0.173
02:08:10    лучшее: PatrolAroundPoint → Жемянь = 1.919
02:08:11  час: оценок 16; позиция у Ревиль ((CampaignVec2) X: 300.3447 Y: 583.3357 IsOnLand: True); текущее поведение Hold
02:08:11      GoToSettlement → Ревиль = 1.582
02:08:11      GoToSettlement → Карбур = 1.113
02:08:11      GoToSettlement → Замок Устокол = 0.499
02:08:11      GoToSettlement → Корсия = 0.843
02:08:11      GoToSettlement → Жемянь = 0.687
02:08:11      GoToSettlement → Устокол = 0.517
02:08:11      GoToSettlement → Замок Флинтолг = 0.182
02:08:11      GoToSettlement → Флинтолг = 0.173
02:08:11    лучшее: PatrolAroundPoint → Жемянь = 1.919
02:08:12  час: оценок 16; позиция у Ревиль ((CampaignVec2) X: 300.3447 Y: 583.3357 IsOnLand: True); текущее поведение Hold
02:08:12      GoToSettlement → Ревиль = 1.686
02:08:12      GoToSettlement → Карбур = 1.115
02:08:12      GoToSettlement → Замок Устокол = 0.500
02:08:12      GoToSettlement → Корсия = 0.844
02:08:12      GoToSettlement → Жемянь = 0.689
02:08:12      GoToSettlement → Устокол = 0.518
02:08:12      GoToSettlement → Замок Флинтолг = 0.181
02:08:12      GoToSettlement → Флинтолг = 0.173
02:08:12    лучшее: PatrolAroundPoint → Устокол = 1.825
02:08:13  час: оценок 16; позиция у Ревиль ((CampaignVec2) X: 300.3447 Y: 583.3357 IsOnLand: True); текущее поведение Hold
02:08:13      GoToSettlement → Ревиль = 1.812
02:08:13      GoToSettlement → Карбур = 1.117
02:08:13      GoToSettlement → Замок Устокол = 0.501
02:08:13      GoToSettlement → Корсия = 0.845
02:08:13      GoToSettlement → Жемянь = 0.615
02:08:13      GoToSettlement → Устокол = 0.519
02:08:13      GoToSettlement → Замок Флинтолг = 0.181
02:08:13      GoToSettlement → Флинтолг = 0.173
02:08:13    лучшее: PatrolAroundPoint → Устокол = 1.821
02:08:14  час: оценок 16; позиция у Ревиль ((CampaignVec2) X: 300.3447 Y: 583.3357 IsOnLand: True); текущее поведение Hold
02:08:14      GoToSettlement → Ревиль = 1.817
02:08:14      GoToSettlement → Карбур = 1.118
02:08:14      GoToSettlement → Замок Устокол = 0.502
02:08:14      GoToSettlement → Корсия = 0.847
02:08:14      GoToSettlement → Жемянь = 0.616
02:08:14      GoToSettlement → Устокол = 0.520
02:08:14      GoToSettlement → Замок Флинтолг = 0.181
02:08:14      GoToSettlement → Флинтолг = 0.178
02:08:14    лучшее: PatrolAroundPoint → Устокол = 1.821
02:08:14  час: оценок 16; позиция у Ревиль ((CampaignVec2) X: 300.3447 Y: 583.3357 IsOnLand: True); текущее поведение Hold
02:08:14      GoToSettlement → Ревиль = 1.822
02:08:14      GoToSettlement → Карбур = 1.120
02:08:14      GoToSettlement → Замок Устокол = 0.503
02:08:14      GoToSettlement → Корсия = 0.848
02:08:14      GoToSettlement → Жемянь = 0.617
02:08:14      GoToSettlement → Устокол = 0.521
02:08:14      GoToSettlement → Замок Флинтолг = 0.181
02:08:14      GoToSettlement → Флинтолг = 0.178
02:08:14    лучшее: GoToSettlement → Ревиль = 1.822
02:08:15  час: оценок 16; позиция у Ревиль ((CampaignVec2) X: 300.3447 Y: 583.3357 IsOnLand: True); текущее поведение Hold
02:08:15      GoToSettlement → Ревиль = 1.735
02:08:15      GoToSettlement → Карбур = 1.122
02:08:15      GoToSettlement → Замок Устокол = 0.504
02:08:15      GoToSettlement → Корсия = 0.850
02:08:15      GoToSettlement → Жемянь = 0.618
02:08:15      GoToSettlement → Устокол = 0.522
02:08:15      GoToSettlement → Замок Флинтолг = 0.181
02:08:15      GoToSettlement → Флинтолг = 0.178
02:08:15    лучшее: PatrolAroundPoint → Устокол = 1.821
02:08:16  час: оценок 16; позиция у Ревиль ((CampaignVec2) X: 300.3447 Y: 583.3357 IsOnLand: True); текущее поведение Hold
02:08:16      GoToSettlement → Ревиль = 1.740
02:08:16      GoToSettlement → Карбур = 1.124
02:08:16      GoToSettlement → Замок Устокол = 0.505
02:08:16      GoToSettlement → Корсия = 0.851
02:08:16      GoToSettlement → Жемянь = 0.602
02:08:16      GoToSettlement → Устокол = 0.523
02:08:16      GoToSettlement → Замок Флинтолг = 0.181
02:08:16      GoToSettlement → Флинтолг = 0.178
02:08:16    лучшее: PatrolAroundPoint → Карбур = 1.847
02:08:17  час: оценок 16; позиция у Ревиль ((CampaignVec2) X: 300.3447 Y: 583.3357 IsOnLand: True); текущее поведение Hold
02:08:17      GoToSettlement → Ревиль = 1.743
02:08:17      GoToSettlement → Карбур = 1.125
02:08:17      GoToSettlement → Замок Устокол = 0.505
02:08:17      GoToSettlement → Корсия = 0.852
02:08:17      GoToSettlement → Жемянь = 0.603
02:08:17      GoToSettlement → Устокол = 0.523
02:08:17      GoToSettlement → Замок Флинтолг = 0.181
02:08:17      GoToSettlement → Флинтолг = 0.178
02:08:17    лучшее: PatrolAroundPoint → Карбур = 1.847
02:08:18  час: оценок 16; позиция у Ревиль ((CampaignVec2) X: 300.3447 Y: 583.3357 IsOnLand: True); текущее поведение Hold
02:08:18      GoToSettlement → Ревиль = 1.748
02:08:18      GoToSettlement → Карбур = 1.127
02:08:18      GoToSettlement → Замок Устокол = 0.507
02:08:18      GoToSettlement → Корсия = 0.854
02:08:18      GoToSettlement → Жемянь = 0.604
02:08:18      GoToSettlement → Устокол = 0.525
02:08:18      GoToSettlement → Замок Флинтолг = 0.181
02:08:18      GoToSettlement → Флинтолг = 0.178
02:08:18    лучшее: PatrolAroundPoint → Карбур = 1.847
02:08:19  час: оценок 16; позиция у Ревиль ((CampaignVec2) X: 300.3447 Y: 583.3357 IsOnLand: True); текущее поведение Hold
02:08:19      GoToSettlement → Ревиль = 1.750
02:08:19      GoToSettlement → Карбур = 1.128
02:08:19      GoToSettlement → Замок Устокол = 0.507
02:08:19      GoToSettlement → Корсия = 0.855
02:08:19      GoToSettlement → Жемянь = 0.605
02:08:19      GoToSettlement → Устокол = 0.525
02:08:19      GoToSettlement → Замок Флинтолг = 0.181
02:08:19      GoToSettlement → Флинтолг = 0.178
02:08:19    лучшее: PatrolAroundPoint → Карбур = 1.847
02:08:19  час: оценок 16; позиция у Ревиль ((CampaignVec2) X: 300.3447 Y: 583.3357 IsOnLand: True); текущее поведение Hold
02:08:19      GoToSettlement → Ревиль = 1.566
02:08:19      GoToSettlement → Карбур = 1.130
02:08:19      GoToSettlement → Замок Устокол = 0.508
02:08:19      GoToSettlement → Корсия = 0.857
02:08:19      GoToSettlement → Жемянь = 0.624
02:08:19      GoToSettlement → Устокол = 0.526
02:08:19      GoToSettlement → Замок Флинтолг = 0.181
02:08:19      GoToSettlement → Флинтолг = 0.178
02:08:19    лучшее: PatrolAroundPoint → Карбур = 1.856
02:08:20  час: оценок 16; позиция у Ревиль ((CampaignVec2) X: 300.3447 Y: 583.3357 IsOnLand: True); текущее поведение Hold
02:08:20      GoToSettlement → Ревиль = 1.568
02:08:20      GoToSettlement → Карбур = 1.132
02:08:20      GoToSettlement → Замок Устокол = 0.509
02:08:20      GoToSettlement → Корсия = 0.858
02:08:20      GoToSettlement → Жемянь = 0.625
02:08:20      GoToSettlement → Устокол = 0.527
02:08:20      GoToSettlement → Замок Флинтолг = 0.181
02:08:20      GoToSettlement → Флинтолг = 0.178
02:08:20    лучшее: PatrolAroundPoint → Карбур = 1.856
02:08:21  час: оценок 16; позиция у Ревиль ((CampaignVec2) X: 300.3447 Y: 583.3357 IsOnLand: True); текущее поведение Hold
02:08:21      GoToSettlement → Ревиль = 1.572
02:08:21      GoToSettlement → Карбур = 1.133
02:08:21      GoToSettlement → Замок Устокол = 0.510
02:08:21      GoToSettlement → Корсия = 0.859
02:08:21      GoToSettlement → Жемянь = 0.626
02:08:21      GoToSettlement → Устокол = 0.528
02:08:21      GoToSettlement → Замок Флинтолг = 0.181
02:08:21      GoToSettlement → Флинтолг = 0.178
02:08:21    лучшее: PatrolAroundPoint → Карбур = 1.856
02:08:22  час: оценок 16; позиция у Ревиль ((CampaignVec2) X: 300.3447 Y: 583.3357 IsOnLand: True); текущее поведение Hold
02:08:22      GoToSettlement → Ревиль = 1.576
02:08:22      GoToSettlement → Карбур = 1.135
02:08:22      GoToSettlement → Замок Устокол = 0.511
02:08:22      GoToSettlement → Корсия = 0.861
02:08:22      GoToSettlement → Жемянь = 0.627
02:08:22      GoToSettlement → Устокол = 0.529
02:08:22      GoToSettlement → Замок Флинтолг = 0.181
02:08:22      GoToSettlement → Флинтолг = 0.178
02:08:22    лучшее: PatrolAroundPoint → Карбур = 1.856
02:08:23  час: оценок 16; позиция у Ревиль ((CampaignVec2) X: 300.3447 Y: 583.3357 IsOnLand: True); текущее поведение Hold
02:08:23      GoToSettlement → Ревиль = 1.579
02:08:23      GoToSettlement → Карбур = 1.137
02:08:23      GoToSettlement → Замок Устокол = 0.511
02:08:23      GoToSettlement → Корсия = 0.862
02:08:23      GoToSettlement → Жемянь = 0.628
02:08:23      GoToSettlement → Устокол = 0.530
02:08:23      GoToSettlement → Замок Флинтолг = 0.181
02:08:23      GoToSettlement → Флинтолг = 0.178
02:08:23    лучшее: PatrolAroundPoint → Карбур = 1.865
02:08:24  час: оценок 16; позиция у Ревиль ((CampaignVec2) X: 300.3447 Y: 583.3357 IsOnLand: True); текущее поведение Hold
02:08:24      GoToSettlement → Ревиль = 1.583
02:08:24      GoToSettlement → Карбур = 1.138
02:08:24      GoToSettlement → Замок Устокол = 0.512
02:08:24      GoToSettlement → Корсия = 0.863
02:08:24      GoToSettlement → Жемянь = 0.629
02:08:24      GoToSettlement → Устокол = 0.531
02:08:24      GoToSettlement → Замок Флинтолг = 0.181
02:08:24      GoToSettlement → Флинтолг = 0.178
02:08:24    лучшее: PatrolAroundPoint → Устокол = 1.825
02:08:24  час: оценок 16; позиция у Ревиль ((CampaignVec2) X: 300.3447 Y: 583.3357 IsOnLand: True); текущее поведение Hold
02:08:24      GoToSettlement → Ревиль = 1.778
02:08:24      GoToSettlement → Карбур = 1.017
02:08:24      GoToSettlement → Замок Устокол = 0.513
02:08:24      GoToSettlement → Корсия = 0.865
02:08:24      GoToSettlement → Жемянь = 0.630
02:08:24      GoToSettlement → Устокол = 0.532
02:08:24      GoToSettlement → Замок Флинтолг = 0.181
02:08:24      GoToSettlement → Флинтолг = 0.178
02:08:24    лучшее: PatrolAroundPoint → Устокол = 1.825
02:08:25  час: оценок 16; позиция у Ревиль ((CampaignVec2) X: 300.3447 Y: 583.3357 IsOnLand: True); текущее поведение Hold
02:08:25      GoToSettlement → Ревиль = 1.782
02:08:25      GoToSettlement → Карбур = 1.018
02:08:25      GoToSettlement → Замок Устокол = 0.514
02:08:25      GoToSettlement → Корсия = 0.866
02:08:25      GoToSettlement → Жемянь = 0.631
02:08:25      GoToSettlement → Устокол = 0.533
02:08:25      GoToSettlement → Замок Флинтолг = 0.181
02:08:25      GoToSettlement → Флинтолг = 0.178
02:08:25    лучшее: PatrolAroundPoint → Устокол = 1.821
02:08:26  час: оценок 16; позиция у Ревиль ((CampaignVec2) X: 300.3447 Y: 583.3357 IsOnLand: True); текущее поведение Hold
02:08:26      GoToSettlement → Ревиль = 1.786
02:08:26      GoToSettlement → Карбур = 1.020
02:08:26      GoToSettlement → Замок Устокол = 0.515
02:08:26      GoToSettlement → Корсия = 0.868
02:08:26      GoToSettlement → Жемянь = 0.632
02:08:26      GoToSettlement → Устокол = 0.534
02:08:26      GoToSettlement → Замок Флинтолг = 0.181
02:08:26      GoToSettlement → Флинтолг = 0.178
02:08:26    лучшее: PatrolAroundPoint → Устокол = 1.821
02:08:27  час: оценок 16; позиция у Ревиль ((CampaignVec2) X: 300.3447 Y: 583.3357 IsOnLand: True); текущее поведение Hold
02:08:27      GoToSettlement → Ревиль = 1.790
02:08:27      GoToSettlement → Карбур = 1.021
02:08:27      GoToSettlement → Замок Устокол = 0.516
02:08:27      GoToSettlement → Корсия = 0.869
02:08:27      GoToSettlement → Жемянь = 0.633
02:08:27      GoToSettlement → Устокол = 0.535
02:08:27      GoToSettlement → Замок Флинтолг = 0.181
02:08:27      GoToSettlement → Флинтолг = 0.178
02:08:27    лучшее: PatrolAroundPoint → Устокол = 1.821
02:08:28  час: оценок 16; позиция у Ревиль ((CampaignVec2) X: 300.3447 Y: 583.3357 IsOnLand: True); текущее поведение Hold
02:08:28      GoToSettlement → Ревиль = 1.794
02:08:28      GoToSettlement → Карбур = 1.023
02:08:28      GoToSettlement → Замок Устокол = 0.517
02:08:28      GoToSettlement → Корсия = 0.870
02:08:28      GoToSettlement → Жемянь = 0.634
02:08:28      GoToSettlement → Устокол = 0.536
02:08:28      GoToSettlement → Замок Флинтолг = 0.181
02:08:28      GoToSettlement → Флинтолг = 0.178
02:08:28    лучшее: PatrolAroundPoint → Устокол = 1.821
02:08:29  час: оценок 16; позиция у Ревиль ((CampaignVec2) X: 300.3447 Y: 583.3357 IsOnLand: True); текущее поведение Hold
02:08:29      GoToSettlement → Ревиль = 1.798
02:08:29      GoToSettlement → Карбур = 1.024
02:08:29      GoToSettlement → Замок Устокол = 0.517
02:08:29      GoToSettlement → Корсия = 0.872
02:08:29      GoToSettlement → Жемянь = 0.635
02:08:29      GoToSettlement → Устокол = 0.537
02:08:29      GoToSettlement → Замок Флинтолг = 0.181
02:08:29      GoToSettlement → Флинтолг = 0.178
02:08:29    лучшее: PatrolAroundPoint → Устокол = 1.818
02:08:29  час: оценок 16; позиция у Ревиль ((CampaignVec2) X: 300.3447 Y: 583.3357 IsOnLand: True); текущее поведение Hold
02:08:29      GoToSettlement → Ревиль = 2.384
02:08:29      GoToSettlement → Карбур = 1.026
02:08:29      GoToSettlement → Замок Устокол = 0.518
02:08:29      GoToSettlement → Корсия = 0.873
02:08:29      GoToSettlement → Жемянь = 0.636
02:08:29      GoToSettlement → Устокол = 0.537
02:08:29      GoToSettlement → Замок Флинтолг = 0.181
02:08:29      GoToSettlement → Флинтолг = 0.178
02:08:29    лучшее: GoToSettlement → Ревиль = 2.384
02:08:30  час: оценок 16; позиция у Ревиль ((CampaignVec2) X: 300.3447 Y: 583.3357 IsOnLand: True); текущее поведение Hold
02:08:30      GoToSettlement → Ревиль = 2.332
02:08:30      GoToSettlement → Карбур = 1.027
02:08:30      GoToSettlement → Замок Устокол = 0.519
02:08:30      GoToSettlement → Корсия = 0.874
02:08:30      GoToSettlement → Жемянь = 0.637
02:08:30      GoToSettlement → Устокол = 0.538
02:08:30      GoToSettlement → Замок Флинтолг = 0.181
02:08:30      GoToSettlement → Флинтолг = 0.178
02:08:30    лучшее: GoToSettlement → Ревиль = 2.332
02:08:31  час: оценок 16; позиция у Ревиль ((CampaignVec2) X: 300.3447 Y: 583.3357 IsOnLand: True); текущее поведение Hold
02:08:31      GoToSettlement → Ревиль = 2.211
02:08:31      GoToSettlement → Карбур = 1.029
02:08:31      GoToSettlement → Замок Устокол = 0.520
02:08:31      GoToSettlement → Корсия = 0.876
02:08:31      GoToSettlement → Жемянь = 0.638
02:08:31      GoToSettlement → Устокол = 0.539
02:08:31      GoToSettlement → Замок Флинтолг = 0.181
02:08:31      GoToSettlement → Флинтолг = 0.178
02:08:31    лучшее: GoToSettlement → Ревиль = 2.211
02:08:32  час: оценок 16; позиция у Ревиль ((CampaignVec2) X: 300.3447 Y: 583.3357 IsOnLand: True); текущее поведение Hold
02:08:32      GoToSettlement → Ревиль = 2.269
02:08:32      GoToSettlement → Карбур = 1.030
02:08:32      GoToSettlement → Замок Устокол = 0.521
02:08:32      GoToSettlement → Корсия = 0.877
02:08:32      GoToSettlement → Жемянь = 0.640
02:08:32      GoToSettlement → Устокол = 0.540
02:08:32      GoToSettlement → Замок Флинтолг = 0.180
02:08:32      GoToSettlement → Флинтолг = 0.178
02:08:32    лучшее: GoToSettlement → Ревиль = 2.269
02:08:33  час: оценок 16; позиция у Ревиль ((CampaignVec2) X: 300.3447 Y: 583.3357 IsOnLand: True); текущее поведение Hold
02:08:33      GoToSettlement → Ревиль = 2.197
02:08:33      GoToSettlement → Карбур = 1.032
02:08:33      GoToSettlement → Замок Устокол = 0.522
02:08:33      GoToSettlement → Корсия = 0.879
02:08:33      GoToSettlement → Жемянь = 0.641
02:08:33      GoToSettlement → Устокол = 0.541
02:08:33      GoToSettlement → Замок Флинтолг = 0.180
02:08:33      GoToSettlement → Флинтолг = 0.178
02:08:33    лучшее: GoToSettlement → Ревиль = 2.197
02:08:34  час: оценок 16; позиция у Ревиль ((CampaignVec2) X: 300.3447 Y: 583.3357 IsOnLand: True); текущее поведение Hold
02:08:34      GoToSettlement → Ревиль = 2.117
02:08:34      GoToSettlement → Карбур = 1.033
02:08:34      GoToSettlement → Замок Устокол = 0.523
02:08:34      GoToSettlement → Корсия = 0.880
02:08:34      GoToSettlement → Жемянь = 0.642
02:08:34      GoToSettlement → Устокол = 0.542
02:08:34      GoToSettlement → Замок Флинтолг = 0.180
02:08:34      GoToSettlement → Флинтолг = 0.178
02:08:34    лучшее: GoToSettlement → Ревиль = 2.117
02:08:34  час: оценок 16; позиция у Ревиль ((CampaignVec2) X: 300.3447 Y: 583.3357 IsOnLand: True); текущее поведение Hold
02:08:34      GoToSettlement → Ревиль = 1.811
02:08:34      GoToSettlement → Карбур = 1.160
02:08:34      GoToSettlement → Замок Устокол = 0.523
02:08:34      GoToSettlement → Корсия = 0.881
02:08:34      GoToSettlement → Жемянь = 0.643
02:08:34      GoToSettlement → Устокол = 0.543
02:08:34      GoToSettlement → Замок Флинтолг = 0.180
02:08:34      GoToSettlement → Флинтолг = 0.178
02:08:34    лучшее: PatrolAroundPoint → Устокол = 1.812
02:08:35  час: оценок 16; позиция у Ревиль ((CampaignVec2) X: 300.3447 Y: 583.3357 IsOnLand: True); текущее поведение Hold
02:08:35      GoToSettlement → Ревиль = 1.815
02:08:35      GoToSettlement → Карбур = 1.162
02:08:35      GoToSettlement → Замок Устокол = 0.524
02:08:35      GoToSettlement → Корсия = 0.883
02:08:35      GoToSettlement → Жемянь = 0.644
02:08:35      GoToSettlement → Устокол = 0.544
02:08:35      GoToSettlement → Замок Флинтолг = 0.180
02:08:35      GoToSettlement → Флинтолг = 0.178
02:08:35    лучшее: GoToSettlement → Ревиль = 1.815
02:08:36  час: оценок 16; позиция у Ревиль ((CampaignVec2) X: 300.3447 Y: 583.3357 IsOnLand: True); текущее поведение Hold
02:08:36      GoToSettlement → Ревиль = 1.820
02:08:36      GoToSettlement → Карбур = 1.164
02:08:36      GoToSettlement → Замок Устокол = 0.525
02:08:36      GoToSettlement → Корсия = 0.885
02:08:36      GoToSettlement → Жемянь = 0.627
02:08:36      GoToSettlement → Устокол = 0.545
02:08:36      GoToSettlement → Замок Флинтолг = 0.180
02:08:36      GoToSettlement → Флинтолг = 0.158
02:08:36    лучшее: GoToSettlement → Ревиль = 1.820
02:08:37  час: оценок 16; позиция у Ревиль ((CampaignVec2) X: 300.3447 Y: 583.3357 IsOnLand: True); текущее поведение Hold
02:08:37      GoToSettlement → Ревиль = 1.824
02:08:37      GoToSettlement → Карбур = 1.166
02:08:37      GoToSettlement → Замок Устокол = 0.526
02:08:37      GoToSettlement → Корсия = 0.886
02:08:37      GoToSettlement → Жемянь = 0.628
02:08:37      GoToSettlement → Устокол = 0.546
02:08:37      GoToSettlement → Замок Флинтолг = 0.180
02:08:37      GoToSettlement → Флинтолг = 0.158
02:08:37    лучшее: GoToSettlement → Ревиль = 1.824
02:08:38  час: оценок 16; позиция у Ревиль ((CampaignVec2) X: 300.3447 Y: 583.3357 IsOnLand: True); текущее поведение Hold
02:08:38      GoToSettlement → Ревиль = 1.827
02:08:38      GoToSettlement → Карбур = 1.167
02:08:38      GoToSettlement → Замок Устокол = 0.527
02:08:38      GoToSettlement → Корсия = 0.887
02:08:38      GoToSettlement → Жемянь = 0.629
02:08:38      GoToSettlement → Устокол = 0.547
02:08:38      GoToSettlement → Замок Флинтолг = 0.180
02:08:38      GoToSettlement → Флинтолг = 0.158
02:08:38    лучшее: GoToSettlement → Ревиль = 1.827
02:08:39  час: оценок 16; позиция у Ревиль ((CampaignVec2) X: 300.3447 Y: 583.3357 IsOnLand: True); текущее поведение Hold
02:08:39      GoToSettlement → Ревиль = 1.831
02:08:39      GoToSettlement → Карбур = 1.169
02:08:39      GoToSettlement → Замок Устокол = 0.528
02:08:39      GoToSettlement → Корсия = 0.888
02:08:39      GoToSettlement → Жемянь = 0.630
02:08:39      GoToSettlement → Устокол = 0.548
02:08:39      GoToSettlement → Замок Флинтолг = 0.180
02:08:39      GoToSettlement → Флинтолг = 0.158
02:08:39    лучшее: GoToSettlement → Ревиль = 1.831
02:08:39  час: оценок 16; позиция у Ревиль ((CampaignVec2) X: 300.3447 Y: 583.3357 IsOnLand: True); текущее поведение Hold
02:08:39      GoToSettlement → Ревиль = 1.835
02:08:39      GoToSettlement → Карбур = 1.170
02:08:39      GoToSettlement → Замок Устокол = 0.529
02:08:39      GoToSettlement → Корсия = 0.890
02:08:39      GoToSettlement → Жемянь = 0.649
02:08:39      GoToSettlement → Устокол = 0.549
02:08:39      GoToSettlement → Замок Флинтолг = 0.180
02:08:39      GoToSettlement → Флинтолг = 0.158
02:08:39    лучшее: GoToSettlement → Ревиль = 1.835
02:08:40  час: оценок 16; позиция у Ревиль ((CampaignVec2) X: 300.3447 Y: 583.3357 IsOnLand: True); текущее поведение Hold
02:08:40      GoToSettlement → Ревиль = 1.747
02:08:40      GoToSettlement → Карбур = 1.172
02:08:40      GoToSettlement → Замок Устокол = 0.529
02:08:40      GoToSettlement → Корсия = 0.891
02:08:40      GoToSettlement → Жемянь = 0.650
02:08:40      GoToSettlement → Устокол = 0.550
02:08:40      GoToSettlement → Замок Флинтолг = 0.180
02:08:40      GoToSettlement → Флинтолг = 0.158
02:08:40    лучшее: PatrolAroundPoint → Жемянь = 1.811
02:08:41  час: оценок 16; позиция у Ревиль ((CampaignVec2) X: 300.3447 Y: 583.3357 IsOnLand: True); текущее поведение Hold
02:08:41      GoToSettlement → Ревиль = 1.751
02:08:41      GoToSettlement → Карбур = 1.174
02:08:41      GoToSettlement → Замок Устокол = 0.530
02:08:41      GoToSettlement → Корсия = 0.892
02:08:41      GoToSettlement → Жемянь = 0.651
02:08:41      GoToSettlement → Устокол = 0.551
02:08:41      GoToSettlement → Замок Флинтолг = 0.180
02:08:41      GoToSettlement → Флинтолг = 0.158
02:08:41    лучшее: PatrolAroundPoint → Жемянь = 1.811
02:08:42  час: оценок 16; позиция у Ревиль ((CampaignVec2) X: 300.3447 Y: 583.3357 IsOnLand: True); текущее поведение Hold
02:08:42      GoToSettlement → Ревиль = 1.755
02:08:42      GoToSettlement → Карбур = 1.175
02:08:42      GoToSettlement → Замок Устокол = 0.531
02:08:42      GoToSettlement → Корсия = 0.894
02:08:42      GoToSettlement → Жемянь = 0.652
02:08:42      GoToSettlement → Устокол = 0.551
02:08:42      GoToSettlement → Замок Флинтолг = 0.180
02:08:42      GoToSettlement → Флинтолг = 0.158
02:08:42    лучшее: PatrolAroundPoint → Жемянь = 1.811
02:08:43  час: оценок 16; позиция у Ревиль ((CampaignVec2) X: 300.3447 Y: 583.3357 IsOnLand: True); текущее поведение Hold
02:08:43      GoToSettlement → Ревиль = 1.759
02:08:43      GoToSettlement → Карбур = 1.177
02:08:43      GoToSettlement → Замок Устокол = 0.532
02:08:43      GoToSettlement → Корсия = 0.895
02:08:43      GoToSettlement → Жемянь = 0.653
02:08:43      GoToSettlement → Устокол = 0.552
02:08:43      GoToSettlement → Замок Флинтолг = 0.180
02:08:43      GoToSettlement → Флинтолг = 0.158
02:08:43    лучшее: PatrolAroundPoint → Жемянь = 1.814
02:08:44  час: оценок 16; позиция у Ревиль ((CampaignVec2) X: 300.3447 Y: 583.3357 IsOnLand: True); текущее поведение Hold
02:08:44      GoToSettlement → Ревиль = 1.660
02:08:44      GoToSettlement → Карбур = 1.179
02:08:44      GoToSettlement → Замок Устокол = 0.533
02:08:44      GoToSettlement → Корсия = 0.897
02:08:44      GoToSettlement → Жемянь = 0.655
02:08:44      GoToSettlement → Устокол = 0.554
02:08:44      GoToSettlement → Замок Флинтолг = 0.180
02:08:44      GoToSettlement → Флинтолг = 0.158
02:08:44    лучшее: PatrolAroundPoint → Жемянь = 1.814
02:08:44  час: оценок 16; позиция у Ревиль ((CampaignVec2) X: 300.3447 Y: 583.3357 IsOnLand: True); текущее поведение Hold
02:08:44      GoToSettlement → Ревиль = 1.664
02:08:44      GoToSettlement → Карбур = 1.181
02:08:44      GoToSettlement → Замок Устокол = 0.534
02:08:44      GoToSettlement → Корсия = 0.898
02:08:44      GoToSettlement → Жемянь = 0.656
02:08:44      GoToSettlement → Устокол = 0.554
02:08:44      GoToSettlement → Замок Флинтолг = 0.180
02:08:44      GoToSettlement → Флинтолг = 0.158
02:08:44    лучшее: PatrolAroundPoint → Жемянь = 1.814
02:08:45  час: оценок 16; позиция у Ревиль ((CampaignVec2) X: 300.3447 Y: 583.3357 IsOnLand: True); текущее поведение Hold
02:08:45      GoToSettlement → Ревиль = 1.667
02:08:45      GoToSettlement → Карбур = 1.182
02:08:45      GoToSettlement → Замок Устокол = 0.535
02:08:45      GoToSettlement → Корсия = 0.900
02:08:45      GoToSettlement → Жемянь = 0.657
02:08:45      GoToSettlement → Устокол = 0.555
02:08:45      GoToSettlement → Замок Флинтолг = 0.180
02:08:45      GoToSettlement → Флинтолг = 0.158
02:08:45    лучшее: PatrolAroundPoint → Жемянь = 1.817
02:08:46  час: оценок 16; позиция у Ревиль ((CampaignVec2) X: 300.3447 Y: 583.3357 IsOnLand: True); текущее поведение Hold
02:08:46      GoToSettlement → Ревиль = 1.670
02:08:46      GoToSettlement → Карбур = 1.184
02:08:46      GoToSettlement → Замок Устокол = 0.536
02:08:46      GoToSettlement → Корсия = 0.901
02:08:46      GoToSettlement → Жемянь = 0.658
02:08:46      GoToSettlement → Устокол = 0.556
02:08:46      GoToSettlement → Замок Флинтолг = 0.180
02:08:46      GoToSettlement → Флинтолг = 0.158
02:08:46    лучшее: PatrolAroundPoint → Жемянь = 1.817
02:08:47  час: оценок 16; позиция у Ревиль ((CampaignVec2) X: 300.3447 Y: 583.3357 IsOnLand: True); текущее поведение Hold
02:08:47      GoToSettlement → Ревиль = 1.674
02:08:47      GoToSettlement → Карбур = 1.185
02:08:47      GoToSettlement → Замок Устокол = 0.536
02:08:47      GoToSettlement → Корсия = 0.902
02:08:47      GoToSettlement → Жемянь = 0.659
02:08:47      GoToSettlement → Устокол = 0.557
02:08:47      GoToSettlement → Замок Флинтолг = 0.180
02:08:47      GoToSettlement → Флинтолг = 0.158
02:08:47    лучшее: PatrolAroundPoint → Жемянь = 1.817
02:08:47  повторное включение: предыдущий сеанс закрыт
02:08:47  итог сеанса: пересчётов 113; смен цели 0; повторов того же приказа 0; прибытий во время сеанса 0; подтверждённых выходов 0
02:08:47  ========================================================================
02:08:47  СЕАНС 2026-09-14 02:08:47 — включение, режим наблюдение
02:08:47  состояние до включения: IsDisabled=False; DoNotMakeNewDecisions=False; DefaultBehavior=Hold; Army=False; Settlement=нет; Encounter=False
02:08:47  ВКЛЮЧЕН, режим наблюдение; позиция у Ревиль ((CampaignVec2) X: 300.3447 Y: 583.3357 IsOnLand: True); поведение Hold
02:08:47  [UI] Автопилот включён, режим: наблюдение. Лог: C:\Users\Edward\Documents\Mount and Blade II Bannerlord\Logs\autopilot_20260914.txt
02:08:48  час: оценок 16; позиция у Ревиль ((CampaignVec2) X: 300.3447 Y: 583.3357 IsOnLand: True); текущее поведение Hold
02:08:48      GoToSettlement → Ревиль = 1.678
02:08:48      GoToSettlement → Карбур = 1.188
02:08:48      GoToSettlement → Замок Устокол = 0.537
02:08:48      GoToSettlement → Корсия = 0.904
02:08:48      GoToSettlement → Жемянь = 0.660
02:08:48      GoToSettlement → Устокол = 0.558
02:08:48      GoToSettlement → Замок Флинтолг = 0.180
02:08:48      GoToSettlement → Флинтолг = 0.158
02:08:48    лучшее: PatrolAroundPoint → Жемянь = 1.817
02:08:49  час: оценок 16; позиция у Ревиль ((CampaignVec2) X: 300.3447 Y: 583.3357 IsOnLand: True); текущее поведение Hold
02:08:49      GoToSettlement → Ревиль = 1.682
02:08:49      GoToSettlement → Карбур = 1.189
02:08:49      GoToSettlement → Замок Устокол = 0.538
02:08:49      GoToSettlement → Корсия = 0.905
02:08:49      GoToSettlement → Жемянь = 0.661
02:08:49      GoToSettlement → Устокол = 0.559
02:08:49      GoToSettlement → Замок Флинтолг = 0.180
02:08:49      GoToSettlement → Флинтолг = 0.158
02:08:49    лучшее: PatrolAroundPoint → Жемянь = 1.819
02:08:49  час: оценок 16; позиция у Ревиль ((CampaignVec2) X: 300.3447 Y: 583.3357 IsOnLand: True); текущее поведение Hold
02:08:49      GoToSettlement → Ревиль = 2.250
02:08:49      GoToSettlement → Карбур = 1.191
02:08:49      GoToSettlement → Замок Устокол = 0.539
02:08:49      GoToSettlement → Корсия = 0.907
02:08:49      GoToSettlement → Жемянь = 0.662
02:08:49      GoToSettlement → Устокол = 0.560
02:08:49      GoToSettlement → Замок Флинтолг = 0.181
02:08:49      GoToSettlement → Флинтолг = 0.158
02:08:49    лучшее: GoToSettlement → Ревиль = 2.250
02:08:50  повторное включение: предыдущий сеанс закрыт
02:08:50  итог сеанса: пересчётов 3; смен цели 0; повторов того же приказа 0; прибытий во время сеанса 0; подтверждённых выходов 0
02:08:50  ========================================================================
02:08:50  СЕАНС 2026-09-14 02:08:50 — включение, режим применение
02:08:50  состояние до включения: IsDisabled=False; DoNotMakeNewDecisions=False; DefaultBehavior=Hold; Army=False; Settlement=нет; Encounter=False
02:08:50  ВКЛЮЧЕН, режим применение; позиция у Ревиль ((CampaignVec2) X: 300.3447 Y: 583.3357 IsOnLand: True); поведение Hold
02:08:50  [UI] Автопилот включён, режим: применение. Лог: C:\Users\Edward\Documents\Mount and Blade II Bannerlord\Logs\autopilot_20260914.txt
02:08:50  час: оценок 16; позиция у Ревиль ((CampaignVec2) X: 300.3447 Y: 583.3357 IsOnLand: True); текущее поведение Hold
02:08:50      GoToSettlement → Ревиль = 2.253
02:08:50      GoToSettlement → Карбур = 1.192
02:08:50      GoToSettlement → Замок Устокол = 0.540
02:08:50      GoToSettlement → Корсия = 0.908
02:08:50      GoToSettlement → Жемянь = 0.663
02:08:50      GoToSettlement → Устокол = 0.561
02:08:50      GoToSettlement → Замок Флинтолг = 0.181
02:08:50      GoToSettlement → Флинтолг = 0.158
02:08:50    лучшее: GoToSettlement → Ревиль = 2.253
02:08:50    НОВАЯ ЦЕЛЬ #1: GoToSettlement → Ревиль (оценка 2.253)
02:08:50    после применения: поведение GoToSettlement; цель Ревиль; движется False
02:08:51  ПРИБЫЛИ в «Ревиль» (прибытие #1)
02:08:51    выход изнутри: к воротам → LeaveSettlement → Finish → Hold
02:08:51    ВЫШЛИ из «Ревиль» (подтверждённый выход #1)
02:08:51    время возобновлено (скорость 2): закрытие встречи ставит паузу
02:08:51  час: оценок 16; позиция у Ревиль ((CampaignVec2) X: 300.3447 Y: 583.3357 IsOnLand: True); текущее поведение Hold
02:08:51      GoToSettlement → Ревиль = 3.105
02:08:51      GoToSettlement → Карбур = 1.194
02:08:51      GoToSettlement → Замок Устокол = 0.541
02:08:51      GoToSettlement → Корсия = 0.909
02:08:51      GoToSettlement → Жемянь = 0.664
02:08:51      GoToSettlement → Устокол = 0.562
02:08:51      GoToSettlement → Замок Флинтолг = 0.181
02:08:51      GoToSettlement → Флинтолг = 0.158
02:08:51    лучшее: GoToSettlement → Ревиль = 3.105
02:08:51    НОВАЯ ЦЕЛЬ #2: GoToSettlement → Ревиль (оценка 3.105)
02:08:51    после применения: поведение GoToSettlement; цель Ревиль; движется False
02:08:52  ПРИБЫЛИ в «Ревиль» (прибытие #2)
02:08:52  ВЫКЛЮЧЕНИЕ: штатный AI снова завёл в «Ревиль», из которого партия только что вышла. NPC в таком случае остаётся в поселении, пока цель — это поселение; пребывание автопилот пока не поддерживает. Остановлено, чтобы не входить и выходить по кругу
02:08:52  движение не останавливаю: партия не на свободной карте
02:08:52  состояние после выключения: IsDisabled=False; DoNotMakeNewDecisions=False; DefaultBehavior=GoToSettlement; Army=False; Settlement=Ревиль; Encounter=True
02:08:52  итог сеанса: пересчётов 2; смен цели 2; повторов того же приказа 0; прибытий во время сеанса 2; подтверждённых выходов 1
02:09:08  ========================================================================
02:09:08  СЕАНС 2026-09-14 02:09:08 — включение, режим применение
02:09:08  состояние до включения: IsDisabled=False; DoNotMakeNewDecisions=False; DefaultBehavior=Hold; Army=False; Settlement=нет; Encounter=False
02:09:08  ВКЛЮЧЕН, режим применение; позиция у Ревиль ((CampaignVec2) X: 300.3447 Y: 583.3357 IsOnLand: True); поведение Hold
02:09:08  [UI] Автопилот включён, режим: применение. Лог: C:\Users\Edward\Documents\Mount and Blade II Bannerlord\Logs\autopilot_20260914.txt
02:09:09  час: оценок 16; позиция у Ревиль ((CampaignVec2) X: 300.3447 Y: 583.3357 IsOnLand: True); текущее поведение Hold
02:09:09      GoToSettlement → Ревиль = 3.678
02:09:09      GoToSettlement → Карбур = 1.201
02:09:09      GoToSettlement → Замок Устокол = 0.544
02:09:09      GoToSettlement → Корсия = 0.915
02:09:09      GoToSettlement → Жемянь = 0.625
02:09:09      GoToSettlement → Устокол = 0.566
02:09:09      GoToSettlement → Замок Флинтолг = 0.180
02:09:09      GoToSettlement → Флинтолг = 0.158
02:09:09    лучшее: GoToSettlement → Ревиль = 3.678
02:09:09    НОВАЯ ЦЕЛЬ #1: GoToSettlement → Ревиль (оценка 3.678)
02:09:09    после применения: поведение GoToSettlement; цель Ревиль; движется False
02:09:09  ПРИБЫЛИ в «Ревиль» (прибытие #1)
02:09:09    выход изнутри: к воротам → LeaveSettlement → Finish → Hold
02:09:09    ВЫШЛИ из «Ревиль» (подтверждённый выход #1)
02:09:09    время возобновлено (скорость 2): закрытие встречи ставит паузу
02:09:10  час: оценок 16; позиция у Ревиль ((CampaignVec2) X: 300.3447 Y: 583.3357 IsOnLand: True); текущее поведение Hold
02:09:10      GoToSettlement → Ревиль = 3.504
02:09:10      GoToSettlement → Карбур = 1.203
02:09:10      GoToSettlement → Замок Устокол = 0.545
02:09:10      GoToSettlement → Корсия = 0.916
02:09:10      GoToSettlement → Жемянь = 0.626
02:09:10      GoToSettlement → Устокол = 0.567
02:09:10      GoToSettlement → Замок Флинтолг = 0.180
02:09:10      GoToSettlement → Флинтолг = 0.158
02:09:10    лучшее: GoToSettlement → Ревиль = 3.504
02:09:10    НОВАЯ ЦЕЛЬ #2: GoToSettlement → Ревиль (оценка 3.504)
02:09:10    после применения: поведение GoToSettlement; цель Ревиль; движется False
02:09:10  ПРИБЫЛИ в «Ревиль» (прибытие #2)
02:09:10  ВЫКЛЮЧЕНИЕ: штатный AI снова завёл в «Ревиль», из которого партия только что вышла. NPC в таком случае остаётся в поселении, пока цель — это поселение; пребывание автопилот пока не поддерживает. Остановлено, чтобы не входить и выходить по кругу
02:09:10  движение не останавливаю: партия не на свободной карте
02:09:10  состояние после выключения: IsDisabled=False; DoNotMakeNewDecisions=False; DefaultBehavior=GoToSettlement; Army=False; Settlement=Ревиль; Encounter=True
02:09:10  итог сеанса: пересчётов 2; смен цели 2; повторов того же приказа 0; прибытий во время сеанса 2; подтверждённых выходов 1
02:09:16  [UI] Автопилот и так выключен.
02:09:22  ========================================================================
02:09:22  СЕАНС 2026-09-14 02:09:22 — включение, режим применение
02:09:22  состояние до включения: IsDisabled=False; DoNotMakeNewDecisions=False; DefaultBehavior=GoToPoint; Army=False; Settlement=нет; Encounter=False
02:09:22  ВКЛЮЧЕН, режим применение; позиция у Ревиль ((CampaignVec2) X: 303.9057 Y: 582.6472 IsOnLand: True); поведение GoToPoint
02:09:22  [UI] Автопилот включён, режим: применение. Лог: C:\Users\Edward\Documents\Mount and Blade II Bannerlord\Logs\autopilot_20260914.txt
02:09:23  час: оценок 16; позиция у Ревиль ((CampaignVec2) X: 305.4663 Y: 582.3453 IsOnLand: True); текущее поведение GoToPoint
02:09:23      GoToSettlement → Ревиль = 5.767
02:09:23      GoToSettlement → Карбур = 1.809
02:09:23      GoToSettlement → Корсия = 1.323
02:09:23      GoToSettlement → Замок Устокол = 0.777
02:09:23      GoToSettlement → Жемянь = 0.862
02:09:23      GoToSettlement → Устокол = 0.809
02:09:23      GoToSettlement → Замок Флинтолг = 0.276
02:09:23      GoToSettlement → Флинтолг = 0.242
02:09:23    лучшее: GoToSettlement → Ревиль = 5.767
02:09:23    НОВАЯ ЦЕЛЬ #1: GoToSettlement → Ревиль (оценка 5.767)
02:09:23    после применения: поведение GoToSettlement; цель Ревиль; движется True
02:09:24  час: оценок 16; позиция у Ревиль ((CampaignVec2) X: 302.9599 Y: 582.83 IsOnLand: True); текущее поведение GoToSettlement
02:09:24      GoToSettlement → Ревиль = 7.590
02:09:24      GoToSettlement → Карбур = 1.811
02:09:24      GoToSettlement → Замок Устокол = 0.799
02:09:24      GoToSettlement → Корсия = 1.353
02:09:24      GoToSettlement → Жемянь = 0.950
02:09:24      GoToSettlement → Устокол = 0.831
02:09:24      GoToSettlement → Замок Флинтолг = 0.273
02:09:24      GoToSettlement → Флинтолг = 0.240
02:09:24    лучшее: GoToSettlement → Ревиль = 7.590
02:09:24    та же цель, приказ повторён (1-й раз): GoToSettlement → Ревиль (оценка 7.590)
02:09:24    после применения: поведение GoToSettlement; цель Ревиль; движется True
02:09:25  ПРИБЫЛИ в «Ревиль» (прибытие #1)
02:09:25    выход изнутри: к воротам → LeaveSettlement → Finish → Hold
02:09:25    ВЫШЛИ из «Ревиль» (подтверждённый выход #1)
02:09:25    время возобновлено (скорость 2): закрытие встречи ставит паузу
02:09:25  час: оценок 16; позиция у Ревиль ((CampaignVec2) X: 300.3447 Y: 583.3357 IsOnLand: True); текущее поведение Hold
02:09:25      GoToSettlement → Ревиль = 3.329
02:09:25      GoToSettlement → Карбур = 1.209
02:09:25      GoToSettlement → Замок Устокол = 0.549
02:09:25      GoToSettlement → Корсия = 0.922
02:09:25      GoToSettlement → Жемянь = 0.655
02:09:25      GoToSettlement → Устокол = 0.570
02:09:25      GoToSettlement → Замок Флинтолг = 0.180
02:09:25      GoToSettlement → Флинтолг = 0.158
02:09:25    лучшее: GoToSettlement → Ревиль = 3.329
02:09:25    НОВАЯ ЦЕЛЬ #2: GoToSettlement → Ревиль (оценка 3.329)
02:09:25    после применения: поведение GoToSettlement; цель Ревиль; движется False
02:09:25  ПРИБЫЛИ в «Ревиль» (прибытие #2)
02:09:25  ВЫКЛЮЧЕНИЕ: штатный AI снова завёл в «Ревиль», из которого партия только что вышла. NPC в таком случае остаётся в поселении, пока цель — это поселение; пребывание автопилот пока не поддерживает. Остановлено, чтобы не входить и выходить по кругу
02:09:25  движение не останавливаю: партия не на свободной карте
02:09:25  состояние после выключения: IsDisabled=False; DoNotMakeNewDecisions=False; DefaultBehavior=GoToSettlement; Army=False; Settlement=Ревиль; Encounter=True
02:09:25  итог сеанса: пересчётов 3; смен цели 2; повторов того же приказа 1; прибытий во время сеанса 2; подтверждённых выходов 1
02:16:05  ========================================================================
02:16:05  СЕАНС 2026-09-14 02:16:05 — загрузка мода
02:16:05  контракт движка: структура движка совпала со всеми 177 ожиданиями
02:16:19  поведение автопилота зарегистрировано в кампании
02:16:27  ========================================================================
02:16:27  СЕАНС 2026-09-14 02:16:27 — загрузка сохранения; автопилот выключен
02:16:27  состояние после загрузки: IsDisabled=False; DoNotMakeNewDecisions=False; DefaultBehavior=Hold; Army=False; Settlement=нет; Encounter=False
02:16:31  ========================================================================
02:16:31  СЕАНС 2026-09-14 02:16:31 — включение, режим применение
02:16:31  состояние до включения: IsDisabled=False; DoNotMakeNewDecisions=False; DefaultBehavior=Hold; Army=False; Settlement=нет; Encounter=False
02:16:31  ВКЛЮЧЕН, режим применение; позиция у Ревиль ((CampaignVec2) X: 300.3447 Y: 583.3357 IsOnLand: True); поведение Hold
02:16:31  [UI] Автопилот включён, режим: применение. Лог: C:\Users\Edward\Documents\Mount and Blade II Bannerlord\Logs\autopilot_20260914.txt
02:16:31  время запущено: было Stop, партия Hold, стало UnstoppablePlay
02:16:33  час: оценок 16; позиция у Ревиль ((CampaignVec2) X: 300.3447 Y: 583.3357 IsOnLand: True); текущее поведение Hold
02:16:33      GoToSettlement → Ревиль = 3.560
02:16:33      GoToSettlement → Карбур = 1.210
02:16:33      GoToSettlement → Замок Устокол = 0.549
02:16:33      GoToSettlement → Корсия = 0.922
02:16:33      GoToSettlement → Жемянь = 0.655
02:16:33      GoToSettlement → Устокол = 0.571
02:16:33      GoToSettlement → Замок Флинтолг = 0.180
02:16:33      GoToSettlement → Флинтолг = 0.158
02:16:33    лучшее: GoToSettlement → Ревиль = 3.560
02:16:33    НОВАЯ ЦЕЛЬ #1: GoToSettlement → Ревиль (оценка 3.560)
02:16:33    после применения: поведение GoToSettlement; цель Ревиль; движется False
02:16:33  ПРИБЫЛИ в «Ревиль» (прибытие #1)
02:16:33    ОБСЛУЖИВАНИЕ «Ревиль» (прибытие): денег 1208006, резерв 15260 (не меньше 2000 и 7 дн. жалования по 2180)
02:16:33      еда: хватает (на складе 1516, расход 11.9 в день, цель 30 дн.)
02:16:33      найм: НАНЯТ Стургийский новобранец у Чель Кадушка за 17
02:16:33      найм: НАНЯТ Стургийский новобранец у Далибол Пивовар за 17
02:16:33      найм: НАНЯТ Стургийский новобранец у Горги Кожевник за 17
02:16:33      найм: НАНЯТ Стургийский новобранец у Горги Кожевник за 17
02:16:33      найм: НАНЯТ Стургийский новобранец у Умница Иварен за 17
02:16:33      найм: НАНЯТ Стургийский новобранец у Умница Иварен за 17
02:16:33      найм: НАНЯТ Стургийский новобранец у Литка Вшивая за 17
02:16:33      найм: НАНЯТ Стургийский новобранец у Литка Вшивая за 17
02:16:33      найм: итого нанято 8 за 136 (добровольцев 22, не хватает отношений 14, не по деньгам 0)
02:16:33    ЖДЁМ в «Ревиль»: пункт «Подождать», время UnstoppableFastForward; уйдём, когда пересчёт штатного AI выберет другую цель
02:16:38  час: оценок 16; позиция у Ревиль ((CampaignVec2) X: 300.3447 Y: 583.3357 IsOnLand: True); текущее поведение Hold
02:16:38      GoToSettlement → Ревиль = 2.627
02:16:38      GoToSettlement → Карбур = 1.149
02:16:38      GoToSettlement → Замок Устокол = 0.554
02:16:38      GoToSettlement → Корсия = 0.877
02:16:38      GoToSettlement → Жемянь = 0.623
02:16:38      GoToSettlement → Устокол = 0.543
02:16:38      GoToSettlement → Замок Флинтолг = 0.182
02:16:38      GoToSettlement → Флинтолг = 0.149
02:16:38    лучшее: GoToSettlement → Ревиль = 2.627
02:16:38    остаёмся в «Ревиль»: лучшая цель — само это поселение, как у NPC
02:16:38    ОБСЛУЖИВАНИЕ «Ревиль» (ожидание): денег 1207855, резерв 15365 (не меньше 2000 и 7 дн. жалования по 2195)
02:16:38      еда: хватает (на складе 1516, расход 12.3 в день, цель 30 дн.)
02:16:38      найм: никого (добровольцев 14, не хватает отношений 14, не по деньгам 0)
02:16:43  час: оценок 16; позиция у Ревиль ((CampaignVec2) X: 300.3447 Y: 583.3357 IsOnLand: True); текущее поведение Hold
02:16:43      GoToSettlement → Ревиль = 1.931
02:16:43      GoToSettlement → Карбур = 1.159
02:16:43      GoToSettlement → Замок Устокол = 0.559
02:16:43      GoToSettlement → Корсия = 0.885
02:16:43      GoToSettlement → Жемянь = 0.629
02:16:43      GoToSettlement → Устокол = 0.548
02:16:43      GoToSettlement → Замок Флинтолг = 0.182
02:16:43      GoToSettlement → Флинтолг = 0.149
02:16:43    лучшее: GoToSettlement → Ревиль = 1.931
02:16:43    остаёмся в «Ревиль»: лучшая цель — само это поселение, как у NPC
02:16:43    ОБСЛУЖИВАНИЕ «Ревиль» (ожидание): денег 1207855, резерв 15365 (не меньше 2000 и 7 дн. жалования по 2195)
02:16:43      еда: хватает (на складе 1516, расход 12.3 в день, цель 30 дн.)
02:16:43      найм: НАНЯТ Стургийский новобранец у Чель Кадушка за 17
02:16:43      найм: итого нанято 1 за 17 (добровольцев 5, не хватает отношений 3, не по деньгам 0; остановка: партия заполнилась)
02:16:48  час: оценок 15; позиция у Ревиль ((CampaignVec2) X: 300.3447 Y: 583.3357 IsOnLand: True); текущее поведение Hold
02:16:48      GoToSettlement → Ревиль = 1.160
02:16:48      GoToSettlement → Карбур = 0.526
02:16:48      GoToSettlement → Замок Устокол = 0.564
02:16:48      GoToSettlement → Корсия = 0.412
02:16:48      GoToSettlement → Жемянь = 0.351
02:16:48      GoToSettlement → Устокол = 0.282
02:16:48      GoToSettlement → Замок Флинтолг = 0.182
02:16:48      GoToSettlement → Флинтолг = 0.100
02:16:48    лучшее: PatrolAroundPoint → Устокол = 1.896
02:16:48    решено уйти из «Ревиль»: PatrolAroundPoint → Устокол
02:16:48    ожидание в «Ревиль» закончено пунктом «Перестать ждать»
02:16:48    выход изнутри: к воротам → LeaveSettlement → Finish → Hold
02:16:48    ВЫШЛИ из «Ревиль» (подтверждённый выход #1)
02:16:48    время возобновлено (скорость 1): закрытие встречи ставит паузу
02:16:48    НОВАЯ ЦЕЛЬ #2: PatrolAroundPoint → Устокол (оценка 1.896)
02:16:48    после применения: поведение PatrolAroundPoint; цель Устокол; движется False
02:17:08  час: оценок 15; позиция у Ревиль ((CampaignVec2) X: 287.3454 Y: 588.7069 IsOnLand: True); текущее поведение PatrolAroundPoint
02:17:08      GoToSettlement → Замок Устокол = 0.990
02:17:08      GoToSettlement → Ревиль = 0.680
02:17:08      GoToSettlement → Жемянь = 0.614
02:17:08      GoToSettlement → Карбур = 0.694
02:17:08      GoToSettlement → Устокол = 0.477
02:17:08      GoToSettlement → Корсия = 0.511
02:17:08      GoToSettlement → Замок Флинтолг = 0.246
02:17:08      GoToSettlement → Флинтолг = 0.139
02:17:08    лучшее: PatrolAroundPoint → Устокол = 1.919
02:17:08    та же цель, приказ повторён (1-й раз): PatrolAroundPoint → Устокол (оценка 1.919)
02:17:08    после применения: поведение PatrolAroundPoint; цель Устокол; движется True
02:17:13  час: оценок 15; позиция у Ревиль ((CampaignVec2) X: 275.5962 Y: 590.388 IsOnLand: True); текущее поведение PatrolAroundPoint
02:17:13      GoToSettlement → Замок Устокол = 0.999
02:17:13      GoToSettlement → Жемянь = 0.696
02:17:13      GoToSettlement → Ревиль = 0.652
02:17:13      GoToSettlement → Устокол = 0.537
02:17:13      GoToSettlement → Карбур = 0.620
02:17:13      GoToSettlement → Корсия = 0.495
02:17:13      GoToSettlement → Замок Флинтолг = 0.234
02:17:13      GoToSettlement → Флинтолг = 0.134
02:17:13    лучшее: PatrolAroundPoint → Устокол = 1.956
02:17:13    та же цель, приказ повторён (2-й раз): PatrolAroundPoint → Устокол (оценка 1.956)
02:17:13    после применения: поведение PatrolAroundPoint; цель Устокол; движется True
02:17:18  час: оценок 15; позиция у Ревиль ((CampaignVec2) X: 260.1855 Y: 590.9006 IsOnLand: True); текущее поведение PatrolAroundPoint
02:17:18      GoToSettlement → Жемянь = 0.712
02:17:18      GoToSettlement → Замок Устокол = 1.008
02:17:18      GoToSettlement → Устокол = 0.637
02:17:18      GoToSettlement → Ревиль = 0.568
02:17:18      GoToSettlement → Карбур = 0.544
02:17:18      GoToSettlement → Корсия = 0.459
02:17:18      GoToSettlement → Замок Флинтолг = 0.220
02:17:18      GoToSettlement → Флинтолг = 0.129
02:17:18    лучшее: PatrolAroundPoint → Устокол = 1.797
02:17:18    та же цель, приказ повторён (3-й раз): PatrolAroundPoint → Устокол (оценка 1.797)
02:17:18    после применения: поведение PatrolAroundPoint; цель Устокол; движется True
02:17:23  час: оценок 15; позиция у Ревиль ((CampaignVec2) X: 245.2133 Y: 594.3752 IsOnLand: True); текущее поведение PatrolAroundPoint
02:17:23      GoToSettlement → Устокол = 0.696
02:17:23      GoToSettlement → Замок Устокол = 0.862
02:17:23      GoToSettlement → Жемянь = 0.528
02:17:23      GoToSettlement → Ревиль = 0.543
02:17:23      GoToSettlement → Карбур = 0.485
02:17:23      GoToSettlement → Корсия = 0.397
02:17:23      GoToSettlement → Замок Флинтолг = 0.197
02:17:23      GoToSettlement → Флинтолг = 0.025
02:17:23    лучшее: PatrolAroundPoint → Устокол = 1.776
02:17:23    та же цель, приказ повторён (4-й раз): PatrolAroundPoint → Устокол (оценка 1.776)
02:17:23    после применения: поведение PatrolAroundPoint; цель Устокол; движется True
02:17:28  час: оценок 15; позиция у Ревиль ((CampaignVec2) X: 241.9931 Y: 595.2419 IsOnLand: True); текущее поведение PatrolAroundPoint
02:17:28      GoToSettlement → Устокол = 0.703
02:17:28      GoToSettlement → Замок Устокол = 0.841
02:17:28      GoToSettlement → Жемянь = 0.521
02:17:28      GoToSettlement → Ревиль = 0.536
02:17:28      GoToSettlement → Карбур = 0.477
02:17:28      GoToSettlement → Корсия = 0.392
02:17:28      GoToSettlement → Замок Флинтолг = 0.025
02:17:28      GoToSettlement → Флинтолг = 0.025
02:17:28    лучшее: PatrolAroundPoint → Устокол = 1.776
02:17:28    та же цель, приказ повторён (5-й раз): PatrolAroundPoint → Устокол (оценка 1.776)
02:17:28    после применения: поведение PatrolAroundPoint; цель Устокол; движется True
02:17:33  час: оценок 15; позиция у Ревиль ((CampaignVec2) X: 237.8447 Y: 595.8439 IsOnLand: True); текущее поведение PatrolAroundPoint
02:17:33      GoToSettlement → Устокол = 0.709
02:17:33      GoToSettlement → Замок Устокол = 0.813
02:17:33      GoToSettlement → Жемянь = 0.508
02:17:33      GoToSettlement → Ревиль = 0.526
02:17:33      GoToSettlement → Карбур = 0.467
02:17:33      GoToSettlement → Корсия = 0.386
02:17:33      GoToSettlement → Замок Флинтолг = 0.025
02:17:33      GoToSettlement → Флинтолг = 0.025
02:17:33    лучшее: PatrolAroundPoint → Устокол = 1.776
02:17:33    та же цель, приказ повторён (6-й раз): PatrolAroundPoint → Устокол (оценка 1.776)
02:17:33    после применения: поведение PatrolAroundPoint; цель Устокол; движется True
02:17:38  час: оценок 15; позиция у Ревиль ((CampaignVec2) X: 245.897 Y: 594.2697 IsOnLand: True); текущее поведение PatrolAroundPoint
02:17:38      GoToSettlement → Устокол = 0.715
02:17:38      GoToSettlement → Замок Устокол = 0.891
02:17:38      GoToSettlement → Жемянь = 0.545
02:17:38      GoToSettlement → Ревиль = 0.570
02:17:38      GoToSettlement → Карбур = 0.499
02:17:38      GoToSettlement → Корсия = 0.409
02:17:38      GoToSettlement → Замок Флинтолг = 0.197
02:17:38      GoToSettlement → Флинтолг = 0.025
02:17:38    лучшее: PatrolAroundPoint → Устокол = 1.776
02:17:38    та же цель, приказ повторён (7-й раз): PatrolAroundPoint → Устокол (оценка 1.776)
02:17:38    после применения: поведение PatrolAroundPoint; цель Устокол; движется True
02:17:43  час: оценок 15; позиция у Ревиль ((CampaignVec2) X: 236.5033 Y: 601.4378 IsOnLand: True); текущее поведение PatrolAroundPoint
02:17:43      GoToSettlement → Устокол = 0.722
02:17:43      GoToSettlement → Замок Устокол = 0.811
02:17:43      GoToSettlement → Жемянь = 0.515
02:17:43      GoToSettlement → Ревиль = 0.575
02:17:43      GoToSettlement → Карбур = 0.467
02:17:43      GoToSettlement → Корсия = 0.383
02:17:43      GoToSettlement → Замок Флинтолг = 0.025
02:17:43      GoToSettlement → Флинтолг = 0.025
02:17:43    лучшее: PatrolAroundPoint → Жемянь = 2.002
02:17:43    НОВАЯ ЦЕЛЬ #3: PatrolAroundPoint → Жемянь (оценка 2.002)
02:17:43    после применения: поведение PatrolAroundPoint; цель Жемянь; движется True
02:17:48  час: оценок 15; позиция у Ревиль ((CampaignVec2) X: 250.156 Y: 593.8068 IsOnLand: True); текущее поведение PatrolAroundPoint
02:17:48      GoToSettlement → Устокол = 0.728
02:17:48      GoToSettlement → Замок Устокол = 0.949
02:17:48      GoToSettlement → Жемянь = 0.573
02:17:48      GoToSettlement → Ревиль = 0.658
02:17:48      GoToSettlement → Карбур = 0.523
02:17:48      GoToSettlement → Корсия = 0.426
02:17:48      GoToSettlement → Замок Флинтолг = 0.200
02:17:48      GoToSettlement → Флинтолг = 0.025
02:17:48    лучшее: PatrolAroundPoint → Жемянь = 1.990
02:17:48    та же цель, приказ повторён (8-й раз): PatrolAroundPoint → Жемянь (оценка 1.990)
02:17:48    после применения: поведение PatrolAroundPoint; цель Жемянь; движется True
02:17:53  час: оценок 15; позиция у Ревиль ((CampaignVec2) X: 263.0258 Y: 590.4769 IsOnLand: True); текущее поведение PatrolAroundPoint
02:17:53      GoToSettlement → Замок Устокол = 1.070
02:17:53      GoToSettlement → Жемянь = 0.757
02:17:53      GoToSettlement → Устокол = 0.657
02:17:53      GoToSettlement → Ревиль = 0.758
02:17:53      GoToSettlement → Карбур = 0.589
02:17:53      GoToSettlement → Корсия = 0.496
02:17:53      GoToSettlement → Замок Флинтолг = 0.224
02:17:53      GoToSettlement → Флинтолг = 0.130
02:17:53    лучшее: PatrolAroundPoint → Жемянь = 1.992
02:17:53    та же цель, приказ повторён (9-й раз): PatrolAroundPoint → Жемянь (оценка 1.992)
02:17:53    после применения: поведение PatrolAroundPoint; цель Жемянь; движется True
02:17:58  час: оценок 15; позиция у Ревиль ((CampaignVec2) X: 272.5632 Y: 595.7943 IsOnLand: True); текущее поведение PatrolAroundPoint
02:17:58      GoToSettlement → Замок Устокол = 1.079
02:17:58      GoToSettlement → Жемянь = 0.763
02:17:58      GoToSettlement → Ревиль = 0.829
02:17:58      GoToSettlement → Устокол = 0.601
02:17:58      GoToSettlement → Карбур = 0.640
02:17:58      GoToSettlement → Корсия = 0.507
02:17:58      GoToSettlement → Замок Флинтолг = 0.250
02:17:58      GoToSettlement → Флинтолг = 0.131
02:17:58    лучшее: PatrolAroundPoint → Жемянь = 1.997
02:17:58    та же цель, приказ повторён (10-й раз): PatrolAroundPoint → Жемянь (оценка 1.997)
02:17:58    после применения: поведение PatrolAroundPoint; цель Жемянь; движется True
02:18:03  час: оценок 15; позиция у Ревиль ((CampaignVec2) X: 267.2506 Y: 600.2781 IsOnLand: True); текущее поведение PatrolAroundPoint
02:18:03      GoToSettlement → Жемянь = 0.770
02:18:03      GoToSettlement → Замок Устокол = 1.088
02:18:03      GoToSettlement → Ревиль = 0.849
02:18:03      GoToSettlement → Карбур = 0.606
02:18:03      GoToSettlement → Устокол = 0.517
02:18:03      GoToSettlement → Корсия = 0.489
02:18:03      GoToSettlement → Замок Флинтолг = 0.241
02:18:03      GoToSettlement → Флинтолг = 0.128
02:18:03    лучшее: PatrolAroundPoint → Жемянь = 1.999
02:18:03    та же цель, приказ повторён (11-й раз): PatrolAroundPoint → Жемянь (оценка 1.999)
02:18:03    после применения: поведение PatrolAroundPoint; цель Жемянь; движется True
02:18:08  час: оценок 15; позиция у Ревиль ((CampaignVec2) X: 261.9618 Y: 603.6738 IsOnLand: True); текущее поведение PatrolAroundPoint
02:18:08      GoToSettlement → Жемянь = 0.776
02:18:08      GoToSettlement → Замок Устокол = 1.094
02:18:08      GoToSettlement → Ревиль = 0.811
02:18:08      GoToSettlement → Устокол = 0.540
02:18:08      GoToSettlement → Карбур = 0.579
02:18:08      GoToSettlement → Корсия = 0.472
02:18:08      GoToSettlement → Замок Флинтолг = 0.232
02:18:08      GoToSettlement → Флинтолг = 0.025
02:18:08    лучшее: PatrolAroundPoint → Жемянь = 2.019
02:18:08    та же цель, приказ повторён (12-й раз): PatrolAroundPoint → Жемянь (оценка 2.019)
02:18:08    после применения: поведение PatrolAroundPoint; цель Жемянь; движется True
02:18:13  час: оценок 15; позиция у Ревиль ((CampaignVec2) X: 263.919 Y: 602.5264 IsOnLand: True); текущее поведение PatrolAroundPoint
02:18:13      GoToSettlement → Жемянь = 0.782
02:18:13      GoToSettlement → Замок Устокол = 1.106
02:18:13      GoToSettlement → Ревиль = 0.839
02:18:13      GoToSettlement → Устокол = 0.538
02:18:13      GoToSettlement → Карбур = 0.595
02:18:13      GoToSettlement → Корсия = 0.483
02:18:13      GoToSettlement → Замок Флинтолг = 0.235
02:18:13      GoToSettlement → Флинтолг = 0.025
02:18:13    лучшее: PatrolAroundPoint → Жемянь = 2.054
02:18:13    та же цель, приказ повторён (13-й раз): PatrolAroundPoint → Жемянь (оценка 2.054)
02:18:13    после применения: поведение PatrolAroundPoint; цель Жемянь; движется True
02:18:18  час: оценок 15; позиция у Ревиль ((CampaignVec2) X: 262.5222 Y: 603.6049 IsOnLand: True); текущее поведение PatrolAroundPoint
02:18:18      GoToSettlement → Жемянь = 0.789
02:18:18      GoToSettlement → Замок Устокол = 1.115
02:18:18      GoToSettlement → Ревиль = 0.836
02:18:18      GoToSettlement → Устокол = 0.547
02:18:18      GoToSettlement → Карбур = 0.591
02:18:18      GoToSettlement → Корсия = 0.481
02:18:18      GoToSettlement → Замок Флинтолг = 0.233
02:18:18      GoToSettlement → Флинтолг = 0.025
02:18:18    лучшее: PatrolAroundPoint → Жемянь = 2.069
02:18:18    та же цель, приказ повторён (14-й раз): PatrolAroundPoint → Жемянь (оценка 2.069)
02:18:18    после применения: поведение PatrolAroundPoint; цель Жемянь; движется True
02:18:19  время запущено: было StoppableFastForward, партия PatrolAroundPoint, стало UnstoppableFastForward
02:18:24  час: оценок 15; позиция у Ревиль ((CampaignVec2) X: 260.7796 Y: 604.6289 IsOnLand: True); текущее поведение PatrolAroundPoint
02:18:24      GoToSettlement → Жемянь = 0.795
02:18:24      GoToSettlement → Замок Устокол = 1.100
02:18:24      GoToSettlement → Ревиль = 0.896
02:18:24      GoToSettlement → Устокол = 0.557
02:18:24      GoToSettlement → Карбур = 0.585
02:18:24      GoToSettlement → Корсия = 0.478
02:18:24      GoToSettlement → Замок Флинтолг = 0.230
02:18:24      GoToSettlement → Флинтолг = 0.025
02:18:24    лучшее: PatrolAroundPoint → Жемянь = 2.074
02:18:24    та же цель, приказ повторён (15-й раз): PatrolAroundPoint → Жемянь (оценка 2.074)
02:18:24    после применения: поведение PatrolAroundPoint; цель Жемянь; движется True
02:18:29  час: оценок 15; позиция у Ревиль ((CampaignVec2) X: 263.3533 Y: 601.8871 IsOnLand: True); текущее поведение PatrolAroundPoint
02:18:29      GoToSettlement → Жемянь = 0.802
02:18:29      GoToSettlement → Замок Устокол = 1.133
02:18:29      GoToSettlement → Ревиль = 0.938
02:18:29      GoToSettlement → Устокол = 0.555
02:18:29      GoToSettlement → Карбур = 0.606
02:18:29      GoToSettlement → Корсия = 0.495
02:18:29      GoToSettlement → Замок Флинтолг = 0.235
02:18:29      GoToSettlement → Флинтолг = 0.126
02:18:29    лучшее: PatrolAroundPoint → Жемянь = 2.080
02:18:29    та же цель, приказ повторён (16-й раз): PatrolAroundPoint → Жемянь (оценка 2.080)
02:18:29    после применения: поведение PatrolAroundPoint; цель Жемянь; движется True
02:18:34  час: оценок 15; позиция у Ревиль ((CampaignVec2) X: 266.3165 Y: 600.2406 IsOnLand: True); текущее поведение PatrolAroundPoint
02:18:34      GoToSettlement → Жемянь = 0.808
02:18:34      GoToSettlement → Замок Устокол = 1.142
02:18:34      GoToSettlement → Ревиль = 0.980
02:18:34      GoToSettlement → Устокол = 0.547
02:18:34      GoToSettlement → Карбур = 0.628
02:18:34      GoToSettlement → Корсия = 0.510
02:18:34      GoToSettlement → Замок Флинтолг = 0.240
02:18:34      GoToSettlement → Флинтолг = 0.127
02:18:34    лучшее: PatrolAroundPoint → Жемянь = 2.090
02:18:34    та же цель, приказ повторён (17-й раз): PatrolAroundPoint → Жемянь (оценка 2.090)
02:18:34    после применения: поведение PatrolAroundPoint; цель Жемянь; движется True
02:18:39  час: оценок 15; позиция у Ревиль ((CampaignVec2) X: 267.3109 Y: 600.1544 IsOnLand: True); текущее поведение PatrolAroundPoint
02:18:39      GoToSettlement → Жемянь = 0.814
02:18:39      GoToSettlement → Замок Устокол = 1.151
02:18:39      GoToSettlement → Ревиль = 1.001
02:18:39      GoToSettlement → Карбур = 0.637
02:18:39      GoToSettlement → Устокол = 0.547
02:18:39      GoToSettlement → Корсия = 0.517
02:18:39      GoToSettlement → Замок Флинтолг = 0.241
02:18:39      GoToSettlement → Флинтолг = 0.128
02:18:39    лучшее: PatrolAroundPoint → Жемянь = 2.093
02:18:39    та же цель, приказ повторён (18-й раз): PatrolAroundPoint → Жемянь (оценка 2.093)
02:18:39    после применения: поведение PatrolAroundPoint; цель Жемянь; движется True
02:18:44  час: оценок 15; позиция у Ревиль ((CampaignVec2) X: 258.2504 Y: 604.9828 IsOnLand: True); текущее поведение PatrolAroundPoint
02:18:44      GoToSettlement → Жемянь = 0.821
02:18:44      GoToSettlement → Замок Устокол = 1.106
02:18:44      GoToSettlement → Устокол = 0.586
02:18:44      GoToSettlement → Ревиль = 0.989
02:18:44      GoToSettlement → Карбур = 0.590
02:18:44      GoToSettlement → Корсия = 0.487
02:18:44      GoToSettlement → Замок Флинтолг = 0.226
02:18:44      GoToSettlement → Флинтолг = 0.025
02:18:44    лучшее: PatrolAroundPoint → Жемянь = 2.106
02:18:44    та же цель, приказ повторён (19-й раз): PatrolAroundPoint → Жемянь (оценка 2.106)
02:18:44    после применения: поведение PatrolAroundPoint; цель Жемянь; движется True
02:18:49  час: оценок 15; позиция у Ревиль ((CampaignVec2) X: 266.8439 Y: 599.5213 IsOnLand: True); текущее поведение PatrolAroundPoint
02:18:49      GoToSettlement → Жемянь = 0.827
02:18:49      GoToSettlement → Замок Устокол = 1.169
02:18:49      GoToSettlement → Ревиль = 1.100
02:18:49      GoToSettlement → Карбур = 0.645
02:18:49      GoToSettlement → Устокол = 0.559
02:18:49      GoToSettlement → Корсия = 0.525
02:18:49      GoToSettlement → Замок Флинтолг = 0.240
02:18:49      GoToSettlement → Флинтолг = 0.128
02:18:49    лучшее: PatrolAroundPoint → Жемянь = 2.110
02:18:49    та же цель, приказ повторён (20-й раз): PatrolAroundPoint → Жемянь (оценка 2.110)
02:18:49    после применения: поведение PatrolAroundPoint; цель Жемянь; движется True
02:18:54  час: оценок 15; позиция у Ревиль ((CampaignVec2) X: 266.3943 Y: 600.2102 IsOnLand: True); текущее поведение PatrolAroundPoint
02:18:54      GoToSettlement → Жемянь = 0.834
02:18:54      GoToSettlement → Замок Устокол = 1.178
02:18:54      GoToSettlement → Ревиль = 1.105
02:18:54      GoToSettlement → Устокол = 0.565
02:18:54      GoToSettlement → Карбур = 0.646
02:18:54      GoToSettlement → Корсия = 0.526
02:18:54      GoToSettlement → Замок Флинтолг = 0.239
02:18:54      GoToSettlement → Флинтолг = 0.127
02:18:54    лучшее: PatrolAroundPoint → Жемянь = 2.116
02:18:54    та же цель, приказ повторён (21-й раз): PatrolAroundPoint → Жемянь (оценка 2.116)
02:18:54    после применения: поведение PatrolAroundPoint; цель Жемянь; движется True
02:18:59  час: оценок 15; позиция у Ревиль ((CampaignVec2) X: 262.7047 Y: 603.6709 IsOnLand: True); текущее поведение PatrolAroundPoint
02:18:59      GoToSettlement → Жемянь = 0.840
02:18:59      GoToSettlement → Замок Устокол = 1.187
02:18:59      GoToSettlement → Ревиль = 1.068
02:18:59      GoToSettlement → Устокол = 0.582
02:18:59      GoToSettlement → Карбур = 0.626
02:18:59      GoToSettlement → Корсия = 0.511
02:18:59      GoToSettlement → Замок Флинтолг = 0.231
02:18:59      GoToSettlement → Флинтолг = 0.025
02:18:59    лучшее: PatrolAroundPoint → Жемянь = 2.117
02:18:59    та же цель, приказ повторён (22-й раз): PatrolAroundPoint → Жемянь (оценка 2.117)
02:18:59    после применения: поведение PatrolAroundPoint; цель Жемянь; движется True
02:19:04  час: оценок 15; позиция у Ревиль ((CampaignVec2) X: 263.3326 Y: 603.3657 IsOnLand: True); текущее поведение PatrolAroundPoint
02:19:04      GoToSettlement → Жемянь = 0.846
02:19:04      GoToSettlement → Замок Устокол = 1.196
02:19:04      GoToSettlement → Ревиль = 1.161
02:19:04      GoToSettlement → Устокол = 0.584
02:19:04      GoToSettlement → Карбур = 0.634
02:19:04      GoToSettlement → Корсия = 0.517
02:19:04      GoToSettlement → Замок Флинтолг = 0.232
02:19:04      GoToSettlement → Флинтолг = 0.025
02:19:04    лучшее: PatrolAroundPoint → Жемянь = 2.120
02:19:04    та же цель, приказ повторён (23-й раз): PatrolAroundPoint → Жемянь (оценка 2.120)
02:19:04    после применения: поведение PatrolAroundPoint; цель Жемянь; движется True
02:19:09  час: оценок 15; позиция у Ревиль ((CampaignVec2) X: 260.3265 Y: 605.8687 IsOnLand: True); текущее поведение PatrolAroundPoint
02:19:09      GoToSettlement → Жемянь = 0.853
02:19:09      GoToSettlement → Замок Устокол = 1.163
02:19:09      GoToSettlement → Ревиль = 1.133
02:19:09      GoToSettlement → Устокол = 0.598
02:19:09      GoToSettlement → Карбур = 0.619
02:19:09      GoToSettlement → Корсия = 0.507
02:19:09      GoToSettlement → Замок Флинтолг = 0.227
02:19:09      GoToSettlement → Флинтолг = 0.025
02:19:09    лучшее: PatrolAroundPoint → Жемянь = 2.122
02:19:09    та же цель, приказ повторён (24-й раз): PatrolAroundPoint → Жемянь (оценка 2.122)
02:19:09    после применения: поведение PatrolAroundPoint; цель Жемянь; движется True
02:19:14  час: оценок 15; позиция у Ревиль ((CampaignVec2) X: 265.4114 Y: 601.3665 IsOnLand: True); текущее поведение PatrolAroundPoint
02:19:14      GoToSettlement → Жемянь = 0.859
02:19:14      GoToSettlement → Замок Устокол = 1.214
02:19:14      GoToSettlement → Ревиль = 1.219
02:19:14      GoToSettlement → Устокол = 0.586
02:19:14      GoToSettlement → Карбур = 0.656
02:19:14      GoToSettlement → Корсия = 0.535
02:19:14      GoToSettlement → Замок Флинтолг = 0.222
02:19:14      GoToSettlement → Флинтолг = 0.127
02:19:14    лучшее: PatrolAroundPoint → Жемянь = 2.123
02:19:14    та же цель, приказ повторён (25-й раз): PatrolAroundPoint → Жемянь (оценка 2.123)
02:19:14    после применения: поведение PatrolAroundPoint; цель Жемянь; движется True
02:19:19  час: оценок 15; позиция у Ревиль ((CampaignVec2) X: 260.2346 Y: 604.5598 IsOnLand: True); текущее поведение PatrolAroundPoint
02:19:19      GoToSettlement → Жемянь = 0.866
02:19:19      GoToSettlement → Замок Устокол = 1.191
02:19:19      GoToSettlement → Ревиль = 1.165
02:19:19      GoToSettlement → Устокол = 0.610
02:19:19      GoToSettlement → Карбур = 0.629
02:19:19      GoToSettlement → Корсия = 0.518
02:19:19      GoToSettlement → Замок Флинтолг = 0.215
02:19:19      GoToSettlement → Флинтолг = 0.025
02:19:19    лучшее: PatrolAroundPoint → Жемянь = 2.125
02:19:19    та же цель, приказ повторён (26-й раз): PatrolAroundPoint → Жемянь (оценка 2.125)
02:19:19    после применения: поведение PatrolAroundPoint; цель Жемянь; движется True
02:19:24  час: оценок 15; позиция у Ревиль ((CampaignVec2) X: 268.1917 Y: 600.0508 IsOnLand: True); текущее поведение PatrolAroundPoint
02:19:24      GoToSettlement → Жемянь = 0.872
02:19:24      GoToSettlement → Замок Устокол = 1.232
02:19:24      GoToSettlement → Ревиль = 1.363
02:19:24      GoToSettlement → Карбур = 0.683
02:19:24      GoToSettlement → Устокол = 0.583
02:19:24      GoToSettlement → Корсия = 0.554
02:19:24      GoToSettlement → Замок Флинтолг = 0.225
02:19:24      GoToSettlement → Флинтолг = 0.128
02:19:24    лучшее: PatrolAroundPoint → Жемянь = 2.125
02:19:24    та же цель, приказ повторён (27-й раз): PatrolAroundPoint → Жемянь (оценка 2.125)
02:19:24    после применения: поведение PatrolAroundPoint; цель Жемянь; движется True
02:19:29  час: оценок 15; позиция у Ревиль ((CampaignVec2) X: 261.1703 Y: 604.6202 IsOnLand: True); текущее поведение PatrolAroundPoint
02:19:29      GoToSettlement → Жемянь = 0.878
02:19:29      GoToSettlement → Замок Устокол = 1.219
02:19:29      GoToSettlement → Ревиль = 1.273
02:19:29      GoToSettlement → Устокол = 0.615
02:19:29      GoToSettlement → Карбур = 0.642
02:19:29      GoToSettlement → Корсия = 0.527
02:19:29      GoToSettlement → Замок Флинтолг = 0.215
02:19:29      GoToSettlement → Флинтолг = 0.025
02:19:29    лучшее: PatrolAroundPoint → Жемянь = 2.127
02:19:29    та же цель, приказ повторён (28-й раз): PatrolAroundPoint → Жемянь (оценка 2.127)
02:19:29    после применения: поведение PatrolAroundPoint; цель Жемянь; движется True
02:19:34  час: оценок 15; позиция у Ревиль ((CampaignVec2) X: 265.7374 Y: 604.2454 IsOnLand: True); текущее поведение PatrolAroundPoint
02:19:34      GoToSettlement → Жемянь = 0.885
02:19:34      GoToSettlement → Замок Устокол = 1.250
02:19:34      GoToSettlement → Ревиль = 1.337
02:19:34      GoToSettlement → Устокол = 0.598
02:19:34      GoToSettlement → Карбур = 0.670
02:19:34      GoToSettlement → Корсия = 0.542
02:19:34      GoToSettlement → Замок Флинтолг = 0.219
02:19:34      GoToSettlement → Флинтолг = 0.025
02:19:34    лучшее: PatrolAroundPoint → Жемянь = 2.128
02:19:34    та же цель, приказ повторён (29-й раз): PatrolAroundPoint → Жемянь (оценка 2.128)
02:19:34    после применения: поведение PatrolAroundPoint; цель Жемянь; движется True
02:19:39  час: оценок 15; позиция у Ревиль ((CampaignVec2) X: 264.1336 Y: 600.8544 IsOnLand: True); текущее поведение PatrolAroundPoint
02:19:39      GoToSettlement → Жемянь = 0.891
02:19:39      GoToSettlement → Замок Устокол = 1.259
02:19:39      GoToSettlement → Ревиль = 1.355
02:19:39      GoToSettlement → Устокол = 0.616
02:19:39      GoToSettlement → Карбур = 0.672
02:19:39      GoToSettlement → Корсия = 0.553
02:19:39      GoToSettlement → Замок Флинтолг = 0.221
02:19:39      GoToSettlement → Флинтолг = 0.127
02:19:39    лучшее: PatrolAroundPoint → Жемянь = 2.128
02:19:39    та же цель, приказ повторён (30-й раз): PatrolAroundPoint → Жемянь (оценка 2.128)
02:19:39    после применения: поведение PatrolAroundPoint; цель Жемянь; движется True
02:19:44  час: оценок 15; позиция у Ревиль ((CampaignVec2) X: 266.194 Y: 603.7357 IsOnLand: True); текущее поведение PatrolAroundPoint
02:19:44      GoToSettlement → Жемянь = 0.898
02:19:44      GoToSettlement → Замок Устокол = 1.267
02:19:44      GoToSettlement → Ревиль = 1.450
02:19:44      GoToSettlement → Устокол = 0.605
02:19:44      GoToSettlement → Карбур = 0.683
02:19:44      GoToSettlement → Корсия = 0.552
02:19:44      GoToSettlement → Замок Флинтолг = 0.219
02:19:44      GoToSettlement → Флинтолг = 0.126
02:19:44    лучшее: PatrolAroundPoint → Жемянь = 2.127
02:19:44    та же цель, приказ повторён (31-й раз): PatrolAroundPoint → Жемянь (оценка 2.127)
02:19:44    после применения: поведение PatrolAroundPoint; цель Жемянь; движется True
02:19:49  час: оценок 15; позиция у Ревиль ((CampaignVec2) X: 264.2289 Y: 603.649 IsOnLand: True); текущее поведение PatrolAroundPoint
02:19:49      GoToSettlement → Жемянь = 0.904
02:19:49      GoToSettlement → Замок Устокол = 1.276
02:19:49      GoToSettlement → Ревиль = 1.443
02:19:49      GoToSettlement → Устокол = 0.620
02:19:49      GoToSettlement → Карбур = 0.677
02:19:49      GoToSettlement → Корсия = 0.552
02:19:49      GoToSettlement → Замок Флинтолг = 0.218
02:19:49      GoToSettlement → Флинтолг = 0.025
02:19:49    лучшее: PatrolAroundPoint → Жемянь = 2.128
02:19:49    та же цель, приказ повторён (32-й раз): PatrolAroundPoint → Жемянь (оценка 2.128)
02:19:49    после применения: поведение PatrolAroundPoint; цель Жемянь; движется True
02:19:54  час: оценок 15; позиция у Ревиль ((CampaignVec2) X: 265.597 Y: 601.8717 IsOnLand: True); текущее поведение PatrolAroundPoint
02:19:54      GoToSettlement → Жемянь = 0.910
02:19:54      GoToSettlement → Замок Устокол = 1.285
02:19:54      GoToSettlement → Ревиль = 1.486
02:19:54      GoToSettlement → Устокол = 0.620
02:19:54      GoToSettlement → Карбур = 0.692
02:19:54      GoToSettlement → Корсия = 0.565
02:19:54      GoToSettlement → Замок Флинтолг = 0.220
02:19:54      GoToSettlement → Флинтолг = 0.126
02:19:54    лучшее: PatrolAroundPoint → Жемянь = 2.128
02:19:54    та же цель, приказ повторён (33-й раз): PatrolAroundPoint → Жемянь (оценка 2.128)
02:19:54    после применения: поведение PatrolAroundPoint; цель Жемянь; движется True
02:19:59  час: оценок 15; позиция у Ревиль ((CampaignVec2) X: 269.7238 Y: 598.5934 IsOnLand: True); текущее поведение PatrolAroundPoint
02:19:59      GoToSettlement → Замок Устокол = 1.294
02:19:59      GoToSettlement → Жемянь = 0.917
02:19:59      GoToSettlement → Устокол = 0.745
02:19:59      GoToSettlement → Ревиль = 1.580
02:19:59      GoToSettlement → Карбур = 0.731
02:19:59      GoToSettlement → Корсия = 0.587
02:19:59      GoToSettlement → Замок Флинтолг = 0.226
02:19:59      GoToSettlement → Флинтолг = 0.129
02:19:59    лучшее: PatrolAroundPoint → Жемянь = 2.127
02:19:59    та же цель, приказ повторён (34-й раз): PatrolAroundPoint → Жемянь (оценка 2.127)
02:19:59    после применения: поведение PatrolAroundPoint; цель Жемянь; движется True
02:20:04  час: оценок 15; позиция у Ревиль ((CampaignVec2) X: 267.4583 Y: 598.3735 IsOnLand: True); текущее поведение PatrolAroundPoint
02:20:04      GoToSettlement → Жемянь = 0.923
02:20:04      GoToSettlement → Замок Устокол = 1.303
02:20:04      GoToSettlement → Ревиль = 1.641
02:20:04      GoToSettlement → Карбур = 0.718
02:20:04      GoToSettlement → Устокол = 0.623
02:20:04      GoToSettlement → Корсия = 0.590
02:20:04      GoToSettlement → Замок Флинтолг = 0.220
02:20:04      GoToSettlement → Флинтолг = 0.129
02:20:04    лучшее: PatrolAroundPoint → Жемянь = 2.128
02:20:04    та же цель, приказ повторён (35-й раз): PatrolAroundPoint → Жемянь (оценка 2.128)
02:20:04    после применения: поведение PatrolAroundPoint; цель Жемянь; движется True
02:20:09  час: оценок 15; позиция у Ревиль ((CampaignVec2) X: 263.6577 Y: 602.9785 IsOnLand: True); текущее поведение PatrolAroundPoint
02:20:09      GoToSettlement → Жемянь = 0.930
02:20:09      GoToSettlement → Замок Устокол = 1.312
02:20:09      GoToSettlement → Ревиль = 1.573
02:20:09      GoToSettlement → Устокол = 0.642
02:20:09      GoToSettlement → Карбур = 0.692
02:20:09      GoToSettlement → Корсия = 0.568
02:20:09      GoToSettlement → Замок Флинтолг = 0.213
02:20:09      GoToSettlement → Флинтолг = 0.025
02:20:09    лучшее: PatrolAroundPoint → Жемянь = 2.128
02:20:09    та же цель, приказ повторён (36-й раз): PatrolAroundPoint → Жемянь (оценка 2.128)
02:20:09    после применения: поведение PatrolAroundPoint; цель Жемянь; движется True
02:20:14  час: оценок 15; позиция у Ревиль ((CampaignVec2) X: 264.4546 Y: 600.9728 IsOnLand: True); текущее поведение PatrolAroundPoint
02:20:14      GoToSettlement → Жемянь = 0.936
02:20:14      GoToSettlement → Замок Устокол = 1.321
02:20:14      GoToSettlement → Ревиль = 1.613
02:20:14      GoToSettlement → Устокол = 0.646
02:20:14      GoToSettlement → Карбур = 0.704
02:20:14      GoToSettlement → Корсия = 0.580
02:20:14      GoToSettlement → Замок Флинтолг = 0.215
02:20:14      GoToSettlement → Флинтолг = 0.127
02:20:14    лучшее: PatrolAroundPoint → Жемянь = 2.130
02:20:14    та же цель, приказ повторён (37-й раз): PatrolAroundPoint → Жемянь (оценка 2.130)
02:20:14    после применения: поведение PatrolAroundPoint; цель Жемянь; движется True
02:20:19  час: оценок 15; позиция у Ревиль ((CampaignVec2) X: 265.5018 Y: 603.4841 IsOnLand: True); текущее поведение PatrolAroundPoint
02:20:19      GoToSettlement → Жемянь = 0.942
02:20:19      GoToSettlement → Замок Устокол = 1.330
02:20:19      GoToSettlement → Ревиль = 1.625
02:20:19      GoToSettlement → Устокол = 0.641
02:20:19      GoToSettlement → Карбур = 0.710
02:20:19      GoToSettlement → Корсия = 0.578
02:20:19      GoToSettlement → Замок Флинтолг = 0.213
02:20:19      GoToSettlement → Флинтолг = 0.025
02:20:19    лучшее: PatrolAroundPoint → Жемянь = 2.133
02:20:19    та же цель, приказ повторён (38-й раз): PatrolAroundPoint → Жемянь (оценка 2.133)
02:20:19    после применения: поведение PatrolAroundPoint; цель Жемянь; движется True
02:20:24  час: оценок 15; позиция у Ревиль ((CampaignVec2) X: 263.3579 Y: 603.4835 IsOnLand: True); текущее поведение PatrolAroundPoint
02:20:24      GoToSettlement → Жемянь = 0.949
02:20:24      GoToSettlement → Замок Устокол = 1.339
02:20:24      GoToSettlement → Ревиль = 1.681
02:20:24      GoToSettlement → Устокол = 0.656
02:20:24      GoToSettlement → Карбур = 0.702
02:20:24      GoToSettlement → Корсия = 0.577
02:20:24      GoToSettlement → Замок Флинтолг = 0.212
02:20:24      GoToSettlement → Флинтолг = 0.025
02:20:24    лучшее: PatrolAroundPoint → Жемянь = 2.129
02:20:24    та же цель, приказ повторён (39-й раз): PatrolAroundPoint → Жемянь (оценка 2.129)
02:20:24    после применения: поведение PatrolAroundPoint; цель Жемянь; движется True
02:20:29  час: оценок 15; позиция у Ревиль ((CampaignVec2) X: 264.3444 Y: 601.1527 IsOnLand: True); текущее поведение PatrolAroundPoint
02:20:29      GoToSettlement → Жемянь = 0.955
02:20:29      GoToSettlement → Замок Устокол = 1.348
02:20:29      GoToSettlement → Ревиль = 1.728
02:20:29      GoToSettlement → Устокол = 0.660
02:20:29      GoToSettlement → Карбур = 0.717
02:20:29      GoToSettlement → Корсия = 0.591
02:20:29      GoToSettlement → Замок Флинтолг = 0.215
02:20:29      GoToSettlement → Флинтолг = 0.126
02:20:29    лучшее: PatrolAroundPoint → Жемянь = 2.134
02:20:29    та же цель, приказ повторён (40-й раз): PatrolAroundPoint → Жемянь (оценка 2.134)
02:20:29    после применения: поведение PatrolAroundPoint; цель Жемянь; движется True
02:20:34  час: оценок 15; позиция у Ревиль ((CampaignVec2) X: 265.0202 Y: 603.694 IsOnLand: True); текущее поведение PatrolAroundPoint
02:20:34      GoToSettlement → Жемянь = 0.962
02:20:34      GoToSettlement → Замок Устокол = 1.357
02:20:34      GoToSettlement → Ревиль = 1.735
02:20:34      GoToSettlement → Устокол = 0.656
02:20:34      GoToSettlement → Карбур = 0.720
02:20:34      GoToSettlement → Корсия = 0.587
02:20:34      GoToSettlement → Замок Флинтолг = 0.213
02:20:34      GoToSettlement → Флинтолг = 0.025
02:20:34    лучшее: PatrolAroundPoint → Жемянь = 2.135
02:20:34    та же цель, приказ повторён (41-й раз): PatrolAroundPoint → Жемянь (оценка 2.135)
02:20:34    после применения: поведение PatrolAroundPoint; цель Жемянь; движется True
02:20:39  час: оценок 15; позиция у Ревиль ((CampaignVec2) X: 265.7402 Y: 602.861 IsOnLand: True); текущее поведение PatrolAroundPoint
02:20:39      GoToSettlement → Жемянь = 0.968
02:20:39      GoToSettlement → Замок Устокол = 1.366
02:20:39      GoToSettlement → Ревиль = 1.769
02:20:39      GoToSettlement → Устокол = 0.658
02:20:39      GoToSettlement → Карбур = 0.730
02:20:39      GoToSettlement → Корсия = 0.596
02:20:39      GoToSettlement → Замок Флинтолг = 0.214
02:20:39      GoToSettlement → Флинтолг = 0.126
02:20:39    лучшее: PatrolAroundPoint → Жемянь = 2.138
02:20:39    та же цель, приказ повторён (42-й раз): PatrolAroundPoint → Жемянь (оценка 2.138)
02:20:39    после применения: поведение PatrolAroundPoint; цель Жемянь; движется True
02:20:44  час: оценок 15; позиция у Ревиль ((CampaignVec2) X: 266.0585 Y: 599.4708 IsOnLand: True); текущее поведение PatrolAroundPoint
02:20:44      GoToSettlement → Жемянь = 0.974
02:20:44      GoToSettlement → Замок Устокол = 1.375
02:20:44      GoToSettlement → Ревиль = 1.884
02:20:44      GoToSettlement → Устокол = 0.666
02:20:44      GoToSettlement → Карбур = 0.743
02:20:44      GoToSettlement → Корсия = 0.613
02:20:44      GoToSettlement → Замок Флинтолг = 0.217
02:20:44      GoToSettlement → Флинтолг = 0.128
02:20:44    лучшее: PatrolAroundPoint → Жемянь = 2.139
02:20:44    та же цель, приказ повторён (43-й раз): PatrolAroundPoint → Жемянь (оценка 2.139)
02:20:44    после применения: поведение PatrolAroundPoint; цель Жемянь; движется True
02:20:49  час: оценок 15; позиция у Ревиль ((CampaignVec2) X: 265.2853 Y: 600.7446 IsOnLand: True); текущее поведение PatrolAroundPoint
02:20:49      GoToSettlement → Жемянь = 0.981
02:20:49      GoToSettlement → Замок Устокол = 1.384
02:20:49      GoToSettlement → Ревиль = 1.878
02:20:49      GoToSettlement → Устокол = 0.673
02:20:49      GoToSettlement → Карбур = 0.740
02:20:49      GoToSettlement → Корсия = 0.610
02:20:49      GoToSettlement → Замок Флинтолг = 0.215
02:20:49      GoToSettlement → Флинтолг = 0.127
02:20:49    лучшее: PatrolAroundPoint → Жемянь = 2.140
02:20:49    та же цель, приказ повторён (44-й раз): PatrolAroundPoint → Жемянь (оценка 2.140)
02:20:49    после применения: поведение PatrolAroundPoint; цель Жемянь; движется True
02:20:55  час: оценок 15; позиция у Ревиль ((CampaignVec2) X: 263.8168 Y: 601.9976 IsOnLand: True); текущее поведение PatrolAroundPoint
02:20:55      GoToSettlement → Жемянь = 0.987
02:20:55      GoToSettlement → Замок Устокол = 1.393
02:20:55      GoToSettlement → Ревиль = 1.862
02:20:55      GoToSettlement → Устокол = 0.684
02:20:55      GoToSettlement → Карбур = 0.734
02:20:55      GoToSettlement → Корсия = 0.605
02:20:55      GoToSettlement → Замок Флинтолг = 0.213
02:20:55      GoToSettlement → Флинтолг = 0.126
02:20:55    лучшее: PatrolAroundPoint → Жемянь = 2.134
02:20:55    та же цель, приказ повторён (45-й раз): PatrolAroundPoint → Жемянь (оценка 2.134)
02:20:55    после применения: поведение PatrolAroundPoint; цель Жемянь; движется True
02:21:04  час: оценок 15; позиция у Ревиль ((CampaignVec2) X: 268.0068 Y: 596.7807 IsOnLand: True); текущее поведение PatrolAroundPoint
02:21:04      GoToSettlement → Жемянь = 0.994
02:21:04      GoToSettlement → Замок Устокол = 1.402
02:21:04      GoToSettlement → Ревиль = 1.992
02:21:04      GoToSettlement → Карбур = 0.773
02:21:04      GoToSettlement → Устокол = 0.670
02:21:04      GoToSettlement → Корсия = 0.641
02:21:04      GoToSettlement → Замок Флинтолг = 0.221
02:21:04      GoToSettlement → Флинтолг = 0.129
02:21:04    лучшее: PatrolAroundPoint → Жемянь = 2.136
02:21:04    та же цель, приказ повторён (46-й раз): PatrolAroundPoint → Жемянь (оценка 2.136)
02:21:04    после применения: поведение PatrolAroundPoint; цель Жемянь; движется True
02:21:14  час: оценок 15; позиция у Ревиль ((CampaignVec2) X: 261.7576 Y: 603.7583 IsOnLand: True); текущее поведение PatrolAroundPoint
02:21:14      GoToSettlement → Жемянь = 1.000
02:21:14      GoToSettlement → Замок Устокол = 1.403
02:21:14      GoToSettlement → Ревиль = 1.908
02:21:14      GoToSettlement → Устокол = 0.701
02:21:14      GoToSettlement → Карбур = 0.727
02:21:14      GoToSettlement → Корсия = 0.601
02:21:14      GoToSettlement → Замок Флинтолг = 0.209
02:21:14      GoToSettlement → Флинтолг = 0.025
02:21:14    лучшее: PatrolAroundPoint → Жемянь = 2.137
02:21:14    та же цель, приказ повторён (47-й раз): PatrolAroundPoint → Жемянь (оценка 2.137)
02:21:14    после применения: поведение PatrolAroundPoint; цель Жемянь; движется True
02:21:23  час: оценок 15; позиция у Ревиль ((CampaignVec2) X: 267.607 Y: 601.3691 IsOnLand: True); текущее поведение PatrolAroundPoint
02:21:23      GoToSettlement → Жемянь = 1.006
02:21:23      GoToSettlement → Замок Устокол = 1.420
02:21:23      GoToSettlement → Ревиль = 2.043
02:21:23      GoToSettlement → Карбур = 0.771
02:21:23      GoToSettlement → Устокол = 0.677
02:21:23      GoToSettlement → Корсия = 0.629
02:21:23      GoToSettlement → Замок Флинтолг = 0.216
02:21:23      GoToSettlement → Флинтолг = 0.127
02:21:23    лучшее: PatrolAroundPoint → Жемянь = 2.130
02:21:23    та же цель, приказ повторён (48-й раз): PatrolAroundPoint → Жемянь (оценка 2.130)
02:21:23    после применения: поведение PatrolAroundPoint; цель Жемянь; движется True
02:21:33  час: оценок 15; позиция у Ревиль ((CampaignVec2) X: 265.5342 Y: 603.4494 IsOnLand: True); текущее поведение PatrolAroundPoint
02:21:33      GoToSettlement → Жемянь = 1.013
02:21:33      GoToSettlement → Замок Устокол = 1.429
02:21:33      GoToSettlement → Ревиль = 2.006
02:21:33      GoToSettlement → Устокол = 0.689
02:21:33      GoToSettlement → Карбур = 0.758
02:21:33      GoToSettlement → Корсия = 0.620
02:21:33      GoToSettlement → Замок Флинтолг = 0.212
02:21:33      GoToSettlement → Флинтолг = 0.025
02:21:33    лучшее: PatrolAroundPoint → Жемянь = 2.133
02:21:33    та же цель, приказ повторён (49-й раз): PatrolAroundPoint → Жемянь (оценка 2.133)
02:21:33    после применения: поведение PatrolAroundPoint; цель Жемянь; движется True
02:21:43  час: оценок 15; позиция у Ревиль ((CampaignVec2) X: 262.9072 Y: 604.8973 IsOnLand: True); текущее поведение PatrolAroundPoint
02:21:43      GoToSettlement → Жемянь = 1.019
02:21:43      GoToSettlement → Замок Устокол = 1.431
02:21:43      GoToSettlement → Ревиль = 1.968
02:21:43      GoToSettlement → Устокол = 0.705
02:21:43      GoToSettlement → Карбур = 0.744
02:21:43      GoToSettlement → Корсия = 0.611
02:21:43      GoToSettlement → Замок Флинтолг = 0.209
02:21:43      GoToSettlement → Флинтолг = 0.025
02:21:43    лучшее: PatrolAroundPoint → Жемянь = 2.130
02:21:43    та же цель, приказ повторён (50-й раз): PatrolAroundPoint → Жемянь (оценка 2.130)
02:21:43    после применения: поведение PatrolAroundPoint; цель Жемянь; движется True
02:21:53  час: оценок 15; позиция у Ревиль ((CampaignVec2) X: 263.4797 Y: 602.4999 IsOnLand: True); текущее поведение PatrolAroundPoint
02:21:53      GoToSettlement → Жемянь = 1.026
02:21:53      GoToSettlement → Замок Устокол = 1.447
02:21:53      GoToSettlement → Ревиль = 2.069
02:21:53      GoToSettlement → Устокол = 0.712
02:21:53      GoToSettlement → Карбур = 0.757
02:21:53      GoToSettlement → Корсия = 0.625
02:21:53      GoToSettlement → Замок Флинтолг = 0.211
02:21:53      GoToSettlement → Флинтолг = 0.025
02:21:53    лучшее: PatrolAroundPoint → Жемянь = 2.134
02:21:53    та же цель, приказ повторён (51-й раз): PatrolAroundPoint → Жемянь (оценка 2.134)
02:21:53    после применения: поведение PatrolAroundPoint; цель Жемянь; движется True
02:22:06  час: оценок 15; позиция у Ревиль ((CampaignVec2) X: 262.0488 Y: 603.6435 IsOnLand: True); текущее поведение PatrolAroundPoint
02:22:06      GoToSettlement → Жемянь = 1.032
02:22:06      GoToSettlement → Замок Устокол = 1.453
02:22:06      GoToSettlement → Ревиль = 2.052
02:22:06      GoToSettlement → Устокол = 0.723
02:22:06      GoToSettlement → Карбур = 0.750
02:22:06      GoToSettlement → Корсия = 0.621
02:22:06      GoToSettlement → Замок Флинтолг = 0.209
02:22:06      GoToSettlement → Флинтолг = 0.025
02:22:06    лучшее: PatrolAroundPoint → Жемянь = 2.139
02:22:06    та же цель, приказ повторён (52-й раз): PatrolAroundPoint → Жемянь (оценка 2.139)
02:22:06    после применения: поведение PatrolAroundPoint; цель Жемянь; движется True
02:22:17  час: оценок 15; позиция у Ревиль ((CampaignVec2) X: 266.476 Y: 599.7582 IsOnLand: True); текущее поведение PatrolAroundPoint
02:22:17      GoToSettlement → Жемянь = 1.038
02:22:17      GoToSettlement → Замок Устокол = 1.465
02:22:17      GoToSettlement → Ревиль = 2.184
02:22:17      GoToSettlement → Устокол = 0.708
02:22:17      GoToSettlement → Карбур = 0.790
02:22:17      GoToSettlement → Корсия = 0.652
02:22:17      GoToSettlement → Замок Флинтолг = 0.211
02:22:17      GoToSettlement → Флинтолг = 0.128
02:22:17    лучшее: GoToSettlement → Ревиль = 2.184
02:22:17    НОВАЯ ЦЕЛЬ #4: GoToSettlement → Ревиль (оценка 2.184)
02:22:17    после применения: поведение GoToSettlement; цель Ревиль; движется True
02:22:26  час: оценок 15; позиция у Ревиль ((CampaignVec2) X: 279.1959 Y: 594.2214 IsOnLand: True); текущее поведение GoToSettlement
02:22:26      GoToSettlement → Замок Устокол = 1.474
02:22:26      GoToSettlement → Жемянь = 1.027
02:22:26      GoToSettlement → Ревиль = 3.819
02:22:26      GoToSettlement → Карбур = 0.907
02:22:26      GoToSettlement → Устокол = 0.778
02:22:26      GoToSettlement → Корсия = 0.709
02:22:26      GoToSettlement → Замок Флинтолг = 0.224
02:22:26      GoToSettlement → Флинтолг = 0.133
02:22:26    лучшее: GoToSettlement → Ревиль = 3.819
02:22:26    та же цель, приказ повторён (53-й раз): GoToSettlement → Ревиль (оценка 3.819)
02:22:26    после применения: поведение GoToSettlement; цель Ревиль; движется True
02:22:34  час: оценок 15; позиция у Ревиль ((CampaignVec2) X: 288.2771 Y: 590.267 IsOnLand: True); текущее поведение GoToSettlement
02:22:34      GoToSettlement → Ревиль = 4.349
02:22:34      GoToSettlement → Замок Устокол = 1.483
02:22:34      GoToSettlement → Карбур = 1.009
02:22:34      GoToSettlement → Жемянь = 0.919
02:22:34      GoToSettlement → Корсия = 0.900
02:22:34      GoToSettlement → Устокол = 0.721
02:22:34      GoToSettlement → Замок Флинтолг = 0.237
02:22:34      GoToSettlement → Флинтолг = 0.142
02:22:34    лучшее: GoToSettlement → Ревиль = 4.349
02:22:34    та же цель, приказ повторён (54-й раз): GoToSettlement → Ревиль (оценка 4.349)
02:22:34    после применения: поведение GoToSettlement; цель Ревиль; движется True
02:22:40  час: оценок 15; позиция у Ревиль ((CampaignVec2) X: 299.197 Y: 585.5128 IsOnLand: True); текущее поведение GoToSettlement
02:22:40      GoToSettlement → Ревиль = 4.385
02:22:40      GoToSettlement → Карбур = 1.153
02:22:40      GoToSettlement → Замок Устокол = 1.312
02:22:40      GoToSettlement → Корсия = 0.917
02:22:40      GoToSettlement → Жемянь = 0.819
02:22:40      GoToSettlement → Устокол = 0.660
02:22:40      GoToSettlement → Замок Флинтолг = 0.251
02:22:40      GoToSettlement → Флинтолг = 0.148
02:22:40    лучшее: GoToSettlement → Ревиль = 4.385
02:22:40    та же цель, приказ повторён (55-й раз): GoToSettlement → Ревиль (оценка 4.385)
02:22:40    после применения: поведение GoToSettlement; цель Ревиль; движется True
02:22:41  ПРИБЫЛИ в «Ревиль» (прибытие #2)
02:22:41    ОБСЛУЖИВАНИЕ «Ревиль» (прибытие): денег 1287193, резерв 15379 (не меньше 2000 и 7 дн. жалования по 2197)
02:22:41      еда: хватает (на складе 1331, расход 12.3 в день, цель 30 дн.)
02:22:41      найм: партия полна (274 из 274)
02:22:41    ЖДЁМ в «Ревиль»: пункт «Подождать», время UnstoppableFastForward; уйдём, когда пересчёт штатного AI выберет другую цель
02:22:45  час: оценок 15; позиция у Ревиль ((CampaignVec2) X: 300.3447 Y: 583.3357 IsOnLand: True); текущее поведение Hold
02:22:45      GoToSettlement → Ревиль = 2.468
02:22:45      GoToSettlement → Карбур = 0.773
02:22:45      GoToSettlement → Замок Устокол = 0.863
02:22:45      GoToSettlement → Корсия = 0.622
02:22:45      GoToSettlement → Жемянь = 0.539
02:22:45      GoToSettlement → Устокол = 0.438
02:22:45      GoToSettlement → Замок Флинтолг = 0.165
02:22:45      GoToSettlement → Флинтолг = 0.100
02:22:45    лучшее: GoToSettlement → Ревиль = 2.468
02:22:45    остаёмся в «Ревиль»: лучшая цель — само это поселение, как у NPC
02:22:47    ОБСЛУЖИВАНИЕ «Ревиль» (ожидание): денег 1287193, резерв 15379 (не меньше 2000 и 7 дн. жалования по 2197)
02:22:47      еда: хватает (на складе 1331, расход 12.3 в день, цель 30 дн.)
02:22:47      найм: партия полна (274 из 274)
02:22:55  час: оценок 15; позиция у Ревиль ((CampaignVec2) X: 300.3447 Y: 583.3357 IsOnLand: True); текущее поведение Hold
02:22:55      GoToSettlement → Ревиль = 1.784
02:22:55      GoToSettlement → Карбур = 0.777
02:22:55      GoToSettlement → Замок Устокол = 0.868
02:22:55      GoToSettlement → Корсия = 0.625
02:22:55      GoToSettlement → Жемянь = 0.542
02:22:55      GoToSettlement → Устокол = 0.440
02:22:55      GoToSettlement → Замок Флинтолг = 0.165
02:22:55      GoToSettlement → Флинтолг = 0.100
02:22:55    лучшее: PatrolAroundPoint → Жемянь = 1.909
02:22:55    решено уйти из «Ревиль»: PatrolAroundPoint → Жемянь
02:22:57    ожидание в «Ревиль» закончено пунктом «Перестать ждать»
02:22:57    выход изнутри: к воротам → LeaveSettlement → Finish → Hold
02:22:57    ВЫШЛИ из «Ревиль» (подтверждённый выход #2)
02:22:57    время возобновлено (скорость 2): закрытие встречи ставит паузу
02:22:57    НОВАЯ ЦЕЛЬ #5: PatrolAroundPoint → Жемянь (оценка 1.909)
02:22:57    после применения: поведение PatrolAroundPoint; цель Жемянь; движется False
02:23:10  час: оценок 15; позиция у Ревиль ((CampaignVec2) X: 289.8048 Y: 588.9618 IsOnLand: True); текущее поведение PatrolAroundPoint
02:23:10      GoToSettlement → Ревиль = 1.299
02:23:10      GoToSettlement → Замок Устокол = 1.499
02:23:10      GoToSettlement → Карбур = 1.051
02:23:10      GoToSettlement → Жемянь = 0.921
02:23:10      GoToSettlement → Корсия = 0.932
02:23:10      GoToSettlement → Устокол = 0.729
02:23:10      GoToSettlement → Замок Флинтолг = 0.233
02:23:10      GoToSettlement → Флинтолг = 0.143
02:23:10    лучшее: PatrolAroundPoint → Устокол = 1.906
02:23:10    НОВАЯ ЦЕЛЬ #6: PatrolAroundPoint → Устокол (оценка 1.906)
02:23:10    после применения: поведение PatrolAroundPoint; цель Устокол; движется True
02:23:22  час: оценок 15; позиция у Ревиль ((CampaignVec2) X: 278.0252 Y: 590.3077 IsOnLand: True); текущее поведение PatrolAroundPoint
02:23:22      GoToSettlement → Замок Устокол = 1.527
02:23:22      GoToSettlement → Жемянь = 1.046
02:23:22      GoToSettlement → Ревиль = 0.954
02:23:22      GoToSettlement → Карбур = 0.934
02:23:22      GoToSettlement → Устокол = 0.814
02:23:22      GoToSettlement → Корсия = 0.754
02:23:22      GoToSettlement → Замок Флинтолг = 0.218
02:23:22      GoToSettlement → Флинтолг = 0.135
02:23:22    лучшее: PatrolAroundPoint → Устокол = 2.243
02:23:22    та же цель, приказ повторён (56-й раз): PatrolAroundPoint → Устокол (оценка 2.243)
02:23:22    после применения: поведение PatrolAroundPoint; цель Устокол; движется True
02:23:33  час: оценок 15; позиция у Ревиль ((CampaignVec2) X: 266.1375 Y: 590.2592 IsOnLand: True); текущее поведение PatrolAroundPoint
02:23:33      GoToSettlement → Замок Устокол = 1.536
02:23:33      GoToSettlement → Жемянь = 1.090
02:23:33      GoToSettlement → Устокол = 0.923
02:23:33      GoToSettlement → Ревиль = 0.867
02:23:33      GoToSettlement → Карбур = 0.841
02:23:33      GoToSettlement → Корсия = 0.718
02:23:33      GoToSettlement → Замок Флинтолг = 0.209
02:23:33      GoToSettlement → Флинтолг = 0.131
02:23:33    лучшее: PatrolAroundPoint → Устокол = 2.246
02:23:33    та же цель, приказ повторён (57-й раз): PatrolAroundPoint → Устокол (оценка 2.246)
02:23:33    после применения: поведение PatrolAroundPoint; цель Устокол; движется True
02:23:46  час: оценок 15; позиция у Ревиль ((CampaignVec2) X: 252.4635 Y: 592.4316 IsOnLand: True); текущее поведение PatrolAroundPoint
02:23:46      GoToSettlement → Устокол = 1.074
02:23:46      GoToSettlement → Замок Устокол = 1.418
02:23:46      GoToSettlement → Жемянь = 0.845
02:23:46      GoToSettlement → Ревиль = 0.768
02:23:46      GoToSettlement → Карбур = 0.751
02:23:46      GoToSettlement → Корсия = 0.624
02:23:46      GoToSettlement → Замок Флинтолг = 0.190
02:23:46      GoToSettlement → Флинтолг = 0.025
02:23:46    лучшее: PatrolAroundPoint → Устокол = 2.212
02:23:46    та же цель, приказ повторён (58-й раз): PatrolAroundPoint → Устокол (оценка 2.212)
02:23:46    после применения: поведение PatrolAroundPoint; цель Устокол; движется True
02:23:57  час: оценок 15; позиция у Ревиль ((CampaignVec2) X: 238.7677 Y: 594.8483 IsOnLand: True); текущее поведение PatrolAroundPoint
02:23:57      GoToSettlement → Устокол = 1.080
02:23:57      GoToSettlement → Замок Устокол = 1.234
02:23:57      GoToSettlement → Жемянь = 0.770
02:23:57      GoToSettlement → Ревиль = 0.743
02:23:57      GoToSettlement → Карбур = 0.681
02:23:57      GoToSettlement → Корсия = 0.577
02:23:57      GoToSettlement → Замок Флинтолг = 0.025
02:23:57      GoToSettlement → Флинтолг = 0.025
02:23:57    лучшее: PatrolAroundPoint → Устокол = 2.200
02:23:57    та же цель, приказ повторён (59-й раз): PatrolAroundPoint → Устокол (оценка 2.200)
02:23:57    после применения: поведение PatrolAroundPoint; цель Устокол; движется True
02:24:09  час: оценок 15; позиция у Ревиль ((CampaignVec2) X: 240.5774 Y: 599.1014 IsOnLand: True); текущее поведение PatrolAroundPoint
02:24:09      GoToSettlement → Устокол = 1.087
02:24:09      GoToSettlement → Замок Устокол = 1.257
02:24:09      GoToSettlement → Жемянь = 0.793
02:24:09      GoToSettlement → Ревиль = 0.759
02:24:09      GoToSettlement → Карбур = 0.691
02:24:09      GoToSettlement → Корсия = 0.578
02:24:09      GoToSettlement → Замок Флинтолг = 0.025
02:24:09      GoToSettlement → Флинтолг = 0.025
02:24:09    лучшее: PatrolAroundPoint → Устокол = 2.221
02:24:09    та же цель, приказ повторён (60-й раз): PatrolAroundPoint → Устокол (оценка 2.221)
02:24:09    после применения: поведение PatrolAroundPoint; цель Устокол; движется True
02:24:20  час: оценок 15; позиция у Ревиль ((CampaignVec2) X: 241.062 Y: 595.9763 IsOnLand: True); текущее поведение PatrolAroundPoint
02:24:20      GoToSettlement → Устокол = 1.093
02:24:20      GoToSettlement → Замок Устокол = 1.276
02:24:20      GoToSettlement → Жемянь = 0.796
02:24:20      GoToSettlement → Ревиль = 0.777
02:24:20      GoToSettlement → Карбур = 0.699
02:24:20      GoToSettlement → Корсия = 0.589
02:24:20      GoToSettlement → Замок Флинтолг = 0.025
02:24:20      GoToSettlement → Флинтолг = 0.025
02:24:20    лучшее: PatrolAroundPoint → Устокол = 2.228
02:24:20    та же цель, приказ повторён (61-й раз): PatrolAroundPoint → Устокол (оценка 2.228)
02:24:20    после применения: поведение PatrolAroundPoint; цель Устокол; движется True
02:24:31  час: оценок 15; позиция у Ревиль ((CampaignVec2) X: 235.331 Y: 596.3417 IsOnLand: True); текущее поведение PatrolAroundPoint
02:24:31      GoToSettlement → Устокол = 1.099
02:24:31      GoToSettlement → Замок Устокол = 1.213
02:24:31      GoToSettlement → Жемянь = 0.764
02:24:31      GoToSettlement → Ревиль = 0.755
02:24:31      GoToSettlement → Карбур = 0.675
02:24:31      GoToSettlement → Корсия = 0.573
02:24:31      GoToSettlement → Замок Флинтолг = 0.025
02:24:31      GoToSettlement → Флинтолг = 0.025
02:24:31    лучшее: PatrolAroundPoint → Устокол = 2.201
02:24:31    та же цель, приказ повторён (62-й раз): PatrolAroundPoint → Устокол (оценка 2.201)
02:24:31    после применения: поведение PatrolAroundPoint; цель Устокол; движется True
02:24:42  час: оценок 15; позиция у Ревиль ((CampaignVec2) X: 238.8693 Y: 596.5614 IsOnLand: True); текущее поведение PatrolAroundPoint
02:24:42      GoToSettlement → Устокол = 1.106
02:24:42      GoToSettlement → Замок Устокол = 1.262
02:24:42      GoToSettlement → Жемянь = 0.792
02:24:42      GoToSettlement → Ревиль = 0.834
02:24:42      GoToSettlement → Карбур = 0.695
02:24:42      GoToSettlement → Корсия = 0.587
02:24:42      GoToSettlement → Замок Флинтолг = 0.025
02:24:42      GoToSettlement → Флинтолг = 0.025
02:24:42    лучшее: PatrolAroundPoint → Устокол = 2.189
02:24:42    та же цель, приказ повторён (63-й раз): PatrolAroundPoint → Устокол (оценка 2.189)
02:24:42    после применения: поведение PatrolAroundPoint; цель Устокол; движется True
02:24:53  час: оценок 15; позиция у Ревиль ((CampaignVec2) X: 238.4995 Y: 599.5674 IsOnLand: True); текущее поведение PatrolAroundPoint
02:24:53      GoToSettlement → Устокол = 1.112
02:24:53      GoToSettlement → Замок Устокол = 1.260
02:24:53      GoToSettlement → Жемянь = 0.798
02:24:53      GoToSettlement → Ревиль = 0.839
02:24:53      GoToSettlement → Карбур = 0.695
02:24:53      GoToSettlement → Корсия = 0.583
02:24:53      GoToSettlement → Замок Флинтолг = 0.025
02:24:53      GoToSettlement → Флинтолг = 0.025
02:24:53    лучшее: PatrolAroundPoint → Устокол = 2.172
02:24:53    та же цель, приказ повторён (64-й раз): PatrolAroundPoint → Устокол (оценка 2.172)
02:24:53    после применения: поведение PatrolAroundPoint; цель Устокол; движется True
02:25:03  час: оценок 15; позиция у Ревиль ((CampaignVec2) X: 236.5023 Y: 595.9155 IsOnLand: True); текущее поведение PatrolAroundPoint
02:25:03      GoToSettlement → Устокол = 1.119
02:25:03      GoToSettlement → Замок Устокол = 1.248
02:25:03      GoToSettlement → Жемянь = 0.784
02:25:03      GoToSettlement → Ревиль = 0.843
02:25:03      GoToSettlement → Карбур = 0.692
02:25:03      GoToSettlement → Корсия = 0.587
02:25:03      GoToSettlement → Замок Флинтолг = 0.025
02:25:03      GoToSettlement → Флинтолг = 0.025
02:25:03    лучшее: PatrolAroundPoint → Устокол = 2.165
02:25:03    та же цель, приказ повторён (65-й раз): PatrolAroundPoint → Устокол (оценка 2.165)
02:25:03    после применения: поведение PatrolAroundPoint; цель Устокол; движется True
02:25:13  час: оценок 15; позиция у Ревиль ((CampaignVec2) X: 240.9201 Y: 595.9689 IsOnLand: True); текущее поведение PatrolAroundPoint
02:25:13      GoToSettlement → Устокол = 1.125
02:25:13      GoToSettlement → Замок Устокол = 1.310
02:25:13      GoToSettlement → Жемянь = 0.818
02:25:13      GoToSettlement → Ревиль = 0.884
02:25:13      GoToSettlement → Карбур = 0.717
02:25:13      GoToSettlement → Корсия = 0.604
02:25:13      GoToSettlement → Замок Флинтолг = 0.025
02:25:13      GoToSettlement → Флинтолг = 0.025
02:25:13    лучшее: PatrolAroundPoint → Устокол = 2.153
02:25:13    та же цель, приказ повторён (66-й раз): PatrolAroundPoint → Устокол (оценка 2.153)
02:25:13    после применения: поведение PatrolAroundPoint; цель Устокол; движется True
02:25:23  час: оценок 15; позиция у Ревиль ((CampaignVec2) X: 234.1787 Y: 595.797 IsOnLand: True); текущее поведение PatrolAroundPoint
02:25:23      GoToSettlement → Устокол = 1.131
02:25:23      GoToSettlement → Замок Устокол = 1.234
02:25:23      GoToSettlement → Жемянь = 0.778
02:25:23      GoToSettlement → Ревиль = 0.899
02:25:23      GoToSettlement → Карбур = 0.688
02:25:23      GoToSettlement → Корсия = 0.586
02:25:23      GoToSettlement → Замок Флинтолг = 0.025
02:25:23      GoToSettlement → Флинтолг = 0.025
02:25:23    лучшее: PatrolAroundPoint → Устокол = 2.145
02:25:23    та же цель, приказ повторён (67-й раз): PatrolAroundPoint → Устокол (оценка 2.145)
02:25:23    после применения: поведение PatrolAroundPoint; цель Устокол; движется True
02:25:34  час: оценок 15; позиция у Ревиль ((CampaignVec2) X: 244.505 Y: 595.8959 IsOnLand: True); текущее поведение PatrolAroundPoint
02:25:34      GoToSettlement → Устокол = 1.138
02:25:34      GoToSettlement → Замок Устокол = 1.374
02:25:34      GoToSettlement → Жемянь = 0.853
02:25:34      GoToSettlement → Ревиль = 0.985
02:25:34      GoToSettlement → Карбур = 0.743
02:25:34      GoToSettlement → Корсия = 0.623
02:25:34      GoToSettlement → Замок Флинтолг = 0.025
02:25:34      GoToSettlement → Флинтолг = 0.025
02:25:34    лучшее: PatrolAroundPoint → Устокол = 2.132
02:25:34    та же цель, приказ повторён (68-й раз): PatrolAroundPoint → Устокол (оценка 2.132)
02:25:34    после применения: поведение PatrolAroundPoint; цель Устокол; движется True
02:25:44  час: оценок 15; позиция у Ревиль ((CampaignVec2) X: 240.5763 Y: 596.4344 IsOnLand: True); текущее поведение PatrolAroundPoint
02:25:44      GoToSettlement → Устокол = 1.144
02:25:44      GoToSettlement → Замок Устокол = 1.327
02:25:44      GoToSettlement → Жемянь = 0.830
02:25:44      GoToSettlement → Ревиль = 0.967
02:25:44      GoToSettlement → Карбур = 0.726
02:25:44      GoToSettlement → Корсия = 0.612
02:25:44      GoToSettlement → Замок Флинтолг = 0.025
02:25:44      GoToSettlement → Флинтолг = 0.025
02:25:44    лучшее: PatrolAroundPoint → Устокол = 2.131
02:25:44    та же цель, приказ повторён (69-й раз): PatrolAroundPoint → Устокол (оценка 2.131)
02:25:44    после применения: поведение PatrolAroundPoint; цель Устокол; движется True
02:25:55  час: оценок 15; позиция у Ревиль ((CampaignVec2) X: 241.3678 Y: 597.8785 IsOnLand: True); текущее поведение PatrolAroundPoint
02:25:55      GoToSettlement → Устокол = 1.151
02:25:55      GoToSettlement → Замок Устокол = 1.343
02:25:55      GoToSettlement → Жемянь = 0.843
02:25:55      GoToSettlement → Ревиль = 0.983
02:25:55      GoToSettlement → Карбур = 0.733
02:25:55      GoToSettlement → Корсия = 0.615
02:25:55      GoToSettlement → Замок Флинтолг = 0.025
02:25:55      GoToSettlement → Флинтолг = 0.025
02:25:55    лучшее: PatrolAroundPoint → Устокол = 2.121
02:25:55    та же цель, приказ повторён (70-й раз): PatrolAroundPoint → Устокол (оценка 2.121)
02:25:55    после применения: поведение PatrolAroundPoint; цель Устокол; движется True
02:26:06  час: оценок 15; позиция у Ревиль ((CampaignVec2) X: 246.2292 Y: 594.6843 IsOnLand: True); текущее поведение PatrolAroundPoint
02:26:06      GoToSettlement → Устокол = 1.157
02:26:06      GoToSettlement → Замок Устокол = 1.424
02:26:06      GoToSettlement → Жемянь = 0.876
02:26:06      GoToSettlement → Ревиль = 1.091
02:26:06      GoToSettlement → Карбур = 0.765
02:26:06      GoToSettlement → Корсия = 0.642
02:26:06      GoToSettlement → Замок Флинтолг = 0.183
02:26:06      GoToSettlement → Флинтолг = 0.025
02:26:06    лучшее: PatrolAroundPoint → Устокол = 2.118
02:26:06    та же цель, приказ повторён (71-й раз): PatrolAroundPoint → Устокол (оценка 2.118)
02:26:06    после применения: поведение PatrolAroundPoint; цель Устокол; движется True
02:26:17  час: оценок 15; позиция у Ревиль ((CampaignVec2) X: 242.7777 Y: 596.2211 IsOnLand: True); текущее поведение PatrolAroundPoint
02:26:17      GoToSettlement → Устокол = 1.163
02:26:17      GoToSettlement → Замок Устокол = 1.379
02:26:17      GoToSettlement → Жемянь = 0.860
02:26:17      GoToSettlement → Ревиль = 1.073
02:26:17      GoToSettlement → Карбур = 0.749
02:26:17      GoToSettlement → Корсия = 0.630
02:26:17      GoToSettlement → Замок Флинтолг = 0.025
02:26:17      GoToSettlement → Флинтолг = 0.025
02:26:17    лучшее: PatrolAroundPoint → Устокол = 2.170
02:26:17    та же цель, приказ повторён (72-й раз): PatrolAroundPoint → Устокол (оценка 2.170)
02:26:17    после применения: поведение PatrolAroundPoint; цель Устокол; движется True
02:26:31  час: оценок 15; позиция у Ревиль ((CampaignVec2) X: 240.7909 Y: 594.9612 IsOnLand: True); текущее поведение PatrolAroundPoint
02:26:31      GoToSettlement → Устокол = 1.170
02:26:31      GoToSettlement → Замок Устокол = 1.360
02:26:31      GoToSettlement → Жемянь = 0.847
02:26:31      GoToSettlement → Ревиль = 1.072
02:26:31      GoToSettlement → Карбур = 0.743
02:26:31      GoToSettlement → Корсия = 0.629
02:26:31      GoToSettlement → Замок Флинтолг = 0.025
02:26:31      GoToSettlement → Флинтолг = 0.025
02:26:31    лучшее: PatrolAroundPoint → Устокол = 2.201
02:26:31    та же цель, приказ повторён (73-й раз): PatrolAroundPoint → Устокол (оценка 2.201)
02:26:31    после применения: поведение PatrolAroundPoint; цель Устокол; движется True
02:26:43  час: оценок 15; позиция у Ревиль ((CampaignVec2) X: 245.5585 Y: 594.3521 IsOnLand: True); текущее поведение PatrolAroundPoint
02:26:43      GoToSettlement → Устокол = 1.176
02:26:43      GoToSettlement → Замок Устокол = 1.437
02:26:43      GoToSettlement → Жемянь = 0.884
02:26:43      GoToSettlement → Ревиль = 1.127
02:26:43      GoToSettlement → Карбур = 0.773
02:26:43      GoToSettlement → Корсия = 0.650
02:26:43      GoToSettlement → Замок Флинтолг = 0.180
02:26:43      GoToSettlement → Флинтолг = 0.025
02:26:43    лучшее: PatrolAroundPoint → Устокол = 2.214
02:26:43    та же цель, приказ повторён (74-й раз): PatrolAroundPoint → Устокол (оценка 2.214)
02:26:43    после применения: поведение PatrolAroundPoint; цель Устокол; движется True
02:26:54  час: оценок 15; позиция у Ревиль ((CampaignVec2) X: 238.9141 Y: 594.3667 IsOnLand: True); текущее поведение PatrolAroundPoint
02:26:54      GoToSettlement → Устокол = 1.183
02:26:54      GoToSettlement → Замок Устокол = 1.350
02:26:54      GoToSettlement → Жемянь = 0.841
02:26:54      GoToSettlement → Ревиль = 1.129
02:26:54      GoToSettlement → Карбур = 0.741
02:26:54      GoToSettlement → Корсия = 0.630
02:26:54      GoToSettlement → Замок Флинтолг = 0.025
02:26:54      GoToSettlement → Флинтолг = 0.025
02:26:54    лучшее: PatrolAroundPoint → Устокол = 2.233
02:26:54    та же цель, приказ повторён (75-й раз): PatrolAroundPoint → Устокол (оценка 2.233)
02:26:54    после применения: поведение PatrolAroundPoint; цель Устокол; движется True
02:27:05  час: оценок 15; позиция у Ревиль ((CampaignVec2) X: 237.2258 Y: 596.0597 IsOnLand: True); текущее поведение PatrolAroundPoint
02:27:05      GoToSettlement → Устокол = 1.189
02:27:05      GoToSettlement → Замок Устокол = 1.334
02:27:05      GoToSettlement → Жемянь = 0.838
02:27:05      GoToSettlement → Ревиль = 1.125
02:27:05      GoToSettlement → Карбур = 0.735
02:27:05      GoToSettlement → Корсия = 0.624
02:27:05      GoToSettlement → Замок Флинтолг = 0.025
02:27:05      GoToSettlement → Флинтолг = 0.025
02:27:05    лучшее: PatrolAroundPoint → Устокол = 2.246
02:27:05    та же цель, приказ повторён (76-й раз): PatrolAroundPoint → Устокол (оценка 2.246)
02:27:05    после применения: поведение PatrolAroundPoint; цель Устокол; движется True
02:27:16  час: оценок 15; позиция у Ревиль ((CampaignVec2) X: 244.2995 Y: 594.4406 IsOnLand: True); текущее поведение PatrolAroundPoint
02:27:16      GoToSettlement → Устокол = 1.195
02:27:16      GoToSettlement → Замок Устокол = 1.441
02:27:16      GoToSettlement → Жемянь = 0.889
02:27:16      GoToSettlement → Ревиль = 1.206
02:27:16      GoToSettlement → Карбур = 0.777
02:27:16      GoToSettlement → Корсия = 0.656
02:27:16      GoToSettlement → Замок Флинтолг = 0.179
02:27:16      GoToSettlement → Флинтолг = 0.025
02:27:16    лучшее: PatrolAroundPoint → Устокол = 2.233
02:27:16    та же цель, приказ повторён (77-й раз): PatrolAroundPoint → Устокол (оценка 2.233)
02:27:16    после применения: поведение PatrolAroundPoint; цель Устокол; движется True
02:27:28  час: оценок 15; позиция у Ревиль ((CampaignVec2) X: 239.9671 Y: 599.128 IsOnLand: True); текущее поведение PatrolAroundPoint
02:27:28      GoToSettlement → Устокол = 1.202
02:27:28      GoToSettlement → Замок Устокол = 1.379
02:27:28      GoToSettlement → Жемянь = 0.871
02:27:28      GoToSettlement → Ревиль = 1.170
02:27:28      GoToSettlement → Карбур = 0.754
02:27:28      GoToSettlement → Корсия = 0.634
02:27:28      GoToSettlement → Замок Флинтолг = 0.025
02:27:28      GoToSettlement → Флинтолг = 0.025
02:27:28    лучшее: PatrolAroundPoint → Устокол = 2.214
02:27:28    та же цель, приказ повторён (78-й раз): PatrolAroundPoint → Устокол (оценка 2.214)
02:27:28    после применения: поведение PatrolAroundPoint; цель Устокол; движется True
02:27:38  час: оценок 15; позиция у Ревиль ((CampaignVec2) X: 239.5774 Y: 595.2775 IsOnLand: True); текущее поведение PatrolAroundPoint
02:27:38      GoToSettlement → Устокол = 1.208
02:27:38      GoToSettlement → Замок Устокол = 1.387
02:27:38      GoToSettlement → Жемянь = 0.866
02:27:38      GoToSettlement → Ревиль = 1.231
02:27:38      GoToSettlement → Карбур = 0.758
02:27:38      GoToSettlement → Корсия = 0.644
02:27:38      GoToSettlement → Замок Флинтолг = 0.025
02:27:38      GoToSettlement → Флинтолг = 0.025
02:27:38    лучшее: PatrolAroundPoint → Устокол = 2.206
02:27:38    та же цель, приказ повторён (79-й раз): PatrolAroundPoint → Устокол (оценка 2.206)
02:27:38    после применения: поведение PatrolAroundPoint; цель Устокол; движется True
02:27:49  час: оценок 15; позиция у Ревиль ((CampaignVec2) X: 242.7615 Y: 596.2598 IsOnLand: True); текущее поведение PatrolAroundPoint
02:27:49      GoToSettlement → Устокол = 1.215
02:27:49      GoToSettlement → Замок Устокол = 1.438
02:27:49      GoToSettlement → Жемянь = 0.897
02:27:49      GoToSettlement → Ревиль = 1.275
02:27:49      GoToSettlement → Карбур = 0.779
02:27:49      GoToSettlement → Корсия = 0.656
02:27:49      GoToSettlement → Замок Флинтолг = 0.025
02:27:49      GoToSettlement → Флинтолг = 0.025
02:27:49    лучшее: PatrolAroundPoint → Устокол = 2.192
02:27:49    та же цель, приказ повторён (80-й раз): PatrolAroundPoint → Устокол (оценка 2.192)
02:27:49    после применения: поведение PatrolAroundPoint; цель Устокол; движется True
02:27:59  час: оценок 15; позиция у Ревиль ((CampaignVec2) X: 240.2429 Y: 596.4838 IsOnLand: True); текущее поведение PatrolAroundPoint
02:27:59      GoToSettlement → Устокол = 1.221
02:27:59      GoToSettlement → Замок Устокол = 1.409
02:27:59      GoToSettlement → Жемянь = 0.883
02:27:59      GoToSettlement → Ревиль = 1.264
02:27:59      GoToSettlement → Карбур = 0.768
02:27:59      GoToSettlement → Корсия = 0.650
02:27:59      GoToSettlement → Замок Флинтолг = 0.025
02:27:59      GoToSettlement → Флинтолг = 0.025
02:27:59    лучшее: PatrolAroundPoint → Устокол = 2.185
02:27:59    та же цель, приказ повторён (81-й раз): PatrolAroundPoint → Устокол (оценка 2.185)
02:27:59    после применения: поведение PatrolAroundPoint; цель Устокол; движется True
02:28:10  час: оценок 15; позиция у Ревиль ((CampaignVec2) X: 241.8686 Y: 596.8769 IsOnLand: True); текущее поведение PatrolAroundPoint
02:28:10      GoToSettlement → Устокол = 1.227
02:28:10      GoToSettlement → Замок Устокол = 1.439
02:28:10      GoToSettlement → Жемянь = 0.900
02:28:10      GoToSettlement → Ревиль = 1.293
02:28:10      GoToSettlement → Карбур = 0.781
02:28:10      GoToSettlement → Корсия = 0.658
02:28:10      GoToSettlement → Замок Флинтолг = 0.025
02:28:10      GoToSettlement → Флинтолг = 0.025
02:28:10    лучшее: PatrolAroundPoint → Устокол = 2.175
02:28:10    та же цель, приказ повторён (82-й раз): PatrolAroundPoint → Устокол (оценка 2.175)
02:28:10    после применения: поведение PatrolAroundPoint; цель Устокол; движется True
02:28:21  час: оценок 15; позиция у Ревиль ((CampaignVec2) X: 241.4668 Y: 596.7361 IsOnLand: True); текущее поведение PatrolAroundPoint
02:28:21      GoToSettlement → Устокол = 1.234
02:28:21      GoToSettlement → Замок Устокол = 1.441
02:28:21      GoToSettlement → Жемянь = 0.902
02:28:21      GoToSettlement → Ревиль = 1.344
02:28:21      GoToSettlement → Карбур = 0.782
02:28:21      GoToSettlement → Корсия = 0.660
02:28:21      GoToSettlement → Замок Флинтолг = 0.025
02:28:21      GoToSettlement → Флинтолг = 0.025
02:28:21    лучшее: PatrolAroundPoint → Устокол = 2.169
02:28:21    та же цель, приказ повторён (83-й раз): PatrolAroundPoint → Устокол (оценка 2.169)
02:28:21    после применения: поведение PatrolAroundPoint; цель Устокол; движется True
02:28:33  час: оценок 15; позиция у Ревиль ((CampaignVec2) X: 238.1927 Y: 595.9454 IsOnLand: True); текущее поведение PatrolAroundPoint
02:28:33      GoToSettlement → Устокол = 1.240
02:28:33      GoToSettlement → Замок Устокол = 1.403
02:28:33      GoToSettlement → Жемянь = 0.880
02:28:33      GoToSettlement → Ревиль = 1.327
02:28:33      GoToSettlement → Карбур = 0.769
02:28:33      GoToSettlement → Корсия = 0.653
02:28:33      GoToSettlement → Замок Флинтолг = 0.025
02:28:33      GoToSettlement → Флинтолг = 0.025
02:28:33    лучшее: PatrolAroundPoint → Устокол = 2.160
02:28:33    та же цель, приказ повторён (84-й раз): PatrolAroundPoint → Устокол (оценка 2.160)
02:28:33    после применения: поведение PatrolAroundPoint; цель Устокол; движется True
02:28:44  час: оценок 15; позиция у Ревиль ((CampaignVec2) X: 237.9061 Y: 596.3979 IsOnLand: True); текущее поведение PatrolAroundPoint
02:28:44      GoToSettlement → Устокол = 1.247
02:28:44      GoToSettlement → Замок Устокол = 1.405
02:28:44      GoToSettlement → Жемянь = 0.883
02:28:44      GoToSettlement → Ревиль = 1.338
02:28:44      GoToSettlement → Карбур = 0.770
02:28:44      GoToSettlement → Корсия = 0.655
02:28:44      GoToSettlement → Замок Флинтолг = 0.025
02:28:44      GoToSettlement → Флинтолг = 0.025
02:28:44    лучшее: PatrolAroundPoint → Устокол = 2.182
02:28:44    та же цель, приказ повторён (85-й раз): PatrolAroundPoint → Устокол (оценка 2.182)
02:28:44    после применения: поведение PatrolAroundPoint; цель Устокол; движется True
02:28:56  час: оценок 15; позиция у Ревиль ((CampaignVec2) X: 235.0195 Y: 595.2972 IsOnLand: True); текущее поведение PatrolAroundPoint
02:28:56      GoToSettlement → Устокол = 1.253
02:28:56      GoToSettlement → Замок Устокол = 1.375
02:28:56      GoToSettlement → Жемянь = 0.865
02:28:56      GoToSettlement → Ревиль = 1.326
02:28:56      GoToSettlement → Карбур = 0.760
02:28:56      GoToSettlement → Корсия = 0.650
02:28:56      GoToSettlement → Замок Флинтолг = 0.025
02:28:56      GoToSettlement → Флинтолг = 0.025
02:28:56    лучшее: PatrolAroundPoint → Устокол = 2.191
02:28:56    та же цель, приказ повторён (86-й раз): PatrolAroundPoint → Устокол (оценка 2.191)
02:28:56    после применения: поведение PatrolAroundPoint; цель Устокол; движется True
02:29:08  час: оценок 14; позиция у Ревиль ((CampaignVec2) X: 241.5899 Y: 595.1503 IsOnLand: True); текущее поведение PatrolAroundPoint
02:29:08      GoToSettlement → Устокол = 1.259
02:29:08      GoToSettlement → Замок Устокол = 1.474
02:29:08      GoToSettlement → Жемянь = 0.917
02:29:08      GoToSettlement → Ревиль = 1.446
02:29:08      GoToSettlement → Карбур = 0.799
02:29:08      GoToSettlement → Корсия = 0.677
02:29:08      GoToSettlement → Замок Флинтолг = 0.025
02:29:08      GoToSettlement → Флинтолг = 0.025
02:29:08    лучшее: PatrolAroundPoint → Устокол = 2.184
02:29:08    та же цель, приказ повторён (87-й раз): PatrolAroundPoint → Устокол (оценка 2.184)
02:29:08    после применения: поведение PatrolAroundPoint; цель Устокол; движется True
02:29:20  час: оценок 15; позиция у Ревиль ((CampaignVec2) X: 245.5499 Y: 596.697 IsOnLand: True); текущее поведение PatrolAroundPoint
02:29:20      GoToSettlement → Устокол = 1.266
02:29:20      GoToSettlement → Замок Устокол = 1.540
02:29:20      GoToSettlement → Жемянь = 0.958
02:29:20      GoToSettlement → Ревиль = 1.503
02:29:20      GoToSettlement → Карбур = 0.825
02:29:20      GoToSettlement → Корсия = 0.692
02:29:20      GoToSettlement → Замок Флинтолг = 0.025
02:29:20      GoToSettlement → Флинтолг = 0.025
02:29:20    лучшее: PatrolAroundPoint → Устокол = 2.171
02:29:20    та же цель, приказ повторён (88-й раз): PatrolAroundPoint → Устокол (оценка 2.171)
02:29:20    после применения: поведение PatrolAroundPoint; цель Устокол; движется True
02:29:31  час: оценок 15; позиция у Ревиль ((CampaignVec2) X: 241.5542 Y: 594.5095 IsOnLand: True); текущее поведение PatrolAroundPoint
02:29:31      GoToSettlement → Устокол = 1.272
02:29:31      GoToSettlement → Замок Устокол = 1.488
02:29:31      GoToSettlement → Жемянь = 0.924
02:29:31      GoToSettlement → Ревиль = 1.477
02:29:31      GoToSettlement → Карбур = 0.807
02:29:31      GoToSettlement → Корсия = 0.685
02:29:31      GoToSettlement → Замок Флинтолг = 0.025
02:29:31      GoToSettlement → Флинтолг = 0.025
02:29:31    лучшее: PatrolAroundPoint → Устокол = 2.166
02:29:31    та же цель, приказ повторён (89-й раз): PatrolAroundPoint → Устокол (оценка 2.166)
02:29:31    после применения: поведение PatrolAroundPoint; цель Устокол; движется True
02:29:43  час: оценок 15; позиция у Ревиль ((CampaignVec2) X: 244.2902 Y: 597.4968 IsOnLand: True); текущее поведение PatrolAroundPoint
02:29:43      GoToSettlement → Устокол = 1.279
02:29:43      GoToSettlement → Замок Устокол = 1.534
02:29:43      GoToSettlement → Жемянь = 0.959
02:29:43      GoToSettlement → Ревиль = 1.517
02:29:43      GoToSettlement → Карбур = 0.824
02:29:43      GoToSettlement → Корсия = 0.692
02:29:43      GoToSettlement → Замок Флинтолг = 0.025
02:29:43      GoToSettlement → Флинтолг = 0.025
02:29:43    лучшее: PatrolAroundPoint → Устокол = 2.160
02:29:43    та же цель, приказ повторён (90-й раз): PatrolAroundPoint → Устокол (оценка 2.160)
02:29:43    после применения: поведение PatrolAroundPoint; цель Устокол; движется True
02:29:55  час: оценок 15; позиция у Ревиль ((CampaignVec2) X: 241.6791 Y: 598.641 IsOnLand: True); текущее поведение PatrolAroundPoint
02:29:55      GoToSettlement → Устокол = 1.285
02:29:55      GoToSettlement → Замок Устокол = 1.498
02:29:55      GoToSettlement → Жемянь = 0.944
02:29:55      GoToSettlement → Ревиль = 1.531
02:29:55      GoToSettlement → Карбур = 0.811
02:29:55      GoToSettlement → Корсия = 0.683
02:29:55      GoToSettlement → Замок Флинтолг = 0.025
02:29:55      GoToSettlement → Флинтолг = 0.025
02:29:55    лучшее: PatrolAroundPoint → Устокол = 2.156
02:29:55    та же цель, приказ повторён (91-й раз): PatrolAroundPoint → Устокол (оценка 2.156)
02:29:55    после применения: поведение PatrolAroundPoint; цель Устокол; движется True
02:30:06  час: оценок 15; позиция у Ревиль ((CampaignVec2) X: 240.2349 Y: 595.2507 IsOnLand: True); текущее поведение PatrolAroundPoint
02:30:06      GoToSettlement → Устокол = 1.291
02:30:06      GoToSettlement → Замок Устокол = 1.490
02:30:06      GoToSettlement → Жемянь = 0.930
02:30:06      GoToSettlement → Ревиль = 1.539
02:30:06      GoToSettlement → Карбур = 0.810
02:30:06      GoToSettlement → Корсия = 0.688
02:30:06      GoToSettlement → Замок Флинтолг = 0.025
02:30:06      GoToSettlement → Флинтолг = 0.025
02:30:06    лучшее: PatrolAroundPoint → Устокол = 2.153
02:30:06    та же цель, приказ повторён (92-й раз): PatrolAroundPoint → Устокол (оценка 2.153)
02:30:06    после применения: поведение PatrolAroundPoint; цель Устокол; движется True
02:30:17  час: оценок 15; позиция у Ревиль ((CampaignVec2) X: 237.6511 Y: 594.8897 IsOnLand: True); текущее поведение PatrolAroundPoint
02:30:17      GoToSettlement → Устокол = 1.298
02:30:17      GoToSettlement → Замок Устокол = 1.460
02:30:17      GoToSettlement → Жемянь = 0.914
02:30:17      GoToSettlement → Ревиль = 1.525
02:30:17      GoToSettlement → Карбур = 0.799
02:30:17      GoToSettlement → Корсия = 0.683
02:30:17      GoToSettlement → Замок Флинтолг = 0.025
02:30:17      GoToSettlement → Флинтолг = 0.025
02:30:17    лучшее: PatrolAroundPoint → Устокол = 2.150
02:30:17    та же цель, приказ повторён (93-й раз): PatrolAroundPoint → Устокол (оценка 2.150)
02:30:17    после применения: поведение PatrolAroundPoint; цель Устокол; движется True
02:30:28  час: оценок 15; позиция у Ревиль ((CampaignVec2) X: 238.7859 Y: 597.5322 IsOnLand: True); текущее поведение PatrolAroundPoint
02:30:28      GoToSettlement → Устокол = 1.304
02:30:28      GoToSettlement → Замок Устокол = 1.480
02:30:28      GoToSettlement → Жемянь = 0.932
02:30:28      GoToSettlement → Ревиль = 1.547
02:30:28      GoToSettlement → Карбур = 0.807
02:30:28      GoToSettlement → Корсия = 0.685
02:30:28      GoToSettlement → Замок Флинтолг = 0.025
02:30:28      GoToSettlement → Флинтолг = 0.025
02:30:28    лучшее: PatrolAroundPoint → Устокол = 2.151
02:30:28    та же цель, приказ повторён (94-й раз): PatrolAroundPoint → Устокол (оценка 2.151)
02:30:28    после применения: поведение PatrolAroundPoint; цель Устокол; движется True
02:30:38  час: оценок 15; позиция у Ревиль ((CampaignVec2) X: 243.2104 Y: 597.7488 IsOnLand: True); текущее поведение PatrolAroundPoint
02:30:38      GoToSettlement → Устокол = 1.311
02:30:38      GoToSettlement → Замок Устокол = 1.553
02:30:38      GoToSettlement → Жемянь = 0.974
02:30:38      GoToSettlement → Ревиль = 1.645
02:30:38      GoToSettlement → Карбур = 0.836
02:30:38      GoToSettlement → Корсия = 0.704
02:30:38      GoToSettlement → Замок Флинтолг = 0.025
02:30:38      GoToSettlement → Флинтолг = 0.025
02:30:38    лучшее: PatrolAroundPoint → Устокол = 2.179
02:30:38    та же цель, приказ повторён (95-й раз): PatrolAroundPoint → Устокол (оценка 2.179)
02:30:38    после применения: поведение PatrolAroundPoint; цель Устокол; движется True
02:30:48  час: оценок 15; позиция у Ревиль ((CampaignVec2) X: 239.1045 Y: 597.9172 IsOnLand: True); текущее поведение PatrolAroundPoint
02:30:48      GoToSettlement → Устокол = 1.317
02:30:48      GoToSettlement → Замок Устокол = 1.498
02:30:48      GoToSettlement → Жемянь = 0.944
02:30:48      GoToSettlement → Ревиль = 1.609
02:30:48      GoToSettlement → Карбур = 0.816
02:30:48      GoToSettlement → Корсия = 0.691
02:30:48      GoToSettlement → Замок Флинтолг = 0.025
02:30:48      GoToSettlement → Флинтолг = 0.025
02:30:48    лучшее: PatrolAroundPoint → Устокол = 2.212
02:30:48    та же цель, приказ повторён (96-й раз): PatrolAroundPoint → Устокол (оценка 2.212)
02:30:48    после применения: поведение PatrolAroundPoint; цель Устокол; движется True
02:30:59  час: оценок 15; позиция у Ревиль ((CampaignVec2) X: 239.4742 Y: 595.7938 IsOnLand: True); текущее поведение PatrolAroundPoint
02:30:59      GoToSettlement → Устокол = 1.323
02:30:59      GoToSettlement → Замок Устокол = 1.514
02:30:59      GoToSettlement → Жемянь = 0.948
02:30:59      GoToSettlement → Ревиль = 1.635
02:30:59      GoToSettlement → Карбур = 0.823
02:30:59      GoToSettlement → Корсия = 0.701
02:30:59      GoToSettlement → Замок Флинтолг = 0.025
02:30:59      GoToSettlement → Флинтолг = 0.025
02:30:59    лучшее: PatrolAroundPoint → Устокол = 2.222
02:30:59    та же цель, приказ повторён (97-й раз): PatrolAroundPoint → Устокол (оценка 2.222)
02:30:59    после применения: поведение PatrolAroundPoint; цель Устокол; движется True
02:31:10  час: оценок 15; позиция у Ревиль ((CampaignVec2) X: 234.5726 Y: 595.4614 IsOnLand: True); текущее поведение PatrolAroundPoint
02:31:10      GoToSettlement → Устокол = 1.330
02:31:10      GoToSettlement → Замок Устокол = 1.451
02:31:10      GoToSettlement → Жемянь = 0.914
02:31:10      GoToSettlement → Ревиль = 1.592
02:31:10      GoToSettlement → Карбур = 0.800
02:31:10      GoToSettlement → Корсия = 0.686
02:31:10      GoToSettlement → Замок Флинтолг = 0.025
02:31:10      GoToSettlement → Флинтолг = 0.025
02:31:10    лучшее: PatrolAroundPoint → Устокол = 2.238
02:31:10    та же цель, приказ повторён (98-й раз): PatrolAroundPoint → Устокол (оценка 2.238)
02:31:10    после применения: поведение PatrolAroundPoint; цель Устокол; движется True
02:31:22  час: оценок 15; позиция у Ревиль ((CampaignVec2) X: 245.0147 Y: 598.4418 IsOnLand: True); текущее поведение PatrolAroundPoint
02:31:22      GoToSettlement → Устокол = 1.336
02:31:22      GoToSettlement → Замок Устокол = 1.611
02:31:22      GoToSettlement → Жемянь = 1.010
02:31:22      GoToSettlement → Ревиль = 1.757
02:31:22      GoToSettlement → Карбур = 0.861
02:31:22      GoToSettlement → Корсия = 0.722
02:31:22      GoToSettlement → Замок Флинтолг = 0.025
02:31:22      GoToSettlement → Флинтолг = 0.025
02:31:22    лучшее: PatrolAroundPoint → Устокол = 2.245
02:31:22    та же цель, приказ повторён (99-й раз): PatrolAroundPoint → Устокол (оценка 2.245)
02:31:22    после применения: поведение PatrolAroundPoint; цель Устокол; движется True
02:31:33  час: оценок 15; позиция у Ревиль ((CampaignVec2) X: 239.9669 Y: 595.2698 IsOnLand: True); текущее поведение PatrolAroundPoint
02:31:33      GoToSettlement → Устокол = 1.343
02:31:33      GoToSettlement → Замок Устокол = 1.543
02:31:33      GoToSettlement → Жемянь = 0.964
02:31:33      GoToSettlement → Ревиль = 1.715
02:31:33      GoToSettlement → Карбур = 0.837
02:31:33      GoToSettlement → Корсия = 0.713
02:31:33      GoToSettlement → Замок Флинтолг = 0.025
02:31:33      GoToSettlement → Флинтолг = 0.025
02:31:33    лучшее: PatrolAroundPoint → Устокол = 2.253
02:31:33    та же цель, приказ повторён (100-й раз): PatrolAroundPoint → Устокол (оценка 2.253)
02:31:33    после применения: поведение PatrolAroundPoint; цель Устокол; движется True
02:31:44  час: оценок 15; позиция у Ревиль ((CampaignVec2) X: 241.5012 Y: 597.0222 IsOnLand: True); текущее поведение PatrolAroundPoint
02:31:44      GoToSettlement → Устокол = 1.349
02:31:44      GoToSettlement → Замок Устокол = 1.572
02:31:44      GoToSettlement → Жемянь = 0.985
02:31:44      GoToSettlement → Ревиль = 1.747
02:31:44      GoToSettlement → Карбур = 0.849
02:31:44      GoToSettlement → Корсия = 0.719
02:31:44      GoToSettlement → Замок Флинтолг = 0.025
02:31:44      GoToSettlement → Флинтолг = 0.025
02:31:44    лучшее: PatrolAroundPoint → Устокол = 2.258
02:31:44    та же цель, приказ повторён (101-й раз): PatrolAroundPoint → Устокол (оценка 2.258)
02:31:44    после применения: поведение PatrolAroundPoint; цель Устокол; движется True
02:31:56  час: оценок 15; позиция у Ревиль ((CampaignVec2) X: 236.137 Y: 595.7891 IsOnLand: True); текущее поведение PatrolAroundPoint
02:31:56      GoToSettlement → Устокол = 1.355
02:31:56      GoToSettlement → Замок Устокол = 1.500
02:31:56      GoToSettlement → Жемянь = 0.944
02:31:56      GoToSettlement → Ревиль = 1.696
02:31:56      GoToSettlement → Карбур = 0.822
02:31:56      GoToSettlement → Корсия = 0.704
02:31:56      GoToSettlement → Замок Флинтолг = 0.025
02:31:56      GoToSettlement → Флинтолг = 0.025
02:31:56    лучшее: PatrolAroundPoint → Устокол = 2.255
02:31:56    та же цель, приказ повторён (102-й раз): PatrolAroundPoint → Устокол (оценка 2.255)
02:31:56    после применения: поведение PatrolAroundPoint; цель Устокол; движется True
02:32:09  час: оценок 15; позиция у Ревиль ((CampaignVec2) X: 243.1762 Y: 595.1601 IsOnLand: True); текущее поведение PatrolAroundPoint
02:32:09      GoToSettlement → Устокол = 1.362
02:32:09      GoToSettlement → Замок Устокол = 1.617
02:32:09      GoToSettlement → Жемянь = 1.004
02:32:09      GoToSettlement → Ревиль = 1.831
02:32:09      GoToSettlement → Карбур = 0.868
02:32:09      GoToSettlement → Корсия = 0.736
02:32:09      GoToSettlement → Замок Флинтолг = 0.025
02:32:09      GoToSettlement → Флинтолг = 0.025
02:32:09    лучшее: PatrolAroundPoint → Устокол = 2.252
02:32:09    та же цель, приказ повторён (103-й раз): PatrolAroundPoint → Устокол (оценка 2.252)
02:32:09    после применения: поведение PatrolAroundPoint; цель Устокол; движется True
02:32:21  час: оценок 15; позиция у Ревиль ((CampaignVec2) X: 232.4972 Y: 596.2195 IsOnLand: True); текущее поведение PatrolAroundPoint
02:32:21      GoToSettlement → Устокол = 1.368
02:32:21      GoToSettlement → Замок Устокол = 1.463
02:32:21      GoToSettlement → Жемянь = 0.925
02:32:21      GoToSettlement → Ревиль = 1.701
02:32:21      GoToSettlement → Карбур = 0.809
02:32:21      GoToSettlement → Корсия = 0.695
02:32:21      GoToSettlement → Замок Флинтолг = 0.025
02:32:21      GoToSettlement → Флинтолг = 0.025
02:32:21    лучшее: PatrolAroundPoint → Устокол = 2.254
02:32:21    та же цель, приказ повторён (104-й раз): PatrolAroundPoint → Устокол (оценка 2.254)
02:32:21    после применения: поведение PatrolAroundPoint; цель Устокол; движется True
02:32:33  час: оценок 15; позиция у Ревиль ((CampaignVec2) X: 239.867 Y: 596.8859 IsOnLand: True); текущее поведение PatrolAroundPoint
02:32:33      GoToSettlement → Устокол = 1.375
02:32:33      GoToSettlement → Замок Устокол = 1.576
02:32:33      GoToSettlement → Жемянь = 0.989
02:32:33      GoToSettlement → Ревиль = 1.811
02:32:33      GoToSettlement → Карбур = 0.854
02:32:33      GoToSettlement → Корсия = 0.726
02:32:33      GoToSettlement → Замок Флинтолг = 0.025
02:32:33      GoToSettlement → Флинтолг = 0.025
02:32:33    лучшее: PatrolAroundPoint → Устокол = 2.257
02:32:33    та же цель, приказ повторён (105-й раз): PatrolAroundPoint → Устокол (оценка 2.257)
02:32:33    после применения: поведение PatrolAroundPoint; цель Устокол; движется True
02:32:44  час: оценок 15; позиция у Ревиль ((CampaignVec2) X: 241.7238 Y: 596.5541 IsOnLand: True); текущее поведение PatrolAroundPoint
02:32:44      GoToSettlement → Устокол = 1.381
02:32:44      GoToSettlement → Замок Устокол = 1.613
02:32:44      GoToSettlement → Жемянь = 1.009
02:32:44      GoToSettlement → Ревиль = 1.855
02:32:44      GoToSettlement → Карбур = 0.869
02:32:44      GoToSettlement → Корсия = 0.737
02:32:44      GoToSettlement → Замок Флинтолг = 0.025
02:32:44      GoToSettlement → Флинтолг = 0.025
02:32:44    лучшее: PatrolAroundPoint → Устокол = 2.261
02:32:44    та же цель, приказ повторён (106-й раз): PatrolAroundPoint → Устокол (оценка 2.261)
02:32:44    после применения: поведение PatrolAroundPoint; цель Устокол; движется True
02:32:56  час: оценок 15; позиция у Ревиль ((CampaignVec2) X: 241.8519 Y: 595.4752 IsOnLand: True); текущее поведение PatrolAroundPoint
02:32:56      GoToSettlement → Устокол = 1.387
02:32:56      GoToSettlement → Замок Устокол = 1.624
02:32:56      GoToSettlement → Жемянь = 1.012
02:32:56      GoToSettlement → Ревиль = 1.896
02:32:56      GoToSettlement → Карбур = 0.875
02:32:56      GoToSettlement → Корсия = 0.743
02:32:56      GoToSettlement → Замок Флинтолг = 0.025
02:32:56      GoToSettlement → Флинтолг = 0.025
02:32:56    лучшее: PatrolAroundPoint → Устокол = 2.263
02:32:56    та же цель, приказ повторён (107-й раз): PatrolAroundPoint → Устокол (оценка 2.263)
02:32:56    после применения: поведение PatrolAroundPoint; цель Устокол; движется True
02:33:07  час: оценок 15; позиция у Ревиль ((CampaignVec2) X: 240.4693 Y: 597.045 IsOnLand: True); текущее поведение PatrolAroundPoint
02:33:07      GoToSettlement → Устокол = 1.394
02:33:07      GoToSettlement → Замок Устокол = 1.606
02:33:07      GoToSettlement → Жемянь = 1.008
02:33:07      GoToSettlement → Ревиль = 1.887
02:33:07      GoToSettlement → Карбур = 0.868
02:33:07      GoToSettlement → Корсия = 0.737
02:33:07      GoToSettlement → Замок Флинтолг = 0.025
02:33:07      GoToSettlement → Флинтолг = 0.025
02:33:07    лучшее: PatrolAroundPoint → Устокол = 2.265
02:33:07    та же цель, приказ повторён (108-й раз): PatrolAroundPoint → Устокол (оценка 2.265)
02:33:07    после применения: поведение PatrolAroundPoint; цель Устокол; движется True
02:33:18  час: оценок 15; позиция у Ревиль ((CampaignVec2) X: 239.5418 Y: 594.5583 IsOnLand: True); текущее поведение PatrolAroundPoint
02:33:18      GoToSettlement → Устокол = 1.400
02:33:18      GoToSettlement → Замок Устокол = 1.602
02:33:18      GoToSettlement → Жемянь = 0.999
02:33:18      GoToSettlement → Ревиль = 1.897
02:33:18      GoToSettlement → Карбур = 0.868
02:33:18      GoToSettlement → Корсия = 0.743
02:33:18      GoToSettlement → Замок Флинтолг = 0.025
02:33:18      GoToSettlement → Флинтолг = 0.025
02:33:18    лучшее: PatrolAroundPoint → Устокол = 2.267
02:33:18    та же цель, приказ повторён (109-й раз): PatrolAroundPoint → Устокол (оценка 2.267)
02:33:18    после применения: поведение PatrolAroundPoint; цель Устокол; движется True
02:33:29  час: оценок 15; позиция у Ревиль ((CampaignVec2) X: 237.6502 Y: 596.2556 IsOnLand: True); текущее поведение PatrolAroundPoint
02:33:29      GoToSettlement → Устокол = 1.407
02:33:29      GoToSettlement → Замок Устокол = 1.578
02:33:29      GoToSettlement → Жемянь = 0.992
02:33:29      GoToSettlement → Ревиль = 1.882
02:33:29      GoToSettlement → Карбур = 0.859
02:33:29      GoToSettlement → Корсия = 0.734
02:33:29      GoToSettlement → Замок Флинтолг = 0.025
02:33:29      GoToSettlement → Флинтолг = 0.025
02:33:29    лучшее: PatrolAroundPoint → Устокол = 2.268
02:33:29    та же цель, приказ повторён (110-й раз): PatrolAroundPoint → Устокол (оценка 2.268)
02:33:29    после применения: поведение PatrolAroundPoint; цель Устокол; движется True
02:33:41  час: оценок 15; позиция у Ревиль ((CampaignVec2) X: 238.4093 Y: 596.3657 IsOnLand: True); текущее поведение PatrolAroundPoint
02:33:41      GoToSettlement → Устокол = 1.413
02:33:41      GoToSettlement → Замок Устокол = 1.597
02:33:41      GoToSettlement → Жемянь = 1.003
02:33:41      GoToSettlement → Ревиль = 1.924
02:33:41      GoToSettlement → Карбур = 0.867
02:33:41      GoToSettlement → Корсия = 0.740
02:33:41      GoToSettlement → Замок Флинтолг = 0.025
02:33:41      GoToSettlement → Флинтолг = 0.025
02:33:41    лучшее: PatrolAroundPoint → Устокол = 2.270
02:33:41    та же цель, приказ повторён (111-й раз): PatrolAroundPoint → Устокол (оценка 2.270)
02:33:41    после применения: поведение PatrolAroundPoint; цель Устокол; движется True
02:33:52  час: оценок 15; позиция у Ревиль ((CampaignVec2) X: 238.8802 Y: 601.1045 IsOnLand: True); текущее поведение PatrolAroundPoint
02:33:52      GoToSettlement → Устокол = 1.419
02:33:52      GoToSettlement → Замок Устокол = 1.599
02:33:52      GoToSettlement → Жемянь = 1.019
02:33:52      GoToSettlement → Ревиль = 1.930
02:33:52      GoToSettlement → Карбур = 0.869
02:33:52      GoToSettlement → Корсия = 0.734
02:33:52      GoToSettlement → Замок Флинтолг = 0.025
02:33:52      GoToSettlement → Флинтолг = 0.025
02:33:52    лучшее: PatrolAroundPoint → Устокол = 2.271
02:33:52    та же цель, приказ повторён (112-й раз): PatrolAroundPoint → Устокол (оценка 2.271)
02:33:52    после применения: поведение PatrolAroundPoint; цель Устокол; движется True
02:34:04  час: оценок 15; позиция у Ревиль ((CampaignVec2) X: 238.6926 Y: 598.9475 IsOnLand: True); текущее поведение PatrolAroundPoint
02:34:04      GoToSettlement → Устокол = 1.426
02:34:04      GoToSettlement → Замок Устокол = 1.610
02:34:04      GoToSettlement → Жемянь = 1.019
02:34:04      GoToSettlement → Ревиль = 1.952
02:34:04      GoToSettlement → Карбур = 0.874
02:34:04      GoToSettlement → Корсия = 0.742
02:34:04      GoToSettlement → Замок Флинтолг = 0.025
02:34:04      GoToSettlement → Флинтолг = 0.025
02:34:04    лучшее: PatrolAroundPoint → Устокол = 2.272
02:34:04    та же цель, приказ повторён (113-й раз): PatrolAroundPoint → Устокол (оценка 2.272)
02:34:04    после применения: поведение PatrolAroundPoint; цель Устокол; движется True
02:34:16  час: оценок 15; позиция у Ревиль ((CampaignVec2) X: 239.3766 Y: 595.1091 IsOnLand: True); текущее поведение PatrolAroundPoint
02:34:16      GoToSettlement → Устокол = 1.432
02:34:16      GoToSettlement → Замок Устокол = 1.635
02:34:16      GoToSettlement → Жемянь = 1.022
02:34:16      GoToSettlement → Ревиль = 1.991
02:34:16      GoToSettlement → Карбур = 0.885
02:34:16      GoToSettlement → Корсия = 0.757
02:34:16      GoToSettlement → Замок Флинтолг = 0.025
02:34:16      GoToSettlement → Флинтолг = 0.025
02:34:16    лучшее: PatrolAroundPoint → Устокол = 2.274
02:34:16    та же цель, приказ повторён (114-й раз): PatrolAroundPoint → Устокол (оценка 2.274)
02:34:16    после применения: поведение PatrolAroundPoint; цель Устокол; движется True
02:34:29  час: оценок 15; позиция у Ревиль ((CampaignVec2) X: 238.4716 Y: 600.4995 IsOnLand: True); текущее поведение PatrolAroundPoint
02:34:29      GoToSettlement → Устокол = 1.439
02:34:29      GoToSettlement → Замок Устокол = 1.616
02:34:29      GoToSettlement → Жемянь = 1.028
02:34:29      GoToSettlement → Ревиль = 1.989
02:34:29      GoToSettlement → Карбур = 0.878
02:34:29      GoToSettlement → Корсия = 0.744
02:34:29      GoToSettlement → Замок Флинтолг = 0.025
02:34:29      GoToSettlement → Флинтолг = 0.025
02:34:29    лучшее: PatrolAroundPoint → Устокол = 2.273
02:34:29    та же цель, приказ повторён (115-й раз): PatrolAroundPoint → Устокол (оценка 2.273)
02:34:29    после применения: поведение PatrolAroundPoint; цель Устокол; движется True
02:34:41  час: оценок 15; позиция у Ревиль ((CampaignVec2) X: 242.1402 Y: 595.7663 IsOnLand: True); текущее поведение PatrolAroundPoint
02:34:41      GoToSettlement → Устокол = 1.445
02:34:41      GoToSettlement → Замок Устокол = 1.695
02:34:41      GoToSettlement → Жемянь = 1.057
02:34:41      GoToSettlement → Ревиль = 2.080
02:34:41      GoToSettlement → Карбур = 0.910
02:34:41      GoToSettlement → Корсия = 0.773
02:34:41      GoToSettlement → Замок Флинтолг = 0.025
02:34:41      GoToSettlement → Флинтолг = 0.025
02:34:41    лучшее: PatrolAroundPoint → Устокол = 2.272
02:34:41    та же цель, приказ повторён (116-й раз): PatrolAroundPoint → Устокол (оценка 2.272)
02:34:41    после применения: поведение PatrolAroundPoint; цель Устокол; движется True
02:34:52  час: оценок 15; позиция у Ревиль ((CampaignVec2) X: 240.8584 Y: 596.1989 IsOnLand: True); текущее поведение PatrolAroundPoint
02:34:52      GoToSettlement → Устокол = 1.451
02:34:52      GoToSettlement → Замок Устокол = 1.679
02:34:52      GoToSettlement → Жемянь = 1.051
02:34:52      GoToSettlement → Ревиль = 2.075
02:34:52      GoToSettlement → Карбур = 0.905
02:34:52      GoToSettlement → Корсия = 0.770
02:34:52      GoToSettlement → Замок Флинтолг = 0.025
02:34:52      GoToSettlement → Флинтолг = 0.025
02:34:52    лучшее: PatrolAroundPoint → Устокол = 2.272
02:34:52    та же цель, приказ повторён (117-й раз): PatrolAroundPoint → Устокол (оценка 2.272)
02:34:52    после применения: поведение PatrolAroundPoint; цель Устокол; движется True
02:35:04  час: оценок 15; позиция у Ревиль ((CampaignVec2) X: 242.6793 Y: 595.3608 IsOnLand: True); текущее поведение PatrolAroundPoint
02:35:04      GoToSettlement → Устокол = 1.458
02:35:04      GoToSettlement → Замок Устокол = 1.719
02:35:04      GoToSettlement → Жемянь = 1.069
02:35:04      GoToSettlement → Ревиль = 2.124
02:35:04      GoToSettlement → Карбур = 0.921
02:35:04      GoToSettlement → Корсия = 0.783
02:35:04      GoToSettlement → Замок Флинтолг = 0.025
02:35:04      GoToSettlement → Флинтолг = 0.025
02:35:04    лучшее: PatrolAroundPoint → Устокол = 2.271
02:35:04    та же цель, приказ повторён (118-й раз): PatrolAroundPoint → Устокол (оценка 2.271)
02:35:04    после применения: поведение PatrolAroundPoint; цель Устокол; движется True
02:35:16  час: оценок 15; позиция у Ревиль ((CampaignVec2) X: 241.003 Y: 595.0723 IsOnLand: True); текущее поведение PatrolAroundPoint
02:35:16      GoToSettlement → Устокол = 1.464
02:35:16      GoToSettlement → Замок Устокол = 1.698
02:35:16      GoToSettlement → Жемянь = 1.058
02:35:16      GoToSettlement → Ревиль = 2.126
02:35:16      GoToSettlement → Карбур = 0.914
02:35:16      GoToSettlement → Корсия = 0.780
02:35:16      GoToSettlement → Замок Флинтолг = 0.025
02:35:16      GoToSettlement → Флинтолг = 0.025
02:35:16    лучшее: PatrolAroundPoint → Устокол = 2.258
02:35:16    та же цель, приказ повторён (119-й раз): PatrolAroundPoint → Устокол (оценка 2.258)
02:35:16    после применения: поведение PatrolAroundPoint; цель Устокол; движется True
02:35:28  час: оценок 15; позиция у Ревиль ((CampaignVec2) X: 240.8097 Y: 595.0041 IsOnLand: True); текущее поведение PatrolAroundPoint
02:35:28      GoToSettlement → Устокол = 1.471
02:35:28      GoToSettlement → Замок Устокол = 1.702
02:35:28      GoToSettlement → Жемянь = 1.061
02:35:28      GoToSettlement → Ревиль = 2.140
02:35:28      GoToSettlement → Карбур = 0.917
02:35:28      GoToSettlement → Корсия = 0.783
02:35:28      GoToSettlement → Замок Флинтолг = 0.025
02:35:28      GoToSettlement → Флинтолг = 0.025
02:35:28    лучшее: PatrolAroundPoint → Устокол = 2.263
02:35:28    та же цель, приказ повторён (120-й раз): PatrolAroundPoint → Устокол (оценка 2.263)
02:35:28    после применения: поведение PatrolAroundPoint; цель Устокол; движется True
02:35:40  час: оценок 15; позиция у Ревиль ((CampaignVec2) X: 240.7784 Y: 594.2828 IsOnLand: True); текущее поведение PatrolAroundPoint
02:35:40      GoToSettlement → Устокол = 1.477
02:35:40      GoToSettlement → Замок Устокол = 1.709
02:35:40      GoToSettlement → Жемянь = 1.063
02:35:40      GoToSettlement → Ревиль = 2.158
02:35:40      GoToSettlement → Карбур = 0.921
02:35:40      GoToSettlement → Корсия = 0.788
02:35:40      GoToSettlement → Замок Флинтолг = 0.025
02:35:40      GoToSettlement → Флинтолг = 0.025
02:35:40    лучшее: PatrolAroundPoint → Устокол = 2.264
02:35:40    та же цель, приказ повторён (121-й раз): PatrolAroundPoint → Устокол (оценка 2.264)
02:35:40    после применения: поведение PatrolAroundPoint; цель Устокол; движется True
02:35:53  час: оценок 15; позиция у Ревиль ((CampaignVec2) X: 238.8695 Y: 596.6089 IsOnLand: True); текущее поведение PatrolAroundPoint
02:35:53      GoToSettlement → Устокол = 1.483
02:35:53      GoToSettlement → Замок Устокол = 1.682
02:35:53      GoToSettlement → Жемянь = 1.057
02:35:53      GoToSettlement → Ревиль = 2.136
02:35:53      GoToSettlement → Карбур = 0.910
02:35:53      GoToSettlement → Корсия = 0.777
02:35:53      GoToSettlement → Замок Флинтолг = 0.025
02:35:53      GoToSettlement → Флинтолг = 0.025
02:35:53    лучшее: PatrolAroundPoint → Устокол = 2.266
02:35:53    та же цель, приказ повторён (122-й раз): PatrolAroundPoint → Устокол (оценка 2.266)
02:35:53    после применения: поведение PatrolAroundPoint; цель Устокол; движется True
02:36:05  час: оценок 15; позиция у Ревиль ((CampaignVec2) X: 243.317 Y: 594.5361 IsOnLand: True); текущее поведение PatrolAroundPoint
02:36:05      GoToSettlement → Устокол = 1.490
02:36:05      GoToSettlement → Замок Устокол = 1.768
02:36:05      GoToSettlement → Жемянь = 1.095
02:36:05      GoToSettlement → Ревиль = 2.246
02:36:05      GoToSettlement → Карбур = 0.945
02:36:05      GoToSettlement → Корсия = 0.805
02:36:05      GoToSettlement → Замок Флинтолг = 0.025
02:36:05      GoToSettlement → Флинтолг = 0.025
02:36:05    лучшее: PatrolAroundPoint → Устокол = 2.267
02:36:05    та же цель, приказ повторён (123-й раз): PatrolAroundPoint → Устокол (оценка 2.267)
02:36:05    после применения: поведение PatrolAroundPoint; цель Устокол; движется True
02:36:16  час: оценок 15; позиция у Ревиль ((CampaignVec2) X: 240.1901 Y: 595.414 IsOnLand: True); текущее поведение PatrolAroundPoint
02:36:16      GoToSettlement → Устокол = 1.496
02:36:16      GoToSettlement → Замок Устокол = 1.720
02:36:16      GoToSettlement → Жемянь = 1.075
02:36:16      GoToSettlement → Ревиль = 2.205
02:36:16      GoToSettlement → Карбур = 0.927
02:36:16      GoToSettlement → Корсия = 0.792
02:36:16      GoToSettlement → Замок Флинтолг = 0.025
02:36:16      GoToSettlement → Флинтолг = 0.025
02:36:16    лучшее: PatrolAroundPoint → Устокол = 2.257
02:36:16    та же цель, приказ повторён (124-й раз): PatrolAroundPoint → Устокол (оценка 2.257)
02:36:16    после применения: поведение PatrolAroundPoint; цель Устокол; движется True
02:36:28  час: оценок 15; позиция у Ревиль ((CampaignVec2) X: 240.0948 Y: 597.4851 IsOnLand: True); текущее поведение PatrolAroundPoint
02:36:28      GoToSettlement → Устокол = 1.503
02:36:28      GoToSettlement → Замок Устокол = 1.722
02:36:28      GoToSettlement → Жемянь = 1.084
02:36:28      GoToSettlement → Ревиль = 2.213
02:36:28      GoToSettlement → Карбур = 0.928
02:36:28      GoToSettlement → Корсия = 0.790
02:36:28      GoToSettlement → Замок Флинтолг = 0.025
02:36:28      GoToSettlement → Флинтолг = 0.025
02:36:28    лучшее: PatrolAroundPoint → Устокол = 2.259
02:36:28    та же цель, приказ повторён (125-й раз): PatrolAroundPoint → Устокол (оценка 2.259)
02:36:28    после применения: поведение PatrolAroundPoint; цель Устокол; движется True
02:36:40  час: оценок 15; позиция у Ревиль ((CampaignVec2) X: 238.5039 Y: 599.0568 IsOnLand: True); текущее поведение PatrolAroundPoint
02:36:40      GoToSettlement → Устокол = 1.509
02:36:40      GoToSettlement → Замок Устокол = 1.699
02:36:40      GoToSettlement → Жемянь = 1.076
02:36:40      GoToSettlement → Ревиль = 2.196
02:36:40      GoToSettlement → Карбур = 0.920
02:36:40      GoToSettlement → Корсия = 0.782
02:36:40      GoToSettlement → Замок Флинтолг = 0.025
02:36:40      GoToSettlement → Флинтолг = 0.025
02:36:40    лучшее: PatrolAroundPoint → Устокол = 2.263
02:36:40    та же цель, приказ повторён (126-й раз): PatrolAroundPoint → Устокол (оценка 2.263)
02:36:40    после применения: поведение PatrolAroundPoint; цель Устокол; движется True
02:36:52  час: оценок 15; позиция у Ревиль ((CampaignVec2) X: 242.5681 Y: 597.0933 IsOnLand: True); текущее поведение PatrolAroundPoint
02:36:52      GoToSettlement → Устокол = 1.515
02:36:52      GoToSettlement → Замок Устокол = 1.781
02:36:52      GoToSettlement → Жемянь = 1.115
02:36:52      GoToSettlement → Ревиль = 2.299
02:36:52      GoToSettlement → Карбур = 0.952
02:36:52      GoToSettlement → Корсия = 0.808
02:36:52      GoToSettlement → Замок Флинтолг = 0.025
02:36:52      GoToSettlement → Флинтолг = 0.025
02:36:52    лучшее: GoToSettlement → Ревиль = 2.299
02:36:52    НОВАЯ ЦЕЛЬ #7: GoToSettlement → Ревиль (оценка 2.299)
02:36:52    после применения: поведение GoToSettlement; цель Ревиль; движется True
02:37:05  час: оценок 15; позиция у Ревиль ((CampaignVec2) X: 255.411 Y: 591.6138 IsOnLand: True); текущее поведение GoToSettlement
02:37:05      GoToSettlement → Устокол = 1.521
02:37:05      GoToSettlement → Замок Устокол = 2.062
02:37:05      GoToSettlement → Жемянь = 1.207
02:37:05      GoToSettlement → Ревиль = 3.901
02:37:05      GoToSettlement → Карбур = 1.059
02:37:05      GoToSettlement → Корсия = 0.889
02:37:05      GoToSettlement → Замок Флинтолг = 0.184
02:37:05      GoToSettlement → Флинтолг = 0.025
02:37:05    лучшее: GoToSettlement → Ревиль = 3.901
02:37:05    та же цель, приказ повторён (127-й раз): GoToSettlement → Ревиль (оценка 3.901)
02:37:05    после применения: поведение GoToSettlement; цель Ревиль; движется True
02:37:17  час: оценок 15; позиция у Ревиль ((CampaignVec2) X: 267.2166 Y: 590.3232 IsOnLand: True); текущее поведение GoToSettlement
02:37:17      GoToSettlement → Замок Устокол = 2.181
02:37:17      GoToSettlement → Жемянь = 1.550
02:37:17      GoToSettlement → Устокол = 1.306
02:37:17      GoToSettlement → Ревиль = 4.428
02:37:17      GoToSettlement → Карбур = 1.179
02:37:17      GoToSettlement → Корсия = 1.017
02:37:17      GoToSettlement → Замок Флинтолг = 0.200
02:37:17      GoToSettlement → Флинтолг = 0.132
02:37:17    лучшее: GoToSettlement → Ревиль = 4.428
02:37:17    та же цель, приказ повторён (128-й раз): GoToSettlement → Ревиль (оценка 4.428)
02:37:17    после применения: поведение GoToSettlement; цель Ревиль; движется True
02:37:29  час: оценок 15; позиция у Ревиль ((CampaignVec2) X: 281.1853 Y: 590.0539 IsOnLand: True); текущее поведение GoToSettlement
02:37:29      GoToSettlement → Замок Устокол = 2.190
02:37:29      GoToSettlement → Ревиль = 5.166
02:37:29      GoToSettlement → Жемянь = 1.459
02:37:29      GoToSettlement → Карбур = 1.351
02:37:29      GoToSettlement → Устокол = 1.143
02:37:29      GoToSettlement → Корсия = 1.086
02:37:29      GoToSettlement → Замок Флинтолг = 0.209
02:37:29      GoToSettlement → Флинтолг = 0.136
02:37:29    лучшее: GoToSettlement → Ревиль = 5.166
02:37:29    та же цель, приказ повторён (129-й раз): GoToSettlement → Ревиль (оценка 5.166)
02:37:29    после применения: поведение GoToSettlement; цель Ревиль; движется True
02:37:41  час: оценок 15; позиция у Ревиль ((CampaignVec2) X: 292.4615 Y: 587.3282 IsOnLand: True); текущее поведение GoToSettlement
02:37:41      GoToSettlement → Ревиль = 5.543
02:37:41      GoToSettlement → Замок Устокол = 2.094
02:37:41      GoToSettlement → Карбур = 1.535
02:37:41      GoToSettlement → Корсия = 1.356
02:37:41      GoToSettlement → Жемянь = 1.295
02:37:41      GoToSettlement → Устокол = 1.040
02:37:41      GoToSettlement → Замок Флинтолг = 0.223
02:37:41      GoToSettlement → Флинтолг = 0.145
02:37:41    лучшее: GoToSettlement → Ревиль = 5.543
02:37:41    та же цель, приказ повторён (130-й раз): GoToSettlement → Ревиль (оценка 5.543)
02:37:41    после применения: поведение GoToSettlement; цель Ревиль; движется True
02:37:49  ПРИБЫЛИ в «Ревиль» (прибытие #3)
02:37:49    ОБСЛУЖИВАНИЕ «Ревиль» (прибытие): денег 1407213, резерв 15379 (не меньше 2000 и 7 дн. жалования по 2197)
02:37:49      еда: хватает (на складе 1084, расход 12.3 в день, цель 30 дн.)
02:37:49      найм: партия полна (274 из 274)
02:37:49    ЖДЁМ в «Ревиль»: пункт «Подождать», время UnstoppableFastForward; уйдём, когда пересчёт штатного AI выберет другую цель
02:37:52  час: оценок 15; позиция у Ревиль ((CampaignVec2) X: 300.3447 Y: 583.3357 IsOnLand: True); текущее поведение Hold
02:37:52      GoToSettlement → Ревиль = 3.308
02:37:52      GoToSettlement → Карбур = 1.110
02:37:52      GoToSettlement → Замок Устокол = 1.271
02:37:52      GoToSettlement → Корсия = 0.908
02:37:52      GoToSettlement → Жемянь = 0.795
02:37:52      GoToSettlement → Устокол = 0.650
02:37:52      GoToSettlement → Замок Флинтолг = 0.154
02:37:52      GoToSettlement → Флинтолг = 0.100
02:37:52    лучшее: GoToSettlement → Ревиль = 3.308
02:37:52    остаёмся в «Ревиль»: лучшая цель — само это поселение, как у NPC
02:38:02    ОБСЛУЖИВАНИЕ «Ревиль» (ожидание): денег 1407173, резерв 15379 (не меньше 2000 и 7 дн. жалования по 2197)
02:38:02      еда: хватает (на складе 1084, расход 12.3 в день, цель 30 дн.)
02:38:02      найм: партия полна (274 из 274)
02:38:05  час: оценок 15; позиция у Ревиль ((CampaignVec2) X: 300.3447 Y: 583.3357 IsOnLand: True); текущее поведение Hold
02:38:05      GoToSettlement → Ревиль = 2.576
02:38:05      GoToSettlement → Карбур = 1.114
02:38:05      GoToSettlement → Замок Устокол = 1.276
02:38:05      GoToSettlement → Корсия = 0.911
02:38:05      GoToSettlement → Жемянь = 0.798
02:38:05      GoToSettlement → Устокол = 0.653
02:38:05      GoToSettlement → Замок Флинтолг = 0.154
02:38:05      GoToSettlement → Флинтолг = 0.100
02:38:05    лучшее: GoToSettlement → Ревиль = 2.576
02:38:05    остаёмся в «Ревиль»: лучшая цель — само это поселение, как у NPC
02:38:16    ОБСЛУЖИВАНИЕ «Ревиль» (ожидание): денег 1407173, резерв 15379 (не меньше 2000 и 7 дн. жалования по 2197)
02:38:16      еда: хватает (на складе 1084, расход 12.3 в день, цель 30 дн.)
02:38:16      найм: партия полна (274 из 274)
02:38:17  час: оценок 15; позиция у Ревиль ((CampaignVec2) X: 300.3447 Y: 583.3357 IsOnLand: True); текущее поведение Hold
02:38:17      GoToSettlement → Ревиль = 1.864
02:38:17      GoToSettlement → Карбур = 1.119
02:38:17      GoToSettlement → Замок Устокол = 1.281
02:38:17      GoToSettlement → Корсия = 0.915
02:38:17      GoToSettlement → Жемянь = 0.801
02:38:17      GoToSettlement → Устокол = 0.656
02:38:17      GoToSettlement → Замок Флинтолг = 0.154
02:38:17      GoToSettlement → Флинтолг = 0.100
02:38:17    лучшее: GoToSettlement → Ревиль = 1.864
02:38:17    остаёмся в «Ревиль»: лучшая цель — само это поселение, как у NPC
02:38:30    ОБСЛУЖИВАНИЕ «Ревиль» (ожидание): денег 1416309, резерв 15379 (не меньше 2000 и 7 дн. жалования по 2197)
02:38:30      еда: хватает (на складе 1072, расход 12.3 в день, цель 30 дн.)
02:38:30      найм: партия полна (274 из 274)
02:38:31  час: оценок 15; позиция у Ревиль ((CampaignVec2) X: 300.3447 Y: 583.3357 IsOnLand: True); текущее поведение Hold
02:38:31      GoToSettlement → Ревиль = 1.504
02:38:31      GoToSettlement → Карбур = 1.123
02:38:31      GoToSettlement → Замок Устокол = 1.286
02:38:31      GoToSettlement → Корсия = 0.918
02:38:31      GoToSettlement → Жемянь = 0.804
02:38:31      GoToSettlement → Устокол = 0.658
02:38:31      GoToSettlement → Замок Флинтолг = 0.154
02:38:31      GoToSettlement → Флинтолг = 0.100
02:38:31    лучшее: PatrolAroundPoint → Жемянь = 1.789
02:38:31    решено уйти из «Ревиль»: PatrolAroundPoint → Жемянь
02:38:31    ожидание в «Ревиль» закончено пунктом «Перестать ждать»
02:38:31    выход изнутри: к воротам → LeaveSettlement → Finish → Hold
02:38:31    ВЫШЛИ из «Ревиль» (подтверждённый выход #3)
02:38:31    время возобновлено (скорость 2): закрытие встречи ставит паузу
02:38:31    НОВАЯ ЦЕЛЬ #8: PatrolAroundPoint → Жемянь (оценка 1.789)
02:38:31    после применения: поведение PatrolAroundPoint; цель Жемянь; движется False
02:38:42  час: оценок 15; позиция у Ревиль ((CampaignVec2) X: 289.4766 Y: 589.3448 IsOnLand: True); текущее поведение PatrolAroundPoint
02:38:42      GoToSettlement → Ревиль = 0.876
02:38:42      GoToSettlement → Замок Устокол = 2.227
02:38:42      GoToSettlement → Карбур = 1.509
02:38:42      GoToSettlement → Жемянь = 1.372
02:38:42      GoToSettlement → Корсия = 1.362
02:38:42      GoToSettlement → Устокол = 1.090
02:38:42      GoToSettlement → Замок Флинтолг = 0.219
02:38:42      GoToSettlement → Флинтолг = 0.143
02:38:42    лучшее: GoToSettlement → Замок Устокол = 2.227
02:38:42    НОВАЯ ЦЕЛЬ #9: GoToSettlement → Замок Устокол (оценка 2.227)
02:38:42    после применения: поведение GoToSettlement; цель Замок Устокол; движется True
02:38:53  час: оценок 15; позиция у Ревиль ((CampaignVec2) X: 281.904 Y: 591.2442 IsOnLand: True); текущее поведение GoToSettlement
02:38:53      GoToSettlement → Замок Устокол = 2.704
02:38:53      GoToSettlement → Ревиль = 0.840
02:38:53      GoToSettlement → Жемянь = 1.503
02:38:53      GoToSettlement → Карбур = 1.395
02:38:53      GoToSettlement → Устокол = 1.170
02:38:53      GoToSettlement → Корсия = 1.107
02:38:53      GoToSettlement → Замок Флинтолг = 0.208
02:38:53      GoToSettlement → Флинтолг = 0.136
02:38:53    лучшее: GoToSettlement → Замок Устокол = 2.704
02:38:53    та же цель, приказ повторён (131-й раз): GoToSettlement → Замок Устокол (оценка 2.704)
02:38:53    после применения: поведение GoToSettlement; цель Замок Устокол; движется True
02:38:59  ПРИБЫЛИ в «Замок Устокол» (прибытие #4)
02:38:59    обслуживание «Замок Устокол» не сейчас: в замке у игрока нет ни рынка, ни добровольцев
02:38:59    ЖДЁМ в «Замок Устокол»: пункт «Подождать», время UnstoppableFastForward; уйдём, когда пересчёт штатного AI выберет другую цель
02:39:00    ОБСЛУЖИВАНИЕ «Замок Устокол» (ожидание): денег 1416129, резерв 15379 (не меньше 2000 и 7 дн. жалования по 2197)
02:39:04  час: оценок 15; позиция у Замок Устокол ((CampaignVec2) X: 274.0234 Y: 593.2222 IsOnLand: True); текущее поведение Hold
02:39:04      GoToSettlement → Замок Устокол = 0.358
02:39:04      GoToSettlement → Жемянь = 1.072
02:39:04      GoToSettlement → Ревиль = 0.650
02:39:04      GoToSettlement → Устокол = 0.845
02:39:04      GoToSettlement → Карбур = 0.862
02:39:04      GoToSettlement → Корсия = 0.712
02:39:04      GoToSettlement → Замок Флинтолг = 0.135
02:39:04      GoToSettlement → Флинтолг = 0.088
02:39:04    лучшее: PatrolAroundPoint → Жемянь = 1.749
02:39:04    решено уйти из «Замок Устокол»: PatrolAroundPoint → Жемянь
02:39:05    ожидание в «Замок Устокол» закончено пунктом «Перестать ждать»
02:39:05    выход изнутри: к воротам → LeaveSettlement → Finish → Hold
02:39:05    ВЫШЛИ из «Замок Устокол» (подтверждённый выход #4)
02:39:05    время возобновлено (скорость 2): закрытие встречи ставит паузу
02:39:05    НОВАЯ ЦЕЛЬ #10: PatrolAroundPoint → Жемянь (оценка 1.749)
02:39:05    после применения: поведение PatrolAroundPoint; цель Жемянь; движется False
02:39:15  час: оценок 15; позиция у Замок Устокол ((CampaignVec2) X: 265.6182 Y: 602.1729 IsOnLand: True); текущее поведение PatrolAroundPoint
02:39:15      GoToSettlement → Жемянь = 1.614
02:39:15      GoToSettlement → Замок Устокол = 0.708
02:39:15      GoToSettlement → Ревиль = 0.952
02:39:15      GoToSettlement → Устокол = 1.111
02:39:15      GoToSettlement → Карбур = 1.175
02:39:15      GoToSettlement → Корсия = 0.983
02:39:15      GoToSettlement → Замок Флинтолг = 0.192
02:39:15      GoToSettlement → Флинтолг = 0.126
02:39:15    лучшее: PatrolAroundPoint → Устокол = 2.000
02:39:15    НОВАЯ ЦЕЛЬ #11: PatrolAroundPoint → Устокол (оценка 2.000)
02:39:15    после применения: поведение PatrolAroundPoint; цель Устокол; движется True
02:39:26  час: оценок 15; позиция у Замок Устокол ((CampaignVec2) X: 273.7513 Y: 591.968 IsOnLand: True); текущее поведение PatrolAroundPoint
02:39:26      GoToSettlement → Замок Устокол = 0.600
02:39:26      GoToSettlement → Жемянь = 1.621
02:39:26      GoToSettlement → Ревиль = 1.086
02:39:26      GoToSettlement → Устокол = 1.281
02:39:26      GoToSettlement → Карбур = 1.302
02:39:26      GoToSettlement → Корсия = 1.085
02:39:26      GoToSettlement → Замок Флинтолг = 0.203
02:39:26      GoToSettlement → Флинтолг = 0.133
02:39:26    лучшее: PatrolAroundPoint → Устокол = 2.336
02:39:26    та же цель, приказ повторён (132-й раз): PatrolAroundPoint → Устокол (оценка 2.336)
02:39:26    после применения: поведение PatrolAroundPoint; цель Устокол; движется True
02:39:38  час: оценок 15; позиция у Замок Устокол ((CampaignVec2) X: 262.1198 Y: 590.6122 IsOnLand: True); текущее поведение PatrolAroundPoint
02:39:38      GoToSettlement → Замок Устокол = 0.493
02:39:38      GoToSettlement → Жемянь = 1.627
02:39:38      GoToSettlement → Устокол = 1.450
02:39:38      GoToSettlement → Ревиль = 0.986
02:39:38      GoToSettlement → Карбур = 1.181
02:39:38      GoToSettlement → Корсия = 1.034
02:39:38      GoToSettlement → Замок Флинтолг = 0.197
02:39:38      GoToSettlement → Флинтолг = 0.130
02:39:38    лучшее: PatrolAroundPoint → Устокол = 2.327
02:39:38    та же цель, приказ повторён (133-й раз): PatrolAroundPoint → Устокол (оценка 2.327)
02:39:38    после применения: поведение PatrolAroundPoint; цель Устокол; движется True
02:39:49  час: оценок 15; позиция у Замок Устокол ((CampaignVec2) X: 248.5141 Y: 593.7107 IsOnLand: True); текущее поведение PatrolAroundPoint
02:39:49      GoToSettlement → Устокол = 1.611
02:39:49      GoToSettlement → Замок Устокол = 0.406
02:39:49      GoToSettlement → Жемянь = 1.231
02:39:49      GoToSettlement → Ревиль = 0.877
02:39:49      GoToSettlement → Карбур = 1.057
02:39:49      GoToSettlement → Корсия = 0.896
02:39:49      GoToSettlement → Замок Флинтолг = 0.179
02:39:49      GoToSettlement → Флинтолг = 0.025
02:39:49    лучшее: PatrolAroundPoint → Устокол = 2.318
02:39:49    та же цель, приказ повторён (134-й раз): PatrolAroundPoint → Устокол (оценка 2.318)
02:39:49    после применения: поведение PatrolAroundPoint; цель Устокол; движется True
02:40:01  час: оценок 15; позиция у Замок Устокол ((CampaignVec2) X: 235.6046 Y: 595.4294 IsOnLand: True); текущее поведение PatrolAroundPoint
02:40:01      GoToSettlement → Устокол = 1.618
02:40:01      GoToSettlement → Замок Устокол = 0.361
02:40:01      GoToSettlement → Жемянь = 1.118
02:40:01      GoToSettlement → Ревиль = 0.863
02:40:01      GoToSettlement → Карбур = 0.965
02:40:01      GoToSettlement → Корсия = 0.833
02:40:01      GoToSettlement → Замок Флинтолг = 0.025
02:40:01      GoToSettlement → Флинтолг = 0.025
02:40:01    лучшее: PatrolAroundPoint → Устокол = 1.968
02:40:01    та же цель, приказ повторён (135-й раз): PatrolAroundPoint → Устокол (оценка 1.968)
02:40:01    после применения: поведение PatrolAroundPoint; цель Устокол; движется True
02:40:12  час: оценок 15; позиция у Замок Устокол ((CampaignVec2) X: 238.1988 Y: 600.6071 IsOnLand: True); текущее поведение PatrolAroundPoint
02:40:12      GoToSettlement → Устокол = 1.624
02:40:12      GoToSettlement → Замок Устокол = 0.373
02:40:12      GoToSettlement → Жемянь = 1.156
02:40:12      GoToSettlement → Ревиль = 0.884
02:40:12      GoToSettlement → Карбур = 0.981
02:40:12      GoToSettlement → Корсия = 0.834
02:40:12      GoToSettlement → Замок Флинтолг = 0.025
02:40:12      GoToSettlement → Флинтолг = 0.025
02:40:12    лучшее: PatrolAroundPoint → Устокол = 2.299
02:40:12    та же цель, приказ повторён (136-й раз): PatrolAroundPoint → Устокол (оценка 2.299)
02:40:12    после применения: поведение PatrolAroundPoint; цель Устокол; движется True
02:40:24  час: оценок 15; позиция у Замок Устокол ((CampaignVec2) X: 238.545 Y: 595.9979 IsOnLand: True); текущее поведение PatrolAroundPoint
02:40:24      GoToSettlement → Устокол = 1.631
02:40:24      GoToSettlement → Замок Устокол = 0.383
02:40:24      GoToSettlement → Жемянь = 1.155
02:40:24      GoToSettlement → Ревиль = 0.907
02:40:24      GoToSettlement → Карбур = 0.992
02:40:24      GoToSettlement → Корсия = 0.851
02:40:24      GoToSettlement → Замок Флинтолг = 0.025
02:40:24      GoToSettlement → Флинтолг = 0.025
02:40:24    лучшее: PatrolAroundPoint → Устокол = 2.292
02:40:24    та же цель, приказ повторён (137-й раз): PatrolAroundPoint → Устокол (оценка 2.292)
02:40:24    после применения: поведение PatrolAroundPoint; цель Устокол; движется True
02:40:36  час: оценок 15; позиция у Замок Устокол ((CampaignVec2) X: 238.5163 Y: 596.3918 IsOnLand: True); текущее поведение PatrolAroundPoint
02:40:36      GoToSettlement → Устокол = 1.637
02:40:36      GoToSettlement → Замок Устокол = 0.388
02:40:36      GoToSettlement → Жемянь = 1.161
02:40:36      GoToSettlement → Ревиль = 0.918
02:40:36      GoToSettlement → Карбур = 0.995
02:40:36      GoToSettlement → Корсия = 0.853
02:40:36      GoToSettlement → Замок Флинтолг = 0.025
02:40:36      GoToSettlement → Флинтолг = 0.025
02:40:36    лучшее: PatrolAroundPoint → Устокол = 2.289
02:40:36    та же цель, приказ повторён (138-й раз): PatrolAroundPoint → Устокол (оценка 2.289)
02:40:36    после применения: поведение PatrolAroundPoint; цель Устокол; движется True
02:40:48  час: оценок 15; позиция у Замок Устокол ((CampaignVec2) X: 239.8151 Y: 595.3144 IsOnLand: True); текущее поведение PatrolAroundPoint
02:40:48      GoToSettlement → Устокол = 1.643
02:40:48      GoToSettlement → Замок Устокол = 0.399
02:40:48      GoToSettlement → Жемянь = 1.175
02:40:48      GoToSettlement → Ревиль = 1.009
02:40:48      GoToSettlement → Карбур = 1.009
02:40:48      GoToSettlement → Корсия = 0.866
02:40:48      GoToSettlement → Замок Флинтолг = 0.025
02:40:48      GoToSettlement → Флинтолг = 0.025
02:40:48    лучшее: PatrolAroundPoint → Устокол = 2.285
02:40:48    та же цель, приказ повторён (139-й раз): PatrolAroundPoint → Устокол (оценка 2.285)
02:40:48    после применения: поведение PatrolAroundPoint; цель Устокол; движется True
02:40:58  час: оценок 15; позиция у Замок Устокол ((CampaignVec2) X: 238.8734 Y: 595.2357 IsOnLand: True); текущее поведение PatrolAroundPoint
02:40:58      GoToSettlement → Устокол = 1.650
02:40:58      GoToSettlement → Замок Устокол = 0.401
02:40:58      GoToSettlement → Жемянь = 1.170
02:40:58      GoToSettlement → Ревиль = 1.015
02:40:58      GoToSettlement → Карбур = 1.006
02:40:58      GoToSettlement → Корсия = 0.865
02:40:58      GoToSettlement → Замок Флинтолг = 0.025
02:40:58      GoToSettlement → Флинтолг = 0.025
02:40:58    лучшее: PatrolAroundPoint → Устокол = 2.284
02:40:58    та же цель, приказ повторён (140-й раз): PatrolAroundPoint → Устокол (оценка 2.284)
02:40:58    после применения: поведение PatrolAroundPoint; цель Устокол; движется True
02:41:08  час: оценок 15; позиция у Замок Устокол ((CampaignVec2) X: 238.4323 Y: 595.0408 IsOnLand: True); текущее поведение PatrolAroundPoint
02:41:08      GoToSettlement → Устокол = 1.656
02:41:08      GoToSettlement → Замок Устокол = 0.405
02:41:08      GoToSettlement → Жемянь = 1.169
02:41:08      GoToSettlement → Ревиль = 1.025
02:41:08      GoToSettlement → Карбур = 1.007
02:41:08      GoToSettlement → Корсия = 0.866
02:41:08      GoToSettlement → Замок Флинтолг = 0.025
02:41:08      GoToSettlement → Флинтолг = 0.025
02:41:08    лучшее: PatrolAroundPoint → Устокол = 2.281
02:41:08    та же цель, приказ повторён (141-й раз): PatrolAroundPoint → Устокол (оценка 2.281)
02:41:08    после применения: поведение PatrolAroundPoint; цель Устокол; движется True
02:41:20  час: оценок 15; позиция у Замок Устокол ((CampaignVec2) X: 244.5951 Y: 595.466 IsOnLand: True); текущее поведение PatrolAroundPoint
02:41:20      GoToSettlement → Устокол = 1.663
02:41:20      GoToSettlement → Замок Устокол = 0.437
02:41:20      GoToSettlement → Жемянь = 1.238
02:41:20      GoToSettlement → Ревиль = 1.089
02:41:20      GoToSettlement → Карбур = 1.055
02:41:20      GoToSettlement → Корсия = 0.898
02:41:20      GoToSettlement → Замок Флинтолг = 0.025
02:41:20      GoToSettlement → Флинтолг = 0.025
02:41:20    лучшее: PatrolAroundPoint → Устокол = 2.280
02:41:20    та же цель, приказ повторён (142-й раз): PatrolAroundPoint → Устокол (оценка 2.280)
02:41:20    после применения: поведение PatrolAroundPoint; цель Устокол; движется True
02:41:32  час: оценок 15; позиция у Замок Устокол ((CampaignVec2) X: 234.5247 Y: 595.3517 IsOnLand: True); текущее поведение PatrolAroundPoint
02:41:32      GoToSettlement → Устокол = 1.669
02:41:32      GoToSettlement → Замок Устокол = 0.401
02:41:32      GoToSettlement → Жемянь = 1.142
02:41:32      GoToSettlement → Ревиль = 1.088
02:41:32      GoToSettlement → Карбур = 0.987
02:41:32      GoToSettlement → Корсия = 0.853
02:41:32      GoToSettlement → Замок Флинтолг = 0.025
02:41:32      GoToSettlement → Флинтолг = 0.025
02:41:32    лучшее: PatrolAroundPoint → Устокол = 2.278
02:41:32    та же цель, приказ повторён (143-й раз): PatrolAroundPoint → Устокол (оценка 2.278)
02:41:32    после применения: поведение PatrolAroundPoint; цель Устокол; движется True
02:41:43  час: оценок 15; позиция у Замок Устокол ((CampaignVec2) X: 245.2298 Y: 596.3636 IsOnLand: True); текущее поведение PatrolAroundPoint
02:41:43      GoToSettlement → Устокол = 1.675
02:41:43      GoToSettlement → Замок Устокол = 0.452
02:41:43      GoToSettlement → Жемянь = 1.257
02:41:43      GoToSettlement → Ревиль = 1.194
02:41:43      GoToSettlement → Карбур = 1.067
02:41:43      GoToSettlement → Корсия = 0.905
02:41:43      GoToSettlement → Замок Флинтолг = 0.025
02:41:43      GoToSettlement → Флинтолг = 0.025
02:41:43    лучшее: PatrolAroundPoint → Устокол = 2.278
02:41:43    та же цель, приказ повторён (144-й раз): PatrolAroundPoint → Устокол (оценка 2.278)
02:41:43    после применения: поведение PatrolAroundPoint; цель Устокол; движется True
02:41:55  час: оценок 15; позиция у Замок Устокол ((CampaignVec2) X: 238.765 Y: 594.1338 IsOnLand: True); текущее поведение PatrolAroundPoint
02:41:55      GoToSettlement → Устокол = 1.682
02:41:55      GoToSettlement → Замок Устокол = 0.429
02:41:55      GoToSettlement → Жемянь = 1.188
02:41:55      GoToSettlement → Ревиль = 1.154
02:41:55      GoToSettlement → Карбур = 1.024
02:41:55      GoToSettlement → Корсия = 0.883
02:41:55      GoToSettlement → Замок Флинтолг = 0.025
02:41:55      GoToSettlement → Флинтолг = 0.025
02:41:55    лучшее: PatrolAroundPoint → Устокол = 2.277
02:41:55    та же цель, приказ повторён (145-й раз): PatrolAroundPoint → Устокол (оценка 2.277)
02:41:55    после применения: поведение PatrolAroundPoint; цель Устокол; движется True
02:42:06  час: оценок 15; позиция у Замок Устокол ((CampaignVec2) X: 240.4515 Y: 599.2154 IsOnLand: True); текущее поведение PatrolAroundPoint
02:42:06      GoToSettlement → Устокол = 1.688
02:42:06      GoToSettlement → Замок Устокол = 0.440
02:42:06      GoToSettlement → Жемянь = 1.223
02:42:06      GoToSettlement → Ревиль = 1.173
02:42:06      GoToSettlement → Карбур = 1.035
02:42:06      GoToSettlement → Корсия = 0.880
02:42:06      GoToSettlement → Замок Флинтолг = 0.025
02:42:06      GoToSettlement → Флинтолг = 0.025
02:42:06    лучшее: PatrolAroundPoint → Устокол = 2.274
02:42:06    та же цель, приказ повторён (146-й раз): PatrolAroundPoint → Устокол (оценка 2.274)
02:42:06    после применения: поведение PatrolAroundPoint; цель Устокол; движется True
02:42:16  час: оценок 15; позиция у Замок Устокол ((CampaignVec2) X: 240.6185 Y: 593.1914 IsOnLand: True); текущее поведение PatrolAroundPoint
02:42:16      GoToSettlement → Устокол = 1.695
02:42:16      GoToSettlement → Замок Устокол = 0.449
02:42:16      GoToSettlement → Жемянь = 1.211
02:42:16      GoToSettlement → Ревиль = 1.272
02:42:16      GoToSettlement → Карбур = 1.046
02:42:16      GoToSettlement → Корсия = 0.901
02:42:16      GoToSettlement → Замок Флинтолг = 0.025
02:42:16      GoToSettlement → Флинтолг = 0.025
02:42:16    лучшее: PatrolAroundPoint → Устокол = 2.272
02:42:16    та же цель, приказ повторён (147-й раз): PatrolAroundPoint → Устокол (оценка 2.272)
02:42:16    после применения: поведение PatrolAroundPoint; цель Устокол; движется True
02:42:28  час: оценок 15; позиция у Замок Устокол ((CampaignVec2) X: 235.3874 Y: 595.2306 IsOnLand: True); текущее поведение PatrolAroundPoint
02:42:28      GoToSettlement → Устокол = 1.701
02:42:28      GoToSettlement → Замок Устокол = 0.432
02:42:28      GoToSettlement → Жемянь = 1.172
02:42:28      GoToSettlement → Ревиль = 1.234
02:42:28      GoToSettlement → Карбур = 1.010
02:42:28      GoToSettlement → Корсия = 0.874
02:42:28      GoToSettlement → Замок Флинтолг = 0.025
02:42:28      GoToSettlement → Флинтолг = 0.025
02:42:28    лучшее: PatrolAroundPoint → Устокол = 2.272
02:42:28    та же цель, приказ повторён (148-й раз): PatrolAroundPoint → Устокол (оценка 2.272)
02:42:28    после применения: поведение PatrolAroundPoint; цель Устокол; движется True
02:42:39  час: оценок 15; позиция у Замок Устокол ((CampaignVec2) X: 236.7626 Y: 595.6443 IsOnLand: True); текущее поведение PatrolAroundPoint
02:42:39      GoToSettlement → Устокол = 1.707
02:42:39      GoToSettlement → Замок Устокол = 0.443
02:42:39      GoToSettlement → Жемянь = 1.190
02:42:39      GoToSettlement → Ревиль = 1.260
02:42:39      GoToSettlement → Карбур = 1.023
02:42:39      GoToSettlement → Корсия = 0.882
02:42:39      GoToSettlement → Замок Флинтолг = 0.025
02:42:39      GoToSettlement → Флинтолг = 0.025
02:42:39    лучшее: PatrolAroundPoint → Устокол = 2.266
02:42:39    та же цель, приказ повторён (149-й раз): PatrolAroundPoint → Устокол (оценка 2.266)
02:42:39    после применения: поведение PatrolAroundPoint; цель Устокол; движется True
02:42:52  час: оценок 15; позиция у Замок Устокол ((CampaignVec2) X: 240.2068 Y: 593.6738 IsOnLand: True); текущее поведение PatrolAroundPoint
02:42:52      GoToSettlement → Устокол = 1.714
02:42:52      GoToSettlement → Замок Устокол = 0.464
02:42:52      GoToSettlement → Жемянь = 1.223
02:42:52      GoToSettlement → Ревиль = 1.313
02:42:52      GoToSettlement → Карбур = 1.053
02:42:52      GoToSettlement → Корсия = 0.908
02:42:52      GoToSettlement → Замок Флинтолг = 0.025
02:42:52      GoToSettlement → Флинтолг = 0.025
02:42:52    лучшее: PatrolAroundPoint → Устокол = 2.268
02:42:52    та же цель, приказ повторён (150-й раз): PatrolAroundPoint → Устокол (оценка 2.268)
02:42:52    после применения: поведение PatrolAroundPoint; цель Устокол; движется True
02:43:06  час: оценок 15; позиция у Замок Устокол ((CampaignVec2) X: 242.388 Y: 597.4156 IsOnLand: True); текущее поведение PatrolAroundPoint
02:43:06      GoToSettlement → Устокол = 1.720
02:43:06      GoToSettlement → Замок Устокол = 0.479
02:43:06      GoToSettlement → Жемянь = 1.263
02:43:06      GoToSettlement → Ревиль = 1.414
02:43:06      GoToSettlement → Карбур = 1.070
02:43:06      GoToSettlement → Корсия = 0.911
02:43:06      GoToSettlement → Замок Флинтолг = 0.025
02:43:06      GoToSettlement → Флинтолг = 0.025
02:43:06    лучшее: PatrolAroundPoint → Устокол = 2.271
02:43:06    та же цель, приказ повторён (151-й раз): PatrolAroundPoint → Устокол (оценка 2.271)
02:43:06    после применения: поведение PatrolAroundPoint; цель Устокол; движется True
02:43:19  час: оценок 15; позиция у Замок Устокол ((CampaignVec2) X: 238.5712 Y: 596.2319 IsOnLand: True); текущее поведение PatrolAroundPoint
02:43:19      GoToSettlement → Устокол = 1.727
02:43:19      GoToSettlement → Замок Устокол = 0.468
02:43:19      GoToSettlement → Жемянь = 1.223
02:43:19      GoToSettlement → Ревиль = 1.391
02:43:19      GoToSettlement → Карбур = 1.046
02:43:19      GoToSettlement → Корсия = 0.899
02:43:19      GoToSettlement → Замок Флинтолг = 0.025
02:43:19      GoToSettlement → Флинтолг = 0.025
02:43:19    лучшее: PatrolAroundPoint → Устокол = 2.271
02:43:19    та же цель, приказ повторён (152-й раз): PatrolAroundPoint → Устокол (оценка 2.271)
02:43:19    после применения: поведение PatrolAroundPoint; цель Устокол; движется True
02:43:30  час: оценок 15; позиция у Замок Устокол ((CampaignVec2) X: 243.0445 Y: 594.6926 IsOnLand: True); текущее поведение PatrolAroundPoint
02:43:30      GoToSettlement → Устокол = 1.733
02:43:30      GoToSettlement → Замок Устокол = 0.496
02:43:30      GoToSettlement → Жемянь = 1.269
02:43:30      GoToSettlement → Ревиль = 1.460
02:43:30      GoToSettlement → Карбур = 1.085
02:43:30      GoToSettlement → Корсия = 0.929
02:43:30      GoToSettlement → Замок Флинтолг = 0.025
02:43:30      GoToSettlement → Флинтолг = 0.025
02:43:30    лучшее: PatrolAroundPoint → Устокол = 2.273
02:43:30    та же цель, приказ повторён (153-й раз): PatrolAroundPoint → Устокол (оценка 2.273)
02:43:30    после применения: поведение PatrolAroundPoint; цель Устокол; движется True
02:43:42  час: оценок 15; позиция у Замок Устокол ((CampaignVec2) X: 242.0053 Y: 596.4323 IsOnLand: True); текущее поведение PatrolAroundPoint
02:43:42      GoToSettlement → Устокол = 1.739
02:43:42      GoToSettlement → Замок Устокол = 0.496
02:43:42      GoToSettlement → Жемянь = 1.269
02:43:42      GoToSettlement → Ревиль = 1.460
02:43:42      GoToSettlement → Карбур = 1.079
02:43:42      GoToSettlement → Корсия = 0.922
02:43:42      GoToSettlement → Замок Флинтолг = 0.025
02:43:42      GoToSettlement → Флинтолг = 0.025
02:43:42    лучшее: PatrolAroundPoint → Устокол = 2.273
02:43:42    та же цель, приказ повторён (154-й раз): PatrolAroundPoint → Устокол (оценка 2.273)
02:43:42    после применения: поведение PatrolAroundPoint; цель Устокол; движется True
02:43:53  час: оценок 15; позиция у Замок Устокол ((CampaignVec2) X: 238.6421 Y: 594.9986 IsOnLand: True); текущее поведение PatrolAroundPoint
02:43:53      GoToSettlement → Устокол = 1.746
02:43:53      GoToSettlement → Замок Устокол = 0.485
02:43:53      GoToSettlement → Жемянь = 1.234
02:43:53      GoToSettlement → Ревиль = 1.509
02:43:53      GoToSettlement → Карбур = 1.059
02:43:53      GoToSettlement → Корсия = 0.913
02:43:53      GoToSettlement → Замок Флинтолг = 0.025
02:43:53      GoToSettlement → Флинтолг = 0.025
02:43:53    лучшее: PatrolAroundPoint → Устокол = 2.273
02:43:53    та же цель, приказ повторён (155-й раз): PatrolAroundPoint → Устокол (оценка 2.273)
02:43:53    после применения: поведение PatrolAroundPoint; цель Устокол; движется True
02:44:05  час: оценок 15; позиция у Замок Устокол ((CampaignVec2) X: 235.2287 Y: 596.4138 IsOnLand: True); текущее поведение PatrolAroundPoint
02:44:05      GoToSettlement → Устокол = 1.752
02:44:05      GoToSettlement → Замок Устокол = 0.475
02:44:05      GoToSettlement → Жемянь = 1.208
02:44:05      GoToSettlement → Ревиль = 1.484
02:44:05      GoToSettlement → Карбур = 1.037
02:44:05      GoToSettlement → Корсия = 0.895
02:44:05      GoToSettlement → Замок Флинтолг = 0.025
02:44:05      GoToSettlement → Флинтолг = 0.025
02:44:05    лучшее: PatrolAroundPoint → Устокол = 2.274
02:44:05    та же цель, приказ повторён (156-й раз): PatrolAroundPoint → Устокол (оценка 2.274)
02:44:05    после применения: поведение PatrolAroundPoint; цель Устокол; движется True
02:44:16  час: оценок 15; позиция у Замок Устокол ((CampaignVec2) X: 238.9643 Y: 596.9295 IsOnLand: True); текущее поведение PatrolAroundPoint
02:44:16      GoToSettlement → Устокол = 1.759
02:44:16      GoToSettlement → Замок Устокол = 0.498
02:44:16      GoToSettlement → Жемянь = 1.252
02:44:16      GoToSettlement → Ревиль = 1.541
02:44:16      GoToSettlement → Карбур = 1.067
02:44:16      GoToSettlement → Корсия = 0.915
02:44:16      GoToSettlement → Замок Флинтолг = 0.025
02:44:16      GoToSettlement → Флинтолг = 0.025
02:44:16    лучшее: PatrolAroundPoint → Устокол = 2.274
02:44:16    та же цель, приказ повторён (157-й раз): PatrolAroundPoint → Устокол (оценка 2.274)
02:44:16    после применения: поведение PatrolAroundPoint; цель Устокол; движется True
02:44:28  час: оценок 15; позиция у Замок Устокол ((CampaignVec2) X: 243.7035 Y: 596.3279 IsOnLand: True); текущее поведение PatrolAroundPoint
02:44:28      GoToSettlement → Устокол = 1.765
02:44:28      GoToSettlement → Замок Устокол = 0.528
02:44:28      GoToSettlement → Жемянь = 1.306
02:44:28      GoToSettlement → Ревиль = 1.618
02:44:28      GoToSettlement → Карбур = 1.108
02:44:28      GoToSettlement → Корсия = 0.944
02:44:28      GoToSettlement → Замок Флинтолг = 0.025
02:44:28      GoToSettlement → Флинтолг = 0.025
02:44:28    лучшее: PatrolAroundPoint → Устокол = 2.274
02:44:28    та же цель, приказ повторён (158-й раз): PatrolAroundPoint → Устокол (оценка 2.274)
02:44:28    после применения: поведение PatrolAroundPoint; цель Устокол; движется True
02:44:39  час: оценок 15; позиция у Замок Устокол ((CampaignVec2) X: 237.3407 Y: 595.8418 IsOnLand: True); текущее поведение PatrolAroundPoint
02:44:39      GoToSettlement → Устокол = 1.771
02:44:39      GoToSettlement → Замок Устокол = 0.502
02:44:39      GoToSettlement → Жемянь = 1.241
02:44:39      GoToSettlement → Ревиль = 1.621
02:44:39      GoToSettlement → Карбур = 1.063
02:44:39      GoToSettlement → Корсия = 0.917
02:44:39      GoToSettlement → Замок Флинтолг = 0.025
02:44:39      GoToSettlement → Флинтолг = 0.025
02:44:39    лучшее: PatrolAroundPoint → Устокол = 2.274
02:44:39    та же цель, приказ повторён (159-й раз): PatrolAroundPoint → Устокол (оценка 2.274)
02:44:39    после применения: поведение PatrolAroundPoint; цель Устокол; движется True
02:44:50  час: оценок 15; позиция у Замок Устокол ((CampaignVec2) X: 245.026 Y: 595.8448 IsOnLand: True); текущее поведение PatrolAroundPoint
02:44:50      GoToSettlement → Устокол = 1.778
02:44:50      GoToSettlement → Замок Устокол = 0.548
02:44:50      GoToSettlement → Жемянь = 1.329
02:44:50      GoToSettlement → Ревиль = 1.738
02:44:50      GoToSettlement → Карбур = 1.127
02:44:50      GoToSettlement → Корсия = 0.959
02:44:50      GoToSettlement → Замок Флинтолг = 0.176
02:44:50      GoToSettlement → Флинтолг = 0.025
02:44:50    лучшее: PatrolAroundPoint → Устокол = 2.274
02:44:50    та же цель, приказ повторён (160-й раз): PatrolAroundPoint → Устокол (оценка 2.274)
02:44:50    после применения: поведение PatrolAroundPoint; цель Устокол; движется True
02:45:02  час: оценок 15; позиция у Замок Устокол ((CampaignVec2) X: 238.8854 Y: 594.7026 IsOnLand: True); текущее поведение PatrolAroundPoint
02:45:02      GoToSettlement → Устокол = 1.784
02:45:02      GoToSettlement → Замок Устокол = 0.521
02:45:02      GoToSettlement → Жемянь = 1.262
02:45:02      GoToSettlement → Ревиль = 1.677
02:45:02      GoToSettlement → Карбур = 1.083
02:45:02      GoToSettlement → Корсия = 0.934
02:45:02      GoToSettlement → Замок Флинтолг = 0.025
02:45:02      GoToSettlement → Флинтолг = 0.025
02:45:02    лучшее: PatrolAroundPoint → Устокол = 2.274
02:45:02    та же цель, приказ повторён (161-й раз): PatrolAroundPoint → Устокол (оценка 2.274)
02:45:02    после применения: поведение PatrolAroundPoint; цель Устокол; движется True
02:45:14  час: оценок 15; позиция у Замок Устокол ((CampaignVec2) X: 241.1696 Y: 598.8295 IsOnLand: True); текущее поведение PatrolAroundPoint
02:45:14      GoToSettlement → Устокол = 1.791
02:45:14      GoToSettlement → Замок Устокол = 0.536
02:45:14      GoToSettlement → Жемянь = 1.303
02:45:14      GoToSettlement → Ревиль = 1.712
02:45:14      GoToSettlement → Карбур = 1.099
02:45:14      GoToSettlement → Корсия = 0.937
02:45:14      GoToSettlement → Замок Флинтолг = 0.025
02:45:14      GoToSettlement → Флинтолг = 0.025
02:45:14    лучшее: PatrolAroundPoint → Устокол = 2.274
02:45:14    та же цель, приказ повторён (162-й раз): PatrolAroundPoint → Устокол (оценка 2.274)
02:45:14    после применения: поведение PatrolAroundPoint; цель Устокол; движется True
02:45:26  час: оценок 15; позиция у Замок Устокол ((CampaignVec2) X: 236.097 Y: 596.117 IsOnLand: True); текущее поведение PatrolAroundPoint
02:45:26      GoToSettlement → Устокол = 1.797
02:45:26      GoToSettlement → Замок Устокол = 0.518
02:45:26      GoToSettlement → Жемянь = 1.246
02:45:26      GoToSettlement → Ревиль = 1.731
02:45:26      GoToSettlement → Карбур = 1.068
02:45:26      GoToSettlement → Корсия = 0.923
02:45:26      GoToSettlement → Замок Флинтолг = 0.025
02:45:26      GoToSettlement → Флинтолг = 0.025
02:45:26    лучшее: PatrolAroundPoint → Устокол = 2.274
02:45:26    та же цель, приказ повторён (163-й раз): PatrolAroundPoint → Устокол (оценка 2.274)
02:45:26    после применения: поведение PatrolAroundPoint; цель Устокол; движется True
02:45:37  час: оценок 15; позиция у Замок Устокол ((CampaignVec2) X: 238.9609 Y: 599.6238 IsOnLand: True); текущее поведение PatrolAroundPoint
02:45:37      GoToSettlement → Устокол = 1.803
02:45:37      GoToSettlement → Замок Устокол = 0.535
02:45:37      GoToSettlement → Жемянь = 1.289
02:45:37      GoToSettlement → Ревиль = 1.775
02:45:37      GoToSettlement → Карбур = 1.089
02:45:37      GoToSettlement → Корсия = 0.930
02:45:37      GoToSettlement → Замок Флинтолг = 0.025
02:45:37      GoToSettlement → Флинтолг = 0.025
02:45:37    лучшее: PatrolAroundPoint → Устокол = 2.274
02:45:37    та же цель, приказ повторён (164-й раз): PatrolAroundPoint → Устокол (оценка 2.274)
02:45:37    после применения: поведение PatrolAroundPoint; цель Устокол; движется True
02:45:48  час: оценок 15; позиция у Замок Устокол ((CampaignVec2) X: 240.9021 Y: 596.8324 IsOnLand: True); текущее поведение PatrolAroundPoint
02:45:48      GoToSettlement → Устокол = 1.810
02:45:48      GoToSettlement → Замок Устокол = 0.554
02:45:48      GoToSettlement → Жемянь = 1.309
02:45:48      GoToSettlement → Ревиль = 1.829
02:45:48      GoToSettlement → Карбур = 1.111
02:45:48      GoToSettlement → Корсия = 0.951
02:45:48      GoToSettlement → Замок Флинтолг = 0.025
02:45:48      GoToSettlement → Флинтолг = 0.025
02:45:48    лучшее: PatrolAroundPoint → Устокол = 2.274
02:45:48    та же цель, приказ повторён (165-й раз): PatrolAroundPoint → Устокол (оценка 2.274)
02:45:48    после применения: поведение PatrolAroundPoint; цель Устокол; движется True
02:46:00  час: оценок 15; позиция у Замок Устокол ((CampaignVec2) X: 243.8755 Y: 596.3314 IsOnLand: True); текущее поведение PatrolAroundPoint
02:46:00      GoToSettlement → Устокол = 1.816
02:46:00      GoToSettlement → Замок Устокол = 0.577
02:46:00      GoToSettlement → Жемянь = 1.346
02:46:00      GoToSettlement → Ревиль = 1.892
02:46:00      GoToSettlement → Карбур = 1.139
02:46:00      GoToSettlement → Корсия = 0.972
02:46:00      GoToSettlement → Замок Флинтолг = 0.025
02:46:00      GoToSettlement → Флинтолг = 0.025
02:46:00    лучшее: PatrolAroundPoint → Устокол = 2.252
02:46:00    та же цель, приказ повторён (166-й раз): PatrolAroundPoint → Устокол (оценка 2.252)
02:46:00    после применения: поведение PatrolAroundPoint; цель Устокол; движется True
02:46:11  час: оценок 15; позиция у Замок Устокол ((CampaignVec2) X: 237.9302 Y: 596.3799 IsOnLand: True); текущее поведение PatrolAroundPoint
02:46:11      GoToSettlement → Устокол = 1.823
02:46:11      GoToSettlement → Замок Устокол = 0.549
02:46:11      GoToSettlement → Жемянь = 1.284
02:46:11      GoToSettlement → Ревиль = 1.878
02:46:11      GoToSettlement → Карбур = 1.096
02:46:11      GoToSettlement → Корсия = 0.944
02:46:11      GoToSettlement → Замок Флинтолг = 0.025
02:46:11      GoToSettlement → Флинтолг = 0.025
02:46:11    лучшее: PatrolAroundPoint → Устокол = 2.234
02:46:11    та же цель, приказ повторён (167-й раз): PatrolAroundPoint → Устокол (оценка 2.234)
02:46:11    после применения: поведение PatrolAroundPoint; цель Устокол; движется True
02:46:22  час: оценок 15; позиция у Замок Устокол ((CampaignVec2) X: 238.7614 Y: 595.9738 IsOnLand: True); текущее поведение PatrolAroundPoint
02:46:22      GoToSettlement → Устокол = 1.829
02:46:22      GoToSettlement → Замок Устокол = 0.560
02:46:22      GoToSettlement → Жемянь = 1.296
02:46:22      GoToSettlement → Ревиль = 1.910
02:46:22      GoToSettlement → Карбур = 1.106
02:46:22      GoToSettlement → Корсия = 0.953
02:46:22      GoToSettlement → Замок Флинтолг = 0.025
02:46:22      GoToSettlement → Флинтолг = 0.025
02:46:22    лучшее: PatrolAroundPoint → Устокол = 2.232
02:46:22    та же цель, приказ повторён (168-й раз): PatrolAroundPoint → Устокол (оценка 2.232)
02:46:22    после применения: поведение PatrolAroundPoint; цель Устокол; движется True
02:46:34  час: оценок 15; позиция у Замок Устокол ((CampaignVec2) X: 239.2832 Y: 598.3922 IsOnLand: True); текущее поведение PatrolAroundPoint
02:46:34      GoToSettlement → Устокол = 1.835
02:46:34      GoToSettlement → Замок Устокол = 0.567
02:46:34      GoToSettlement → Жемянь = 1.313
02:46:34      GoToSettlement → Ревиль = 1.928
02:46:34      GoToSettlement → Карбур = 1.111
02:46:34      GoToSettlement → Корсия = 0.951
02:46:34      GoToSettlement → Замок Флинтолг = 0.025
02:46:34      GoToSettlement → Флинтолг = 0.025
02:46:34    лучшее: PatrolAroundPoint → Устокол = 2.230
02:46:34    та же цель, приказ повторён (169-й раз): PatrolAroundPoint → Устокол (оценка 2.230)
02:46:34    после применения: поведение PatrolAroundPoint; цель Устокол; движется True
02:46:45  час: оценок 15; позиция у Замок Устокол ((CampaignVec2) X: 244.8708 Y: 598.2386 IsOnLand: True); текущее поведение PatrolAroundPoint
02:46:45      GoToSettlement → Устокол = 1.842
02:46:45      GoToSettlement → Замок Устокол = 0.605
02:46:45      GoToSettlement → Жемянь = 1.383
02:46:45      GoToSettlement → Ревиль = 2.032
02:46:45      GoToSettlement → Карбур = 1.160
02:46:45      GoToSettlement → Корсия = 0.984
02:46:45      GoToSettlement → Замок Флинтолг = 0.025
02:46:45      GoToSettlement → Флинтолг = 0.025
02:46:45    лучшее: PatrolAroundPoint → Устокол = 2.219
02:46:45    та же цель, приказ повторён (170-й раз): PatrolAroundPoint → Устокол (оценка 2.219)
02:46:45    после применения: поведение PatrolAroundPoint; цель Устокол; движется True
02:46:55  час: оценок 15; позиция у Замок Устокол ((CampaignVec2) X: 237.6074 Y: 595.257 IsOnLand: True); текущее поведение PatrolAroundPoint
02:46:55      GoToSettlement → Устокол = 1.848
02:46:55      GoToSettlement → Замок Устокол = 0.570
02:46:55      GoToSettlement → Жемянь = 1.295
02:46:55      GoToSettlement → Ревиль = 1.998
02:46:55      GoToSettlement → Карбур = 1.109
02:46:55      GoToSettlement → Корсия = 0.958
02:46:55      GoToSettlement → Замок Флинтолг = 0.025
02:46:55      GoToSettlement → Флинтолг = 0.025
02:46:55    лучшее: PatrolAroundPoint → Устокол = 2.222
02:46:55    та же цель, приказ повторён (171-й раз): PatrolAroundPoint → Устокол (оценка 2.222)
02:46:55    после применения: поведение PatrolAroundPoint; цель Устокол; движется True
02:47:07  час: оценок 15; позиция у Замок Устокол ((CampaignVec2) X: 234.8985 Y: 596.2949 IsOnLand: True); текущее поведение PatrolAroundPoint
02:47:07      GoToSettlement → Устокол = 1.855
02:47:07      GoToSettlement → Замок Устокол = 0.561
02:47:07      GoToSettlement → Жемянь = 1.274
02:47:07      GoToSettlement → Ревиль = 1.973
02:47:07      GoToSettlement → Карбур = 1.091
02:47:07      GoToSettlement → Корсия = 0.945
02:47:07      GoToSettlement → Замок Флинтолг = 0.025
02:47:07      GoToSettlement → Флинтолг = 0.025
02:47:07    лучшее: PatrolAroundPoint → Устокол = 2.227
02:47:07    та же цель, приказ повторён (172-й раз): PatrolAroundPoint → Устокол (оценка 2.227)
02:47:07    после применения: поведение PatrolAroundPoint; цель Устокол; движется True
02:47:18  час: оценок 15; позиция у Замок Устокол ((CampaignVec2) X: 242.798 Y: 594.9387 IsOnLand: True); текущее поведение PatrolAroundPoint
02:47:18      GoToSettlement → Устокол = 1.861
02:47:18      GoToSettlement → Замок Устокол = 0.613
02:47:18      GoToSettlement → Жемянь = 1.360
02:47:18      GoToSettlement → Ревиль = 2.120
02:47:18      GoToSettlement → Карбур = 1.158
02:47:18      GoToSettlement → Корсия = 0.994
02:47:18      GoToSettlement → Замок Флинтолг = 0.025
02:47:18      GoToSettlement → Флинтолг = 0.025
02:47:18    лучшее: PatrolAroundPoint → Устокол = 2.230
02:47:18    та же цель, приказ повторён (173-й раз): PatrolAroundPoint → Устокол (оценка 2.230)
02:47:18    после применения: поведение PatrolAroundPoint; цель Устокол; движется True
02:47:29  час: оценок 15; позиция у Замок Устокол ((CampaignVec2) X: 241.8695 Y: 598.5403 IsOnLand: True); текущее поведение PatrolAroundPoint
02:47:29      GoToSettlement → Устокол = 1.867
02:47:29      GoToSettlement → Замок Устокол = 0.610
02:47:29      GoToSettlement → Жемянь = 1.366
02:47:29      GoToSettlement → Ревиль = 2.110
02:47:29      GoToSettlement → Карбур = 1.150
02:47:29      GoToSettlement → Корсия = 0.980
02:47:29      GoToSettlement → Замок Флинтолг = 0.025
02:47:29      GoToSettlement → Флинтолг = 0.025
02:47:29    лучшее: PatrolAroundPoint → Устокол = 2.235
02:47:29    та же цель, приказ повторён (174-й раз): PatrolAroundPoint → Устокол (оценка 2.235)
02:47:29    после применения: поведение PatrolAroundPoint; цель Устокол; движется True
02:47:41  час: оценок 15; позиция у Замок Устокол ((CampaignVec2) X: 236.724 Y: 596.1403 IsOnLand: True); текущее поведение PatrolAroundPoint
02:47:41      GoToSettlement → Устокол = 1.874
02:47:41      GoToSettlement → Замок Устокол = 0.588
02:47:41      GoToSettlement → Жемянь = 1.306
02:47:41      GoToSettlement → Ревиль = 2.099
02:47:41      GoToSettlement → Карбур = 1.116
02:47:41      GoToSettlement → Корсия = 0.964
02:47:41      GoToSettlement → Замок Флинтолг = 0.025
02:47:41      GoToSettlement → Флинтолг = 0.025
02:47:41    лучшее: PatrolAroundPoint → Устокол = 2.236
02:47:41    та же цель, приказ повторён (175-й раз): PatrolAroundPoint → Устокол (оценка 2.236)
02:47:41    после применения: поведение PatrolAroundPoint; цель Устокол; движется True
02:47:52  час: оценок 15; позиция у Замок Устокол ((CampaignVec2) X: 239.1254 Y: 596.7075 IsOnLand: True); текущее поведение PatrolAroundPoint
02:47:52      GoToSettlement → Устокол = 1.880
02:47:52      GoToSettlement → Замок Устокол = 0.607
02:47:52      GoToSettlement → Жемянь = 1.339
02:47:52      GoToSettlement → Ревиль = 2.155
02:47:52      GoToSettlement → Карбур = 1.137
02:47:52      GoToSettlement → Корсия = 0.978
02:47:52      GoToSettlement → Замок Флинтолг = 0.025
02:47:52      GoToSettlement → Флинтолг = 0.025
02:47:52    лучшее: PatrolAroundPoint → Устокол = 2.240
02:47:52    та же цель, приказ повторён (176-й раз): PatrolAroundPoint → Устокол (оценка 2.240)
02:47:52    после применения: поведение PatrolAroundPoint; цель Устокол; движется True
02:48:03  час: оценок 15; позиция у Замок Устокол ((CampaignVec2) X: 241.6615 Y: 597.0143 IsOnLand: True); текущее поведение PatrolAroundPoint
02:48:03      GoToSettlement → Устокол = 1.887
02:48:03      GoToSettlement → Замок Устокол = 0.628
02:48:03      GoToSettlement → Жемянь = 1.373
02:48:03      GoToSettlement → Ревиль = 2.215
02:48:03      GoToSettlement → Карбур = 1.161
02:48:03      GoToSettlement → Корсия = 0.994
02:48:03      GoToSettlement → Замок Флинтолг = 0.025
02:48:03      GoToSettlement → Флинтолг = 0.025
02:48:03    лучшее: PatrolAroundPoint → Устокол = 2.240
02:48:03    та же цель, приказ повторён (177-й раз): PatrolAroundPoint → Устокол (оценка 2.240)
02:48:03    после применения: поведение PatrolAroundPoint; цель Устокол; движется True
02:48:14  час: оценок 15; позиция у Замок Устокол ((CampaignVec2) X: 236.8488 Y: 595.9064 IsOnLand: True); текущее поведение PatrolAroundPoint
02:48:14      GoToSettlement → Устокол = 1.893
02:48:14      GoToSettlement → Замок Устокол = 0.605
02:48:14      GoToSettlement → Жемянь = 1.320
02:48:14      GoToSettlement → Ревиль = 2.159
02:48:14      GoToSettlement → Карбур = 1.128
02:48:14      GoToSettlement → Корсия = 0.975
02:48:14      GoToSettlement → Замок Флинтолг = 0.025
02:48:14      GoToSettlement → Флинтолг = 0.025
02:48:14    лучшее: PatrolAroundPoint → Устокол = 2.242
02:48:14    та же цель, приказ повторён (178-й раз): PatrolAroundPoint → Устокол (оценка 2.242)
02:48:14    после применения: поведение PatrolAroundPoint; цель Устокол; движется True
02:48:26  час: оценок 15; позиция у Замок Устокол ((CampaignVec2) X: 240.1773 Y: 597.1582 IsOnLand: True); текущее поведение PatrolAroundPoint
02:48:26      GoToSettlement → Устокол = 1.899
02:48:26      GoToSettlement → Замок Устокол = 0.630
02:48:26      GoToSettlement → Жемянь = 1.366
02:48:26      GoToSettlement → Ревиль = 2.267
02:48:26      GoToSettlement → Карбур = 1.156
02:48:26      GoToSettlement → Корсия = 0.992
02:48:26      GoToSettlement → Замок Флинтолг = 0.025
02:48:26      GoToSettlement → Флинтолг = 0.025
02:48:26    лучшее: GoToSettlement → Ревиль = 2.267
02:48:26    НОВАЯ ЦЕЛЬ #12: GoToSettlement → Ревиль (оценка 2.267)
02:48:26    после применения: поведение GoToSettlement; цель Ревиль; движется True
02:48:37  час: оценок 15; позиция у Замок Устокол ((CampaignVec2) X: 253.2856 Y: 592.2291 IsOnLand: True); текущее поведение GoToSettlement
02:48:37      GoToSettlement → Устокол = 1.906
02:48:37      GoToSettlement → Замок Устокол = 0.733
02:48:37      GoToSettlement → Жемянь = 1.494
02:48:37      GoToSettlement → Ревиль = 3.077
02:48:37      GoToSettlement → Карбур = 1.284
02:48:37      GoToSettlement → Корсия = 1.089
02:48:37      GoToSettlement → Замок Флинтолг = 0.183
02:48:37      GoToSettlement → Флинтолг = 0.025
02:48:37    лучшее: GoToSettlement → Ревиль = 3.077
02:48:37    та же цель, приказ повторён (179-й раз): GoToSettlement → Ревиль (оценка 3.077)
02:48:37    после применения: поведение GoToSettlement; цель Ревиль; движется True
02:48:47  час: оценок 15; позиция у Замок Устокол ((CampaignVec2) X: 265.0186 Y: 590.1924 IsOnLand: True); текущее поведение GoToSettlement
02:48:47      GoToSettlement → Замок Устокол = 0.799
02:48:47      GoToSettlement → Жемянь = 1.934
02:48:47      GoToSettlement → Устокол = 1.673
02:48:47      GoToSettlement → Ревиль = 3.492
02:48:47      GoToSettlement → Карбур = 1.427
02:48:47      GoToSettlement → Корсия = 1.248
02:48:47      GoToSettlement → Замок Флинтолг = 0.199
02:48:47      GoToSettlement → Флинтолг = 0.131
02:48:47    лучшее: GoToSettlement → Ревиль = 3.492
02:48:47    та же цель, приказ повторён (180-й раз): GoToSettlement → Ревиль (оценка 3.492)
02:48:47    после применения: поведение GoToSettlement; цель Ревиль; движется True
02:48:59  час: оценок 15; позиция у Замок Устокол ((CampaignVec2) X: 279.0094 Y: 590.2755 IsOnLand: True); текущее поведение GoToSettlement
02:48:59      GoToSettlement → Замок Устокол = 0.806
02:48:59      GoToSettlement → Жемянь = 1.857
02:48:59      GoToSettlement → Ревиль = 4.065
02:48:59      GoToSettlement → Карбур = 1.629
02:48:59      GoToSettlement → Устокол = 1.459
02:48:59      GoToSettlement → Корсия = 1.337
02:48:59      GoToSettlement → Замок Флинтолг = 0.207
02:48:59      GoToSettlement → Флинтолг = 0.135
02:48:59    лучшее: GoToSettlement → Ревиль = 4.065
02:48:59    та же цель, приказ повторён (181-й раз): GoToSettlement → Ревиль (оценка 4.065)
02:48:59    после применения: поведение GoToSettlement; цель Ревиль; движется True
02:49:13  час: оценок 15; позиция у Замок Устокол ((CampaignVec2) X: 290.3189 Y: 587.9625 IsOnLand: True); текущее поведение GoToSettlement
02:49:13      GoToSettlement → Ревиль = 4.525
02:49:13      GoToSettlement → Замок Устокол = 0.795
02:49:13      GoToSettlement → Карбур = 1.844
02:49:13      GoToSettlement → Жемянь = 1.649
02:49:13      GoToSettlement → Корсия = 1.678
02:49:13      GoToSettlement → Устокол = 1.323
02:49:13      GoToSettlement → Замок Флинтолг = 0.221
02:49:13      GoToSettlement → Флинтолг = 0.144
02:49:13    лучшее: GoToSettlement → Ревиль = 4.525
02:49:13    та же цель, приказ повторён (182-й раз): GoToSettlement → Ревиль (оценка 4.525)
02:49:13    после применения: поведение GoToSettlement; цель Ревиль; движется True
02:49:23  ПРИБЫЛИ в «Ревиль» (прибытие #5)
02:49:23    ОБСЛУЖИВАНИЕ «Ревиль» (прибытие): денег 1528816, резерв 15379 (не меньше 2000 и 7 дн. жалования по 2197)
02:49:23      еда: хватает (на складе 899, расход 12.3 в день, цель 30 дн.)
02:49:23      найм: партия полна (274 из 274)
02:49:23    ЖДЁМ в «Ревиль»: пункт «Подождать», время UnstoppableFastForward; уйдём, когда пересчёт штатного AI выберет другую цель
02:49:24  час: оценок 15; позиция у Ревиль ((CampaignVec2) X: 300.3447 Y: 583.3357 IsOnLand: True); текущее поведение Hold
02:49:24      GoToSettlement → Ревиль = 3.146
02:49:24      GoToSettlement → Карбур = 1.366
02:49:24      GoToSettlement → Замок Устокол = 0.590
02:49:24      GoToSettlement → Корсия = 1.125
02:49:24      GoToSettlement → Жемянь = 0.989
02:49:24      GoToSettlement → Устокол = 0.812
02:49:24      GoToSettlement → Замок Флинтолг = 0.154
02:49:24      GoToSettlement → Флинтолг = 0.100
02:49:24    лучшее: GoToSettlement → Ревиль = 3.146
02:49:24    остаёмся в «Ревиль»: лучшая цель — само это поселение, как у NPC
02:49:34    ОБСЛУЖИВАНИЕ «Ревиль» (ожидание): денег 1528726, резерв 15379 (не меньше 2000 и 7 дн. жалования по 2197)
02:49:34      еда: хватает (на складе 899, расход 12.3 в день, цель 30 дн.)
02:49:34      найм: партия полна (274 из 274)
02:49:34  час: оценок 15; позиция у Ревиль ((CampaignVec2) X: 300.3447 Y: 583.3357 IsOnLand: True); текущее поведение Hold
02:49:34      GoToSettlement → Ревиль = 2.373
02:49:34      GoToSettlement → Карбур = 1.370
02:49:34      GoToSettlement → Замок Устокол = 0.595
02:49:34      GoToSettlement → Корсия = 1.128
02:49:34      GoToSettlement → Жемянь = 0.992
02:49:34      GoToSettlement → Устокол = 0.814
02:49:34      GoToSettlement → Замок Флинтолг = 0.154
02:49:34      GoToSettlement → Флинтолг = 0.100
02:49:34    лучшее: GoToSettlement → Ревиль = 2.373
02:49:34    остаёмся в «Ревиль»: лучшая цель — само это поселение, как у NPC
02:49:45  час: оценок 15; позиция у Ревиль ((CampaignVec2) X: 300.3447 Y: 583.3357 IsOnLand: True); текущее поведение Hold
02:49:45      GoToSettlement → Ревиль = 1.715
02:49:45      GoToSettlement → Карбур = 1.375
02:49:45      GoToSettlement → Замок Устокол = 0.600
02:49:45      GoToSettlement → Корсия = 1.132
02:49:45      GoToSettlement → Жемянь = 0.995
02:49:45      GoToSettlement → Устокол = 0.817
02:49:45      GoToSettlement → Замок Флинтолг = 0.154
02:49:45      GoToSettlement → Флинтолг = 0.100
02:49:45    лучшее: PatrolAroundPoint → Жемянь = 2.005
02:49:45    решено уйти из «Ревиль»: PatrolAroundPoint → Жемянь
02:49:45    ожидание в «Ревиль» закончено пунктом «Перестать ждать»
02:49:45    выход изнутри: к воротам → LeaveSettlement → Finish → Hold
02:49:45    ВЫШЛИ из «Ревиль» (подтверждённый выход #5)
02:49:45    время возобновлено (скорость 2): закрытие встречи ставит паузу
02:49:45    НОВАЯ ЦЕЛЬ #13: PatrolAroundPoint → Жемянь (оценка 2.005)
02:49:45    после применения: поведение PatrolAroundPoint; цель Жемянь; движется False
02:49:57  час: оценок 15; позиция у Ревиль ((CampaignVec2) X: 289.2438 Y: 589.4748 IsOnLand: True); текущее поведение PatrolAroundPoint
02:49:57      GoToSettlement → Ревиль = 1.182
02:49:57      GoToSettlement → Замок Устокол = 1.047
02:49:57      GoToSettlement → Карбур = 1.841
02:49:57      GoToSettlement → Жемянь = 1.701
02:49:57      GoToSettlement → Корсия = 1.675
02:49:57      GoToSettlement → Устокол = 1.355
02:49:57      GoToSettlement → Замок Флинтолг = 0.219
02:49:57      GoToSettlement → Флинтолг = 0.143
02:49:57    лучшее: PatrolAroundPoint → Жемянь = 2.020
02:49:57    та же цель, приказ повторён (183-й раз): PatrolAroundPoint → Жемянь (оценка 2.020)
02:49:57    после применения: поведение PatrolAroundPoint; цель Жемянь; движется True
02:50:08  час: оценок 15; позиция у Ревиль ((CampaignVec2) X: 280.273 Y: 593.7993 IsOnLand: True); текущее поведение PatrolAroundPoint
02:50:08      GoToSettlement → Замок Устокол = 1.061
02:50:08      GoToSettlement → Жемянь = 1.919
02:50:08      GoToSettlement → Ревиль = 0.950
02:50:08      GoToSettlement → Карбур = 1.670
02:50:08      GoToSettlement → Устокол = 1.474
02:50:08      GoToSettlement → Корсия = 1.330
02:50:08      GoToSettlement → Замок Флинтолг = 0.205
02:50:08      GoToSettlement → Флинтолг = 0.134
02:50:08    лучшее: PatrolAroundPoint → Жемянь = 2.001
02:50:08    та же цель, приказ повторён (184-й раз): PatrolAroundPoint → Жемянь (оценка 2.001)
02:50:08    после применения: поведение PatrolAroundPoint; цель Жемянь; движется True
02:50:20  час: оценок 15; позиция у Ревиль ((CampaignVec2) X: 272.6766 Y: 597.4594 IsOnLand: True); текущее поведение PatrolAroundPoint
02:50:20      GoToSettlement → Замок Устокол = 1.070
02:50:20      GoToSettlement → Жемянь = 1.986
02:50:20      GoToSettlement → Ревиль = 0.881
02:50:20      GoToSettlement → Устокол = 1.589
02:50:20      GoToSettlement → Карбур = 1.547
02:50:20      GoToSettlement → Корсия = 1.269
02:50:20      GoToSettlement → Замок Флинтолг = 0.198
02:50:20      GoToSettlement → Флинтолг = 0.130
02:50:20    лучшее: GoToSettlement → Жемянь = 1.986
02:50:20    НОВАЯ ЦЕЛЬ #14: GoToSettlement → Жемянь (оценка 1.986)
02:50:20    после применения: поведение GoToSettlement; цель Жемянь; движется True
02:50:29  ПРИБЫЛИ в «Жемянь» (прибытие #6)
02:50:29    ОБСЛУЖИВАНИЕ «Жемянь» (прибытие): денег 1534867, резерв 15379 (не меньше 2000 и 7 дн. жалования по 2197)
02:50:29      еда: хватает (на складе 887, расход 12.3 в день, цель 12 дн.)
02:50:29      найм: партия полна (274 из 274)
02:50:29    ЖДЁМ в «Жемянь»: пункт «Подождать», время Stop; уйдём, когда пересчёт штатного AI выберет другую цель
02:50:40  ПРОСТОЙ: время кампании не идёт уже 11 с. экран MapState; режим времени Stop (заблокирован); партия стоит; меню village_wait_menus (ожидание идёт) [wait_leave]; встреча: поселение Жемянь, партия нет, бой нет, ожидание да; партия у Жемянь ((CampaignVec2) X: 264.659 Y: 603.249 IsOnLand: True), поведение Hold, движется False
02:53:10  повторное включение: предыдущий сеанс закрыт
02:53:10  итог сеанса: пересчётов 206; смен цели 14; повторов того же приказа 184; прибытий во время сеанса 6; подтверждённых выходов 5; простоев 1 (самый долгий 161 с, последний ещё идёт); снятий с паузы 2
02:53:10  ========================================================================
02:53:10  СЕАНС 2026-09-14 02:53:10 — включение, режим применение
02:53:10  состояние до включения: IsDisabled=False; DoNotMakeNewDecisions=False; DefaultBehavior=Hold; Army=False; Settlement=нет; Encounter=True
02:53:10  ВКЛЮЧЕН, режим применение; позиция у Жемянь ((CampaignVec2) X: 264.659 Y: 603.249 IsOnLand: True); поведение Hold; сеанс начат в «Жемянь»
02:53:10  [UI] Автопилот включён, режим: применение. Лог: C:\Users\Edward\Documents\Mount and Blade II Bannerlord\Logs\autopilot_20260914.txt
02:53:15  час: оценок 15; позиция у Жемянь ((CampaignVec2) X: 264.659 Y: 603.249 IsOnLand: True); текущее поведение Hold
02:53:15      GoToSettlement → Жемянь = 0.256
02:53:15      GoToSettlement → Замок Устокол = 0.717
02:53:15      GoToSettlement → Ревиль = 0.673
02:53:15      GoToSettlement → Устокол = 0.920
02:53:15      GoToSettlement → Карбур = 0.945
02:53:15      GoToSettlement → Корсия = 0.796
02:53:15      GoToSettlement → Замок Флинтолг = 0.127
02:53:15      GoToSettlement → Флинтолг = 0.025
02:53:15    лучшее: PatrolAroundPoint → Устокол = 1.978
02:53:15    решено уйти из «Жемянь»: PatrolAroundPoint → Устокол
02:53:15    ожидание в «Жемянь» закончено пунктом «Перестать ждать»
02:53:15    выход изнутри: к воротам → LeaveSettlement → Finish → Hold
02:53:15    ВЫШЛИ из «Жемянь» (подтверждённый выход #1)
02:53:15    время на паузе, а скорость до поселения неизвестна — не трогаю
02:53:15    НОВАЯ ЦЕЛЬ #1: PatrolAroundPoint → Устокол (оценка 1.978)
02:53:15    после применения: поведение PatrolAroundPoint; цель Устокол; движется False
02:53:15  время запущено: было Stop, партия PatrolAroundPoint, стало UnstoppablePlay
02:53:58  час: оценок 15; позиция у Жемянь ((CampaignVec2) X: 274.0168 Y: 593.5726 IsOnLand: True); текущее поведение PatrolAroundPoint
02:53:58      GoToSettlement → Замок Устокол = 1.085
02:53:58      GoToSettlement → Жемянь = 0.538
02:53:58      GoToSettlement → Ревиль = 1.245
02:53:58      GoToSettlement → Устокол = 1.578
02:53:58      GoToSettlement → Карбур = 1.587
02:53:58      GoToSettlement → Корсия = 1.317
02:53:58      GoToSettlement → Замок Флинтолг = 0.202
02:53:58      GoToSettlement → Флинтолг = 0.132
02:53:58    лучшее: PatrolAroundPoint → Устокол = 1.979
02:53:58    та же цель, приказ повторён (1-й раз): PatrolAroundPoint → Устокол (оценка 1.979)
02:53:58    после применения: поведение PatrolAroundPoint; цель Устокол; движется True
02:54:43  час: оценок 15; позиция у Жемянь ((CampaignVec2) X: 261.6886 Y: 590.6769 IsOnLand: True); текущее поведение PatrolAroundPoint
02:54:43      GoToSettlement → Замок Устокол = 1.094
02:54:43      GoToSettlement → Жемянь = 0.461
02:54:43      GoToSettlement → Устокол = 1.798
02:54:43      GoToSettlement → Ревиль = 1.129
02:54:43      GoToSettlement → Карбур = 1.433
02:54:43      GoToSettlement → Корсия = 1.264
02:54:43      GoToSettlement → Замок Флинтолг = 0.196
02:54:43      GoToSettlement → Флинтолг = 0.130
02:54:43    лучшее: PatrolAroundPoint → Устокол = 1.968
02:54:43    та же цель, приказ повторён (2-й раз): PatrolAroundPoint → Устокол (оценка 1.968)
02:54:43    после применения: поведение PatrolAroundPoint; цель Устокол; движется True
02:55:23  час: оценок 15; позиция у Жемянь ((CampaignVec2) X: 249.4987 Y: 593.5188 IsOnLand: True); текущее поведение PatrolAroundPoint
02:55:23      GoToSettlement → Устокол = 1.987
02:55:23      GoToSettlement → Замок Устокол = 0.979
02:55:23      GoToSettlement → Жемянь = 0.291
02:55:23      GoToSettlement → Ревиль = 1.017
02:55:23      GoToSettlement → Карбур = 1.296
02:55:23      GoToSettlement → Корсия = 1.105
02:55:23      GoToSettlement → Замок Флинтолг = 0.180
02:55:23      GoToSettlement → Флинтолг = 0.025
02:55:23    лучшее: PatrolAroundPoint → Устокол = 2.295
02:55:23    та же цель, приказ повторён (3-й раз): PatrolAroundPoint → Устокол (оценка 2.295)
02:55:23    после применения: поведение PatrolAroundPoint; цель Устокол; движется True
02:56:04  час: оценок 15; позиция у Жемянь ((CampaignVec2) X: 238.8307 Y: 599.6532 IsOnLand: True); текущее поведение PatrolAroundPoint
02:56:04      GoToSettlement → Устокол = 1.993
02:56:04      GoToSettlement → Замок Устокол = 0.878
02:56:04      GoToSettlement → Жемянь = 0.217
02:56:04      GoToSettlement → Ревиль = 0.938
02:56:04      GoToSettlement → Карбур = 1.195
02:56:04      GoToSettlement → Корсия = 1.024
02:56:04      GoToSettlement → Замок Флинтолг = 0.025
02:56:04      GoToSettlement → Флинтолг = 0.025
02:56:04    лучшее: PatrolAroundPoint → Устокол = 2.278
02:56:04    та же цель, приказ повторён (4-й раз): PatrolAroundPoint → Устокол (оценка 2.278)
02:56:04    после применения: поведение PatrolAroundPoint; цель Устокол; движется True
02:56:50  час: оценок 15; позиция у Жемянь ((CampaignVec2) X: 236.5998 Y: 595.8557 IsOnLand: True); текущее поведение PatrolAroundPoint
02:56:50      GoToSettlement → Устокол = 2.000
02:56:50      GoToSettlement → Замок Устокол = 0.871
02:56:50      GoToSettlement → Жемянь = 0.229
02:56:50      GoToSettlement → Ревиль = 1.002
02:56:50      GoToSettlement → Карбур = 1.185
02:56:50      GoToSettlement → Корсия = 1.027
02:56:50      GoToSettlement → Замок Флинтолг = 0.025
02:56:50      GoToSettlement → Флинтолг = 0.025
02:56:50    лучшее: PatrolAroundPoint → Устокол = 2.273
02:56:50    та же цель, приказ повторён (5-й раз): PatrolAroundPoint → Устокол (оценка 2.273)
02:56:50    после применения: поведение PatrolAroundPoint; цель Устокол; движется True
02:57:31  час: оценок 15; позиция у Жемянь ((CampaignVec2) X: 238.8264 Y: 598.0082 IsOnLand: True); текущее поведение PatrolAroundPoint
02:57:31      GoToSettlement → Устокол = 2.006
02:57:31      GoToSettlement → Замок Устокол = 0.895
02:57:31      GoToSettlement → Жемянь = 0.238
02:57:31      GoToSettlement → Ревиль = 1.030
02:57:31      GoToSettlement → Карбур = 1.205
02:57:31      GoToSettlement → Корсия = 1.036
02:57:31      GoToSettlement → Замок Флинтолг = 0.025
02:57:31      GoToSettlement → Флинтолг = 0.025
02:57:31    лучшее: PatrolAroundPoint → Устокол = 2.237
02:57:31    та же цель, приказ повторён (6-й раз): PatrolAroundPoint → Устокол (оценка 2.237)
02:57:31    после применения: поведение PatrolAroundPoint; цель Устокол; движется True
02:58:15  час: оценок 15; позиция у Жемянь ((CampaignVec2) X: 239.1113 Y: 595.3427 IsOnLand: True); текущее поведение PatrolAroundPoint
02:58:15      GoToSettlement → Устокол = 2.013
02:58:15      GoToSettlement → Замок Устокол = 0.907
02:58:15      GoToSettlement → Жемянь = 0.241
02:58:15      GoToSettlement → Ревиль = 1.051
02:58:15      GoToSettlement → Карбур = 1.214
02:58:15      GoToSettlement → Корсия = 1.049
02:58:15      GoToSettlement → Замок Флинтолг = 0.025
02:58:15      GoToSettlement → Флинтолг = 0.025
02:58:15    лучшее: PatrolAroundPoint → Устокол = 2.221
02:58:15    та же цель, приказ повторён (7-й раз): PatrolAroundPoint → Устокол (оценка 2.221)
02:58:15    после применения: поведение PatrolAroundPoint; цель Устокол; движется True
02:58:51  час: оценок 15; позиция у Жемянь ((CampaignVec2) X: 243.1865 Y: 595.2103 IsOnLand: True); текущее поведение PatrolAroundPoint
02:58:51      GoToSettlement → Устокол = 2.019
02:58:51      GoToSettlement → Замок Устокол = 0.952
02:58:51      GoToSettlement → Жемянь = 0.253
02:58:51      GoToSettlement → Ревиль = 1.100
02:58:51      GoToSettlement → Карбур = 1.254
02:58:51      GoToSettlement → Корсия = 1.077
02:58:51      GoToSettlement → Замок Флинтолг = 0.025
02:58:51      GoToSettlement → Флинтолг = 0.025
02:58:51    лучшее: PatrolAroundPoint → Устокол = 2.189
02:58:51    та же цель, приказ повторён (8-й раз): PatrolAroundPoint → Устокол (оценка 2.189)
02:58:51    после применения: поведение PatrolAroundPoint; цель Устокол; движется True
02:59:37  час: оценок 15; позиция у Жемянь ((CampaignVec2) X: 237.1011 Y: 601.2868 IsOnLand: True); текущее поведение PatrolAroundPoint
02:59:37      GoToSettlement → Устокол = 2.025
02:59:37      GoToSettlement → Замок Устокол = 0.896
02:59:37      GoToSettlement → Жемянь = 0.246
02:59:37      GoToSettlement → Ревиль = 1.113
02:59:37      GoToSettlement → Карбур = 1.197
02:59:37      GoToSettlement → Корсия = 1.025
02:59:37      GoToSettlement → Замок Флинтолг = 0.025
02:59:37      GoToSettlement → Флинтолг = 0.025
02:59:37    лучшее: PatrolAroundPoint → Устокол = 2.177
02:59:37    та же цель, приказ повторён (9-й раз): PatrolAroundPoint → Устокол (оценка 2.177)
02:59:37    после применения: поведение PatrolAroundPoint; цель Устокол; движется True
03:00:17  час: оценок 15; позиция у Жемянь ((CampaignVec2) X: 246.2715 Y: 596.8664 IsOnLand: True); текущее поведение PatrolAroundPoint
03:00:17      GoToSettlement → Устокол = 2.032
03:00:17      GoToSettlement → Замок Устокол = 0.997
03:00:17      GoToSettlement → Жемянь = 0.268
03:00:17      GoToSettlement → Ревиль = 1.221
03:00:17      GoToSettlement → Карбур = 1.288
03:00:17      GoToSettlement → Корсия = 1.095
03:00:17      GoToSettlement → Замок Флинтолг = 0.176
03:00:17      GoToSettlement → Флинтолг = 0.025
03:00:17    лучшее: PatrolAroundPoint → Устокол = 2.152
03:00:17    та же цель, приказ повторён (10-й раз): PatrolAroundPoint → Устокол (оценка 2.152)
03:00:17    после применения: поведение PatrolAroundPoint; цель Устокол; движется True
03:01:00  час: оценок 15; позиция у Жемянь ((CampaignVec2) X: 239.0477 Y: 594.6884 IsOnLand: True); текущее поведение PatrolAroundPoint
03:01:00      GoToSettlement → Устокол = 2.038
03:01:00      GoToSettlement → Замок Устокол = 0.935
03:01:00      GoToSettlement → Жемянь = 0.254
03:01:00      GoToSettlement → Ревиль = 1.174
03:01:00      GoToSettlement → Карбур = 1.229
03:01:00      GoToSettlement → Корсия = 1.064
03:01:00      GoToSettlement → Замок Флинтолг = 0.025
03:01:00      GoToSettlement → Флинтолг = 0.025
03:01:00    лучшее: PatrolAroundPoint → Устокол = 2.143
03:01:00    та же цель, приказ повторён (11-й раз): PatrolAroundPoint → Устокол (оценка 2.143)
03:01:00    после применения: поведение PatrolAroundPoint; цель Устокол; движется True
03:01:42  час: оценок 15; позиция у Жемянь ((CampaignVec2) X: 242.3507 Y: 594.4628 IsOnLand: True); текущее поведение PatrolAroundPoint
03:01:42      GoToSettlement → Устокол = 2.045
03:01:42      GoToSettlement → Замок Устокол = 0.974
03:01:42      GoToSettlement → Жемянь = 0.265
03:01:42      GoToSettlement → Ревиль = 1.220
03:01:42      GoToSettlement → Карбур = 1.262
03:01:42      GoToSettlement → Корсия = 1.088
03:01:42      GoToSettlement → Замок Флинтолг = 0.025
03:01:42      GoToSettlement → Флинтолг = 0.025
03:01:42    лучшее: PatrolAroundPoint → Устокол = 2.122
03:01:42    та же цель, приказ повторён (12-й раз): PatrolAroundPoint → Устокол (оценка 2.122)
03:01:42    после применения: поведение PatrolAroundPoint; цель Устокол; движется True
03:02:30  час: оценок 15; позиция у Жемянь ((CampaignVec2) X: 240.6551 Y: 599.0146 IsOnLand: True); текущее поведение PatrolAroundPoint
03:02:30      GoToSettlement → Устокол = 2.051
03:02:30      GoToSettlement → Замок Устокол = 0.960
03:02:30      GoToSettlement → Жемянь = 0.268
03:02:30      GoToSettlement → Ревиль = 1.272
03:02:30      GoToSettlement → Карбур = 1.245
03:02:30      GoToSettlement → Корсия = 1.065
03:02:30      GoToSettlement → Замок Флинтолг = 0.025
03:02:30      GoToSettlement → Флинтолг = 0.025
03:02:30    лучшее: PatrolAroundPoint → Устокол = 2.113
03:02:30    та же цель, приказ повторён (13-й раз): PatrolAroundPoint → Устокол (оценка 2.113)
03:02:30    после применения: поведение PatrolAroundPoint; цель Устокол; движется True
03:03:14  час: оценок 15; позиция у Жемянь ((CampaignVec2) X: 239.3823 Y: 594.9205 IsOnLand: True); текущее поведение PatrolAroundPoint
03:03:14      GoToSettlement → Устокол = 2.057
03:03:14      GoToSettlement → Замок Устокол = 0.960
03:03:14      GoToSettlement → Жемянь = 0.266
03:03:14      GoToSettlement → Ревиль = 1.285
03:03:14      GoToSettlement → Карбур = 1.243
03:03:14      GoToSettlement → Корсия = 1.075
03:03:14      GoToSettlement → Замок Флинтолг = 0.025
03:03:14      GoToSettlement → Флинтолг = 0.025
03:03:14    лучшее: PatrolAroundPoint → Устокол = 2.066
03:03:14    та же цель, приказ повторён (14-й раз): PatrolAroundPoint → Устокол (оценка 2.066)
03:03:14    после применения: поведение PatrolAroundPoint; цель Устокол; движется True
03:03:57  час: оценок 15; позиция у Жемянь ((CampaignVec2) X: 238.6997 Y: 597.3762 IsOnLand: True); текущее поведение PatrolAroundPoint
03:03:57      GoToSettlement → Устокол = 2.064
03:03:57      GoToSettlement → Замок Устокол = 0.958
03:03:57      GoToSettlement → Жемянь = 0.270
03:03:57      GoToSettlement → Ревиль = 1.289
03:03:57      GoToSettlement → Карбур = 1.237
03:03:57      GoToSettlement → Корсия = 1.066
03:03:57      GoToSettlement → Замок Флинтолг = 0.025
03:03:57      GoToSettlement → Флинтолг = 0.025
03:03:57    лучшее: GoToSettlement → Устокол = 2.064
03:03:57    НОВАЯ ЦЕЛЬ #2: GoToSettlement → Устокол (оценка 2.064)
03:03:57    после применения: поведение GoToSettlement; цель Устокол; движется True
03:04:05  ПРИБЫЛИ в «Устокол» (прибытие #1)
03:04:05    ОБСЛУЖИВАНИЕ «Устокол» (прибытие): денег 1563621, резерв 15379 (не меньше 2000 и 7 дн. жалования по 2197)
03:04:05      еда: хватает (на складе 837, расход 12.3 в день, цель 12 дн.)
03:04:05      найм: партия полна (274 из 274)
03:04:05    ЖДЁМ в «Устокол»: пункт «Подождать», время UnstoppableFastForward; уйдём, когда пересчёт штатного AI выберет другую цель
03:04:14  час: оценок 15; позиция у Устокол ((CampaignVec2) X: 239.455 Y: 594.328 IsOnLand: True); текущее поведение Hold
03:04:14      GoToSettlement → Устокол = 0.256
03:04:14      GoToSettlement → Замок Устокол = 0.650
03:04:14      GoToSettlement → Жемянь = 0.227
03:04:14      GoToSettlement → Ревиль = 0.879
03:04:14      GoToSettlement → Карбур = 0.834
03:04:14      GoToSettlement → Корсия = 0.722
03:04:14      GoToSettlement → Замок Флинтолг = 0.025
03:04:14      GoToSettlement → Флинтолг = 0.025
03:04:14    лучшее: PatrolAroundPoint → Устокол = 1.831
03:04:14    решено уйти из «Устокол»: PatrolAroundPoint → Устокол
03:04:14    ожидание в «Устокол» закончено пунктом «Перестать ждать»
03:04:14    выход изнутри: к воротам → LeaveSettlement → Finish → Hold
03:04:14    ВЫШЛИ из «Устокол» (подтверждённый выход #2)
03:04:14    время возобновлено (скорость 1): закрытие встречи ставит паузу
03:04:14    НОВАЯ ЦЕЛЬ #3: PatrolAroundPoint → Устокол (оценка 1.831)
03:04:14    после применения: поведение PatrolAroundPoint; цель Устокол; движется False
03:04:57  час: оценок 15; позиция у Устокол ((CampaignVec2) X: 238.8655 Y: 596.548 IsOnLand: True); текущее поведение PatrolAroundPoint
03:04:57      GoToSettlement → Устокол = 0.541
03:04:57      GoToSettlement → Замок Устокол = 0.975
03:04:57      GoToSettlement → Жемянь = 0.346
03:04:57      GoToSettlement → Ревиль = 1.384
03:04:57      GoToSettlement → Карбур = 1.247
03:04:57      GoToSettlement → Корсия = 1.076
03:04:57      GoToSettlement → Замок Флинтолг = 0.025
03:04:57      GoToSettlement → Флинтолг = 0.025
03:04:57    лучшее: PatrolAroundPoint → Устокол = 2.184
03:04:57    та же цель, приказ повторён (15-й раз): PatrolAroundPoint → Устокол (оценка 2.184)
03:04:57    после применения: поведение PatrolAroundPoint; цель Устокол; движется True
03:05:40  час: оценок 15; позиция у Устокол ((CampaignVec2) X: 240.0474 Y: 594.5923 IsOnLand: True); текущее поведение PatrolAroundPoint
03:05:40      GoToSettlement → Устокол = 0.384
03:05:40      GoToSettlement → Замок Устокол = 0.995
03:05:40      GoToSettlement → Жемянь = 0.352
03:05:40      GoToSettlement → Ревиль = 1.417
03:05:40      GoToSettlement → Карбур = 1.263
03:05:40      GoToSettlement → Корсия = 1.093
03:05:40      GoToSettlement → Замок Флинтолг = 0.025
03:05:40      GoToSettlement → Флинтолг = 0.025
03:05:40    лучшее: PatrolAroundPoint → Устокол = 2.206
03:05:40    та же цель, приказ повторён (16-й раз): PatrolAroundPoint → Устокол (оценка 2.206)
03:05:40    после применения: поведение PatrolAroundPoint; цель Устокол; движется True
03:06:18  час: оценок 15; позиция у Устокол ((CampaignVec2) X: 242.5594 Y: 597.6828 IsOnLand: True); текущее поведение PatrolAroundPoint
03:06:18      GoToSettlement → Устокол = 0.387
03:06:18      GoToSettlement → Замок Устокол = 1.025
03:06:18      GoToSettlement → Жемянь = 0.367
03:06:18      GoToSettlement → Ревиль = 1.455
03:06:18      GoToSettlement → Карбур = 1.286
03:06:18      GoToSettlement → Корсия = 1.100
03:06:18      GoToSettlement → Замок Флинтолг = 0.025
03:06:18      GoToSettlement → Флинтолг = 0.025
03:06:18    лучшее: PatrolAroundPoint → Устокол = 2.214
03:06:18    та же цель, приказ повторён (17-й раз): PatrolAroundPoint → Устокол (оценка 2.214)
03:06:18    после применения: поведение PatrolAroundPoint; цель Устокол; движется True
03:07:00  час: оценок 15; позиция у Устокол ((CampaignVec2) X: 247.1767 Y: 594.9966 IsOnLand: True); текущее поведение PatrolAroundPoint
03:07:00      GoToSettlement → Устокол = 0.310
03:07:00      GoToSettlement → Замок Устокол = 1.086
03:07:00      GoToSettlement → Жемянь = 0.384
03:07:00      GoToSettlement → Ревиль = 1.534
03:07:00      GoToSettlement → Карбур = 1.338
03:07:00      GoToSettlement → Корсия = 1.142
03:07:00      GoToSettlement → Замок Флинтолг = 0.178
03:07:00      GoToSettlement → Флинтолг = 0.025
03:07:00    лучшее: PatrolAroundPoint → Устокол = 2.223
03:07:00    та же цель, приказ повторён (18-й раз): PatrolAroundPoint → Устокол (оценка 2.223)
03:07:00    после применения: поведение PatrolAroundPoint; цель Устокол; движется True
03:07:39  час: оценок 15; позиция у Устокол ((CampaignVec2) X: 242.2271 Y: 594.5313 IsOnLand: True); текущее поведение PatrolAroundPoint
03:07:39      GoToSettlement → Устокол = 0.333
03:07:39      GoToSettlement → Замок Устокол = 1.039
03:07:39      GoToSettlement → Жемянь = 0.372
03:07:39      GoToSettlement → Ревиль = 1.551
03:07:39      GoToSettlement → Карбур = 1.294
03:07:39      GoToSettlement → Корсия = 1.116
03:07:39      GoToSettlement → Замок Флинтолг = 0.025
03:07:39      GoToSettlement → Флинтолг = 0.025
03:07:39    лучшее: PatrolAroundPoint → Устокол = 2.226
03:07:39    та же цель, приказ повторён (19-й раз): PatrolAroundPoint → Устокол (оценка 2.226)
03:07:39    после применения: поведение PatrolAroundPoint; цель Устокол; движется True
03:08:20  час: оценок 15; позиция у Устокол ((CampaignVec2) X: 233.7824 Y: 595.3071 IsOnLand: True); текущее поведение PatrolAroundPoint
03:08:20      GoToSettlement → Устокол = 0.338
03:08:20      GoToSettlement → Замок Устокол = 0.963
03:08:20      GoToSettlement → Жемянь = 0.352
03:08:20      GoToSettlement → Ревиль = 1.470
03:08:20      GoToSettlement → Карбур = 1.223
03:08:20      GoToSettlement → Корсия = 1.066
03:08:20      GoToSettlement → Замок Флинтолг = 0.025
03:08:20      GoToSettlement → Флинтолг = 0.025
03:08:20    лучшее: PatrolAroundPoint → Устокол = 2.230
03:08:20    та же цель, приказ повторён (20-й раз): PatrolAroundPoint → Устокол (оценка 2.230)
03:08:20    после применения: поведение PatrolAroundPoint; цель Устокол; движется True
03:09:03  час: оценок 15; позиция у Устокол ((CampaignVec2) X: 244.5769 Y: 597.1528 IsOnLand: True); текущее поведение PatrolAroundPoint
03:09:03      GoToSettlement → Устокол = 0.343
03:09:03      GoToSettlement → Замок Устокол = 1.077
03:09:03      GoToSettlement → Жемянь = 0.392
03:09:03      GoToSettlement → Ревиль = 1.609
03:09:03      GoToSettlement → Карбур = 1.321
03:09:03      GoToSettlement → Корсия = 1.128
03:09:03      GoToSettlement → Замок Флинтолг = 0.025
03:09:03      GoToSettlement → Флинтолг = 0.025
03:09:03    лучшее: PatrolAroundPoint → Устокол = 2.233
03:09:03    та же цель, приказ повторён (21-й раз): PatrolAroundPoint → Устокол (оценка 2.233)
03:09:03    после применения: поведение PatrolAroundPoint; цель Устокол; движется True
03:09:42  час: оценок 15; позиция у Устокол ((CampaignVec2) X: 237.7811 Y: 600.2251 IsOnLand: True); текущее поведение PatrolAroundPoint
03:09:42      GoToSettlement → Устокол = 0.348
03:09:42      GoToSettlement → Замок Устокол = 1.009
03:09:42      GoToSettlement → Жемянь = 0.376
03:09:42      GoToSettlement → Ревиль = 1.536
03:09:42      GoToSettlement → Карбур = 1.258
03:09:42      GoToSettlement → Корсия = 1.080
03:09:42      GoToSettlement → Замок Флинтолг = 0.025
03:09:42      GoToSettlement → Флинтолг = 0.025
03:09:42    лучшее: PatrolAroundPoint → Устокол = 2.235
03:09:42    та же цель, приказ повторён (22-й раз): PatrolAroundPoint → Устокол (оценка 2.235)
03:09:42    после применения: поведение PatrolAroundPoint; цель Устокол; движется True
03:10:24  час: оценок 15; позиция у Устокол ((CampaignVec2) X: 237.5929 Y: 601.6437 IsOnLand: True); текущее поведение PatrolAroundPoint
03:10:24      GoToSettlement → Устокол = 0.353
03:10:24      GoToSettlement → Замок Устокол = 1.011
03:10:24      GoToSettlement → Жемянь = 0.380
03:10:24      GoToSettlement → Ревиль = 1.598
03:10:24      GoToSettlement → Карбур = 1.257
03:10:24      GoToSettlement → Корсия = 1.077
03:10:24      GoToSettlement → Замок Флинтолг = 0.025
03:10:24      GoToSettlement → Флинтолг = 0.025
03:10:24    лучшее: PatrolAroundPoint → Устокол = 2.236
03:10:24    та же цель, приказ повторён (23-й раз): PatrolAroundPoint → Устокол (оценка 2.236)
03:10:24    после применения: поведение PatrolAroundPoint; цель Устокол; движется True
03:11:07  час: оценок 15; позиция у Устокол ((CampaignVec2) X: 243.2195 Y: 594.9451 IsOnLand: True); текущее поведение PatrolAroundPoint
03:11:07      GoToSettlement → Устокол = 0.358
03:11:07      GoToSettlement → Замок Устокол = 1.087
03:11:07      GoToSettlement → Жемянь = 0.399
03:11:07      GoToSettlement → Ревиль = 1.707
03:11:07      GoToSettlement → Карбур = 1.322
03:11:07      GoToSettlement → Корсия = 1.138
03:11:07      GoToSettlement → Замок Флинтолг = 0.025
03:11:07      GoToSettlement → Флинтолг = 0.025
03:11:07    лучшее: PatrolAroundPoint → Устокол = 2.233
03:11:07    та же цель, приказ повторён (24-й раз): PatrolAroundPoint → Устокол (оценка 2.233)
03:11:07    после применения: поведение PatrolAroundPoint; цель Устокол; движется True
03:11:53  час: оценок 15; позиция у Устокол ((CampaignVec2) X: 236.7045 Y: 596.115 IsOnLand: True); текущее поведение PatrolAroundPoint
03:11:53      GoToSettlement → Устокол = 0.363
03:11:53      GoToSettlement → Замок Устокол = 1.025
03:11:53      GoToSettlement → Жемянь = 0.383
03:11:53      GoToSettlement → Ревиль = 1.639
03:11:53      GoToSettlement → Карбур = 1.265
03:11:53      GoToSettlement → Корсия = 1.097
03:11:53      GoToSettlement → Замок Флинтолг = 0.025
03:11:53      GoToSettlement → Флинтолг = 0.025
03:11:53    лучшее: PatrolAroundPoint → Устокол = 2.234
03:11:53    та же цель, приказ повторён (25-й раз): PatrolAroundPoint → Устокол (оценка 2.234)
03:11:53    после применения: поведение PatrolAroundPoint; цель Устокол; движется True
03:12:39  час: оценок 15; позиция у Устокол ((CampaignVec2) X: 242.3677 Y: 597.7478 IsOnLand: True); текущее поведение PatrolAroundPoint
03:12:39      GoToSettlement → Устокол = 0.368
03:12:39      GoToSettlement → Замок Устокол = 1.089
03:12:39      GoToSettlement → Жемянь = 0.408
03:12:39      GoToSettlement → Ревиль = 1.724
03:12:39      GoToSettlement → Карбур = 1.318
03:12:39      GoToSettlement → Корсия = 1.128
03:12:39      GoToSettlement → Замок Флинтолг = 0.025
03:12:39      GoToSettlement → Флинтолг = 0.025
03:12:39    лучшее: PatrolAroundPoint → Устокол = 2.236
03:12:39    та же цель, приказ повторён (26-й раз): PatrolAroundPoint → Устокол (оценка 2.236)
03:12:39    после применения: поведение PatrolAroundPoint; цель Устокол; движется True
03:13:25  час: оценок 15; позиция у Устокол ((CampaignVec2) X: 244.6869 Y: 596.1677 IsOnLand: True); текущее поведение PatrolAroundPoint
03:13:25      GoToSettlement → Устокол = 0.374
03:13:25      GoToSettlement → Замок Устокол = 1.125
03:13:25      GoToSettlement → Жемянь = 0.420
03:13:25      GoToSettlement → Ревиль = 1.830
03:13:25      GoToSettlement → Карбур = 1.346
03:13:25      GoToSettlement → Корсия = 1.152
03:13:25      GoToSettlement → Замок Флинтолг = 0.025
03:13:25      GoToSettlement → Флинтолг = 0.025
03:13:25    лучшее: PatrolAroundPoint → Устокол = 2.237
03:13:25    та же цель, приказ повторён (27-й раз): PatrolAroundPoint → Устокол (оценка 2.237)
03:13:25    после применения: поведение PatrolAroundPoint; цель Устокол; движется True
03:14:07  час: оценок 15; позиция у Устокол ((CampaignVec2) X: 238.9933 Y: 594.7139 IsOnLand: True); текущее поведение PatrolAroundPoint
03:14:07      GoToSettlement → Устокол = 0.384
03:14:07      GoToSettlement → Замок Устокол = 1.070
03:14:07      GoToSettlement → Жемянь = 0.403
03:14:07      GoToSettlement → Ревиль = 1.773
03:14:07      GoToSettlement → Карбур = 1.298
03:14:07      GoToSettlement → Корсия = 1.125
03:14:07      GoToSettlement → Замок Флинтолг = 0.025
03:14:07      GoToSettlement → Флинтолг = 0.025
03:14:07    лучшее: PatrolAroundPoint → Устокол = 2.238
03:14:07    та же цель, приказ повторён (28-й раз): PatrolAroundPoint → Устокол (оценка 2.238)
03:14:07    после применения: поведение PatrolAroundPoint; цель Устокол; движется True
03:14:47  час: оценок 15; позиция у Устокол ((CampaignVec2) X: 240.8408 Y: 596.7576 IsOnLand: True); текущее поведение PatrolAroundPoint
03:14:47      GoToSettlement → Устокол = 0.384
03:14:47      GoToSettlement → Замок Устокол = 1.095
03:14:47      GoToSettlement → Жемянь = 0.416
03:14:47      GoToSettlement → Ревиль = 1.812
03:14:47      GoToSettlement → Карбур = 1.316
03:14:47      GoToSettlement → Корсия = 1.133
03:14:47      GoToSettlement → Замок Флинтолг = 0.025
03:14:47      GoToSettlement → Флинтолг = 0.025
03:14:47    лучшее: PatrolAroundPoint → Устокол = 2.238
03:14:47    та же цель, приказ повторён (29-й раз): PatrolAroundPoint → Устокол (оценка 2.238)
03:14:47    после применения: поведение PatrolAroundPoint; цель Устокол; движется True
03:15:29  час: оценок 15; позиция у Устокол ((CampaignVec2) X: 239.768 Y: 598.1404 IsOnLand: True); текущее поведение PatrolAroundPoint
03:15:29      GoToSettlement → Устокол = 0.389
03:15:29      GoToSettlement → Замок Устокол = 1.089
03:15:29      GoToSettlement → Жемянь = 0.418
03:15:29      GoToSettlement → Ревиль = 1.811
03:15:29      GoToSettlement → Карбур = 1.308
03:15:29      GoToSettlement → Корсия = 1.124
03:15:29      GoToSettlement → Замок Флинтолг = 0.025
03:15:29      GoToSettlement → Флинтолг = 0.025
03:15:29    лучшее: PatrolAroundPoint → Устокол = 2.238
03:15:29    та же цель, приказ повторён (30-й раз): PatrolAroundPoint → Устокол (оценка 2.238)
03:15:29    после применения: поведение PatrolAroundPoint; цель Устокол; движется True
03:16:12  час: оценок 15; позиция у Устокол ((CampaignVec2) X: 233.9477 Y: 595.3549 IsOnLand: True); текущее поведение PatrolAroundPoint
03:16:12      GoToSettlement → Устокол = 0.394
03:16:12      GoToSettlement → Замок Устокол = 1.039
03:16:12      GoToSettlement → Жемянь = 0.400
03:16:12      GoToSettlement → Ревиль = 1.801
03:16:12      GoToSettlement → Карбур = 1.263
03:16:12      GoToSettlement → Корсия = 1.102
03:16:12      GoToSettlement → Замок Флинтолг = 0.025
03:16:12      GoToSettlement → Флинтолг = 0.025
03:16:12    лучшее: PatrolAroundPoint → Устокол = 2.238
03:16:12    та же цель, приказ повторён (31-й раз): PatrolAroundPoint → Устокол (оценка 2.238)
03:16:12    после применения: поведение PatrolAroundPoint; цель Устокол; движется True
03:16:58  час: оценок 15; позиция у Устокол ((CampaignVec2) X: 241.9969 Y: 598.0341 IsOnLand: True); текущее поведение PatrolAroundPoint
03:16:58      GoToSettlement → Устокол = 0.399
03:16:58      GoToSettlement → Замок Устокол = 1.128
03:16:58      GoToSettlement → Жемянь = 0.435
03:16:58      GoToSettlement → Ревиль = 1.925
03:16:58      GoToSettlement → Карбур = 1.336
03:16:58      GoToSettlement → Корсия = 1.145
03:16:58      GoToSettlement → Замок Флинтолг = 0.025
03:16:58      GoToSettlement → Флинтолг = 0.025
03:16:58    лучшее: PatrolAroundPoint → Устокол = 2.238
03:16:58    та же цель, приказ повторён (32-й раз): PatrolAroundPoint → Устокол (оценка 2.238)
03:16:58    после применения: поведение PatrolAroundPoint; цель Устокол; движется True
03:17:42  час: оценок 15; позиция у Устокол ((CampaignVec2) X: 241.6966 Y: 597.4222 IsOnLand: True); текущее поведение PatrolAroundPoint
03:17:42      GoToSettlement → Устокол = 0.404
03:17:42      GoToSettlement → Замок Устокол = 1.133
03:17:42      GoToSettlement → Жемянь = 0.438
03:17:42      GoToSettlement → Ревиль = 1.942
03:17:42      GoToSettlement → Карбур = 1.338
03:17:42      GoToSettlement → Корсия = 1.148
03:17:42      GoToSettlement → Замок Флинтолг = 0.025
03:17:42      GoToSettlement → Флинтолг = 0.025
03:17:42    лучшее: PatrolAroundPoint → Устокол = 2.238
03:17:42    та же цель, приказ повторён (33-й раз): PatrolAroundPoint → Устокол (оценка 2.238)
03:17:42    после применения: поведение PatrolAroundPoint; цель Устокол; движется True
03:18:25  час: оценок 15; позиция у Устокол ((CampaignVec2) X: 240.4218 Y: 596.5696 IsOnLand: True); текущее поведение PatrolAroundPoint
03:18:25      GoToSettlement → Устокол = 0.409
03:18:25      GoToSettlement → Замок Устокол = 1.127
03:18:25      GoToSettlement → Жемянь = 0.437
03:18:25      GoToSettlement → Ревиль = 1.945
03:18:25      GoToSettlement → Карбур = 1.331
03:18:25      GoToSettlement → Корсия = 1.147
03:18:25      GoToSettlement → Замок Флинтолг = 0.025
03:18:25      GoToSettlement → Флинтолг = 0.025
03:18:25    лучшее: PatrolAroundPoint → Устокол = 2.238
03:18:25    та же цель, приказ повторён (34-й раз): PatrolAroundPoint → Устокол (оценка 2.238)
03:18:25    после применения: поведение PatrolAroundPoint; цель Устокол; движется True
03:19:11  час: оценок 15; позиция у Устокол ((CampaignVec2) X: 238.4189 Y: 598.4176 IsOnLand: True); текущее поведение PatrolAroundPoint
03:19:11      GoToSettlement → Устокол = 0.415
03:19:11      GoToSettlement → Замок Устокол = 1.110
03:19:11      GoToSettlement → Жемянь = 0.436
03:19:11      GoToSettlement → Ревиль = 1.966
03:19:11      GoToSettlement → Карбур = 1.313
03:19:11      GoToSettlement → Корсия = 1.131
03:19:11      GoToSettlement → Замок Флинтолг = 0.025
03:19:11      GoToSettlement → Флинтолг = 0.025
03:19:11    лучшее: PatrolAroundPoint → Устокол = 2.238
03:19:11    та же цель, приказ повторён (35-й раз): PatrolAroundPoint → Устокол (оценка 2.238)
03:19:11    после применения: поведение PatrolAroundPoint; цель Устокол; движется True
03:19:57  час: оценок 15; позиция у Устокол ((CampaignVec2) X: 247.6875 Y: 595.5808 IsOnLand: True); текущее поведение PatrolAroundPoint
03:19:57      GoToSettlement → Устокол = 0.420
03:19:57      GoToSettlement → Замок Устокол = 1.232
03:19:57      GoToSettlement → Жемянь = 0.473
03:19:57      GoToSettlement → Ревиль = 2.145
03:19:57      GoToSettlement → Карбур = 1.412
03:19:57      GoToSettlement → Корсия = 1.204
03:19:57      GoToSettlement → Замок Флинтолг = 0.178
03:19:57      GoToSettlement → Флинтолг = 0.025
03:19:57    лучшее: PatrolAroundPoint → Устокол = 2.238
03:19:57    та же цель, приказ повторён (36-й раз): PatrolAroundPoint → Устокол (оценка 2.238)
03:19:57    после применения: поведение PatrolAroundPoint; цель Устокол; движется True
03:20:38  час: оценок 15; позиция у Устокол ((CampaignVec2) X: 238.2908 Y: 595.8879 IsOnLand: True); текущее поведение PatrolAroundPoint
03:20:38      GoToSettlement → Устокол = 0.425
03:20:38      GoToSettlement → Замок Устокол = 1.126
03:20:38      GoToSettlement → Жемянь = 0.442
03:20:38      GoToSettlement → Ревиль = 2.011
03:20:38      GoToSettlement → Карбур = 1.323
03:20:38      GoToSettlement → Корсия = 1.146
03:20:38      GoToSettlement → Замок Флинтолг = 0.025
03:20:38      GoToSettlement → Флинтолг = 0.025
03:20:38    лучшее: PatrolAroundPoint → Устокол = 2.238
03:20:38    та же цель, приказ повторён (37-й раз): PatrolAroundPoint → Устокол (оценка 2.238)
03:20:38    после применения: поведение PatrolAroundPoint; цель Устокол; движется True
03:21:21  час: оценок 15; позиция у Устокол ((CampaignVec2) X: 241.4298 Y: 598.0557 IsOnLand: True); текущее поведение PatrolAroundPoint
03:21:21      GoToSettlement → Устокол = 0.430
03:21:21      GoToSettlement → Замок Устокол = 1.166
03:21:21      GoToSettlement → Жемянь = 0.461
03:21:21      GoToSettlement → Ревиль = 2.072
03:21:21      GoToSettlement → Карбур = 1.353
03:21:21      GoToSettlement → Корсия = 1.161
03:21:21      GoToSettlement → Замок Флинтолг = 0.025
03:21:21      GoToSettlement → Флинтолг = 0.025
03:21:21    лучшее: PatrolAroundPoint → Устокол = 2.238
03:21:21    та же цель, приказ повторён (38-й раз): PatrolAroundPoint → Устокол (оценка 2.238)
03:21:21    после применения: поведение PatrolAroundPoint; цель Устокол; движется True
03:22:07  час: оценок 15; позиция у Устокол ((CampaignVec2) X: 237.4635 Y: 595.2829 IsOnLand: True); текущее поведение PatrolAroundPoint
03:22:07      GoToSettlement → Устокол = 0.435
03:22:07      GoToSettlement → Замок Устокол = 1.131
03:22:07      GoToSettlement → Жемянь = 0.447
03:22:07      GoToSettlement → Ревиль = 2.072
03:22:07      GoToSettlement → Карбур = 1.323
03:22:07      GoToSettlement → Корсия = 1.149
03:22:07      GoToSettlement → Замок Флинтолг = 0.025
03:22:07      GoToSettlement → Флинтолг = 0.025
03:22:07    лучшее: PatrolAroundPoint → Устокол = 2.238
03:22:07    та же цель, приказ повторён (39-й раз): PatrolAroundPoint → Устокол (оценка 2.238)
03:22:07    после применения: поведение PatrolAroundPoint; цель Устокол; движется True
03:22:51  час: оценок 15; позиция у Устокол ((CampaignVec2) X: 237.5685 Y: 600.5548 IsOnLand: True); текущее поведение PatrolAroundPoint
03:22:51      GoToSettlement → Устокол = 0.440
03:22:51      GoToSettlement → Замок Устокол = 1.132
03:22:51      GoToSettlement → Жемянь = 0.456
03:22:51      GoToSettlement → Ревиль = 2.074
03:22:51      GoToSettlement → Карбур = 1.320
03:22:51      GoToSettlement → Корсия = 1.134
03:22:51      GoToSettlement → Замок Флинтолг = 0.025
03:22:51      GoToSettlement → Флинтолг = 0.025
03:22:51    лучшее: PatrolAroundPoint → Устокол = 2.238
03:22:51    та же цель, приказ повторён (40-й раз): PatrolAroundPoint → Устокол (оценка 2.238)
03:22:51    после применения: поведение PatrolAroundPoint; цель Устокол; движется True
03:23:39  час: оценок 15; позиция у Устокол ((CampaignVec2) X: 239.2892 Y: 596.4514 IsOnLand: True); текущее поведение PatrolAroundPoint
03:23:39      GoToSettlement → Устокол = 0.445
03:23:39      GoToSettlement → Замок Устокол = 1.165
03:23:39      GoToSettlement → Жемянь = 0.464
03:23:39      GoToSettlement → Ревиль = 2.136
03:23:39      GoToSettlement → Карбур = 1.346
03:23:39      GoToSettlement → Корсия = 1.163
03:23:39      GoToSettlement → Замок Флинтолг = 0.025
03:23:39      GoToSettlement → Флинтолг = 0.025
03:23:39    лучшее: PatrolAroundPoint → Устокол = 2.237
03:23:39    та же цель, приказ повторён (41-й раз): PatrolAroundPoint → Устокол (оценка 2.237)
03:23:39    после применения: поведение PatrolAroundPoint; цель Устокол; движется True
03:24:26  час: оценок 15; позиция у Устокол ((CampaignVec2) X: 243.2336 Y: 595.5293 IsOnLand: True); текущее поведение PatrolAroundPoint
03:24:26      GoToSettlement → Устокол = 0.450
03:24:26      GoToSettlement → Замок Устокол = 1.220
03:24:26      GoToSettlement → Жемянь = 0.483
03:24:26      GoToSettlement → Ревиль = 2.226
03:24:26      GoToSettlement → Карбур = 1.389
03:24:26      GoToSettlement → Корсия = 1.195
03:24:26      GoToSettlement → Замок Флинтолг = 0.025
03:24:26      GoToSettlement → Флинтолг = 0.025
03:24:26    лучшее: PatrolAroundPoint → Устокол = 2.237
03:24:26    та же цель, приказ повторён (42-й раз): PatrolAroundPoint → Устокол (оценка 2.237)
03:24:26    после применения: поведение PatrolAroundPoint; цель Устокол; движется True
03:25:09  час: оценок 15; позиция у Устокол ((CampaignVec2) X: 232.725 Y: 595.795 IsOnLand: True); текущее поведение PatrolAroundPoint
03:25:09      GoToSettlement → Устокол = 0.455
03:25:09      GoToSettlement → Замок Устокол = 1.108
03:25:09      GoToSettlement → Жемянь = 0.448
03:25:09      GoToSettlement → Ревиль = 2.102
03:25:09      GoToSettlement → Карбур = 1.294
03:25:09      GoToSettlement → Корсия = 1.131
03:25:09      GoToSettlement → Замок Флинтолг = 0.025
03:25:09      GoToSettlement → Флинтолг = 0.025
03:25:09    лучшее: PatrolAroundPoint → Устокол = 2.237
03:25:09    та же цель, приказ повторён (43-й раз): PatrolAroundPoint → Устокол (оценка 2.237)
03:25:09    после применения: поведение PatrolAroundPoint; цель Устокол; движется True
03:25:52  час: оценок 15; позиция у Устокол ((CampaignVec2) X: 244.06 Y: 594.6003 IsOnLand: True); текущее поведение PatrolAroundPoint
03:25:52      GoToSettlement → Устокол = 0.461
03:25:52      GoToSettlement → Замок Устокол = 1.246
03:25:52      GoToSettlement → Жемянь = 0.495
03:25:52      GoToSettlement → Ревиль = 2.316
03:25:52      GoToSettlement → Карбур = 1.406
03:25:52      GoToSettlement → Корсия = 1.211
03:25:52      GoToSettlement → Замок Флинтолг = 0.176
03:25:52      GoToSettlement → Флинтолг = 0.025
03:25:52    лучшее: GoToSettlement → Ревиль = 2.316
03:25:52    НОВАЯ ЦЕЛЬ #4: GoToSettlement → Ревиль (оценка 2.316)
03:25:52    после применения: поведение GoToSettlement; цель Ревиль; движется True
03:26:33  час: оценок 15; позиция у Устокол ((CampaignVec2) X: 257.7934 Y: 591.2573 IsOnLand: True); текущее поведение GoToSettlement
03:26:33      GoToSettlement → Жемянь = 0.685
03:26:33      GoToSettlement → Замок Устокол = 1.493
03:26:33      GoToSettlement → Устокол = 0.442
03:26:33      GoToSettlement → Ревиль = 3.188
03:26:33      GoToSettlement → Карбур = 1.577
03:26:33      GoToSettlement → Корсия = 1.405
03:26:33      GoToSettlement → Замок Флинтолг = 0.193
03:26:33      GoToSettlement → Флинтолг = 0.128
03:26:33    лучшее: GoToSettlement → Ревиль = 3.188
03:26:33    та же цель, приказ повторён (44-й раз): GoToSettlement → Ревиль (оценка 3.188)
03:26:33    после применения: поведение GoToSettlement; цель Ревиль; движется True
03:27:12  час: оценок 15; позиция у Устокол ((CampaignVec2) X: 272.6034 Y: 590.486 IsOnLand: True); текущее поведение GoToSettlement
03:27:12      GoToSettlement → Замок Устокол = 1.506
03:27:12      GoToSettlement → Жемянь = 0.691
03:27:12      GoToSettlement → Ревиль = 3.717
03:27:12      GoToSettlement → Устокол = 0.381
03:27:12      GoToSettlement → Карбур = 1.799
03:27:12      GoToSettlement → Корсия = 1.535
03:27:12      GoToSettlement → Замок Флинтолг = 0.203
03:27:12      GoToSettlement → Флинтолг = 0.133
03:27:12    лучшее: GoToSettlement → Ревиль = 3.717
03:27:12    та же цель, приказ повторён (45-й раз): GoToSettlement → Ревиль (оценка 3.717)
03:27:12    после применения: поведение GoToSettlement; цель Ревиль; движется True
03:28:00  час: оценок 15; позиция у Устокол ((CampaignVec2) X: 286.9256 Y: 588.9669 IsOnLand: True); текущее поведение GoToSettlement
03:28:00      GoToSettlement → Замок Устокол = 1.515
03:28:00      GoToSettlement → Ревиль = 4.419
03:28:00      GoToSettlement → Жемянь = 0.616
03:28:00      GoToSettlement → Карбур = 2.084
03:28:00      GoToSettlement → Устокол = 0.337
03:28:00      GoToSettlement → Корсия = 1.623
03:28:00      GoToSettlement → Замок Флинтолг = 0.213
03:28:00      GoToSettlement → Флинтолг = 0.138
03:28:00    лучшее: GoToSettlement → Ревиль = 4.419
03:28:00    та же цель, приказ повторён (46-й раз): GoToSettlement → Ревиль (оценка 4.419)
03:28:00    после применения: поведение GoToSettlement; цель Ревиль; движется True
03:28:46  час: оценок 15; позиция у Устокол ((CampaignVec2) X: 300.4304 Y: 584.3779 IsOnLand: True); текущее поведение GoToSettlement
03:28:46      GoToSettlement → Ревиль = 4.458
03:28:46      GoToSettlement → Карбур = 2.406
03:28:46      GoToSettlement → Замок Устокол = 1.319
03:28:46      GoToSettlement → Корсия = 1.971
03:28:46      GoToSettlement → Жемянь = 0.537
03:28:46      GoToSettlement → Устокол = 0.303
03:28:46      GoToSettlement → Замок Флинтолг = 0.230
03:28:46      GoToSettlement → Флинтолг = 0.149
03:28:46    лучшее: GoToSettlement → Ревиль = 4.458
03:28:46    та же цель, приказ повторён (47-й раз): GoToSettlement → Ревиль (оценка 4.458)
03:28:46    после применения: поведение GoToSettlement; цель Ревиль; движется True
03:28:50  ПРИБЫЛИ в «Ревиль» (прибытие #2)
03:28:50    ОБСЛУЖИВАНИЕ «Ревиль» (прибытие): денег 1641119, резерв 15379 (не меньше 2000 и 7 дн. жалования по 2197)
03:28:50      еда: хватает (на складе 726, расход 12.3 в день, цель 30 дн.)
03:28:50      найм: партия полна (274 из 274)
03:28:50    ЖДЁМ в «Ревиль»: пункт «Подождать», время UnstoppableFastForward; уйдём, когда пересчёт штатного AI выберет другую цель
03:29:02  час: оценок 15; позиция у Ревиль ((CampaignVec2) X: 300.3447 Y: 583.3357 IsOnLand: True); текущее поведение Hold
03:29:02      GoToSettlement → Ревиль = 2.579
03:29:02      GoToSettlement → Карбур = 1.608
03:29:02      GoToSettlement → Замок Устокол = 0.882
03:29:02      GoToSettlement → Корсия = 1.329
03:29:02      GoToSettlement → Жемянь = 0.360
03:29:02      GoToSettlement → Устокол = 0.255
03:29:02      GoToSettlement → Замок Флинтолг = 0.154
03:29:02      GoToSettlement → Флинтолг = 0.100
03:29:02    лучшее: GoToSettlement → Ревиль = 2.579
03:29:02    остаёмся в «Ревиль»: лучшая цель — само это поселение, как у NPC
03:29:03    ОБСЛУЖИВАНИЕ «Ревиль» (ожидание): денег 1641119, резерв 15379 (не меньше 2000 и 7 дн. жалования по 2197)
03:29:03      еда: хватает (на складе 726, расход 12.3 в день, цель 30 дн.)
03:29:03      найм: партия полна (274 из 274)
03:29:13  час: оценок 15; позиция у Ревиль ((CampaignVec2) X: 300.3447 Y: 583.3357 IsOnLand: True); текущее поведение Hold
03:29:13      GoToSettlement → Ревиль = 1.867
03:29:13      GoToSettlement → Карбур = 1.612
03:29:13      GoToSettlement → Замок Устокол = 0.887
03:29:13      GoToSettlement → Корсия = 1.333
03:29:13      GoToSettlement → Жемянь = 0.363
03:29:13      GoToSettlement → Устокол = 0.258
03:29:13      GoToSettlement → Замок Флинтолг = 0.154
03:29:13      GoToSettlement → Флинтолг = 0.100
03:29:13    лучшее: PatrolAroundPoint → Устокол = 1.965
03:29:13    решено уйти из «Ревиль»: PatrolAroundPoint → Устокол
03:29:14    ожидание в «Ревиль» закончено пунктом «Перестать ждать»
03:29:14    выход изнутри: к воротам → LeaveSettlement → Finish → Hold
03:29:14    ВЫШЛИ из «Ревиль» (подтверждённый выход #3)
03:29:14    время возобновлено (скорость 1): закрытие встречи ставит паузу
03:29:14    НОВАЯ ЦЕЛЬ #5: PatrolAroundPoint → Устокол (оценка 1.965)
03:29:14    после применения: поведение PatrolAroundPoint; цель Устокол; движется False
03:29:58  час: оценок 15; позиция у Ревиль ((CampaignVec2) X: 288.0013 Y: 588.4814 IsOnLand: True); текущее поведение PatrolAroundPoint
03:29:58      GoToSettlement → Ревиль = 1.260
03:29:58      GoToSettlement → Замок Устокол = 1.551
03:29:58      GoToSettlement → Карбур = 2.132
03:29:58      GoToSettlement → Жемянь = 0.630
03:29:58      GoToSettlement → Устокол = 0.434
03:29:58      GoToSettlement → Корсия = 1.648
03:29:58      GoToSettlement → Замок Флинтолг = 0.214
03:29:58      GoToSettlement → Флинтолг = 0.139
03:29:58    лучшее: GoToSettlement → Карбур = 2.132
03:29:58    НОВАЯ ЦЕЛЬ #6: GoToSettlement → Карбур (оценка 2.132)
03:29:58    после применения: поведение GoToSettlement; цель Карбур; движется True
03:30:39  час: оценок 15; позиция у Ревиль ((CampaignVec2) X: 299.9702 Y: 587.2699 IsOnLand: True); текущее поведение GoToSettlement
03:30:39      GoToSettlement → Ревиль = 1.012
03:30:39      GoToSettlement → Карбур = 2.917
03:30:39      GoToSettlement → Замок Устокол = 1.368
03:30:39      GoToSettlement → Корсия = 1.950
03:30:39      GoToSettlement → Жемянь = 0.565
03:30:39      GoToSettlement → Устокол = 0.398
03:30:39      GoToSettlement → Замок Флинтолг = 0.227
03:30:39      GoToSettlement → Флинтолг = 0.147
03:30:39    лучшее: GoToSettlement → Карбур = 2.917
03:30:39    та же цель, приказ повторён (48-й раз): GoToSettlement → Карбур (оценка 2.917)
03:30:39    после применения: поведение GoToSettlement; цель Карбур; движется True
03:31:29  час: оценок 15; позиция у Ревиль ((CampaignVec2) X: 309.5474 Y: 586.3059 IsOnLand: True); текущее поведение GoToSettlement
03:31:29      GoToSettlement → Карбур = 2.925
03:31:29      GoToSettlement → Ревиль = 1.073
03:31:29      GoToSettlement → Корсия = 2.008
03:31:29      GoToSettlement → Замок Устокол = 1.256
03:31:29      GoToSettlement → Жемянь = 0.524
03:31:29      GoToSettlement → Устокол = 0.377
03:31:29      GoToSettlement → Замок Флинтолг = 0.248
03:31:29      GoToSettlement → Флинтолг = 0.160
03:31:29    лучшее: GoToSettlement → Карбур = 2.925
03:31:29    та же цель, приказ повторён (49-й раз): GoToSettlement → Карбур (оценка 2.925)
03:31:29    после применения: поведение GoToSettlement; цель Карбур; движется True
03:31:53  ПРИБЫЛИ в «Карбур» (прибытие #3)
03:31:53    ОБСЛУЖИВАНИЕ «Карбур» (прибытие): денег 1649255, резерв 15379 (не меньше 2000 и 7 дн. жалования по 2197)
03:31:53      еда: хватает (на складе 714, расход 12.3 в день, цель 12 дн.)
03:31:53      найм: партия полна (274 из 274)
03:31:53    ЖДЁМ в «Карбур»: пункт «Подождать», время UnstoppableFastForward; уйдём, когда пересчёт штатного AI выберет другую цель
03:32:00  час: оценок 15; позиция у Карбур ((CampaignVec2) X: 315.057 Y: 585.752 IsOnLand: True); текущее поведение Hold
03:32:00      GoToSettlement → Карбур = 0.256
03:32:00      GoToSettlement → Ревиль = 0.908
03:32:00      GoToSettlement → Корсия = 1.286
03:32:00      GoToSettlement → Замок Устокол = 0.798
03:32:00      GoToSettlement → Жемянь = 0.336
03:32:00      GoToSettlement → Устокол = 0.244
03:32:00      GoToSettlement → Замок Флинтолг = 0.167
03:32:00      GoToSettlement → Флинтолг = 0.107
03:32:00    лучшее: PatrolAroundPoint → Жемянь = 1.748
03:32:00    решено уйти из «Карбур»: PatrolAroundPoint → Жемянь
03:32:00    ожидание в «Карбур» закончено пунктом «Перестать ждать»
03:32:00    выход изнутри: к воротам → LeaveSettlement → Finish → Hold
03:32:00    ВЫШЛИ из «Карбур» (подтверждённый выход #4)
03:32:00    время возобновлено (скорость 1): закрытие встречи ставит паузу
03:32:00    НОВАЯ ЦЕЛЬ #7: PatrolAroundPoint → Жемянь (оценка 1.748)
03:32:00    после применения: поведение PatrolAroundPoint; цель Жемянь; движется False
03:32:47  час: оценок 15; позиция у Карбур ((CampaignVec2) X: 304.1256 Y: 587.5646 IsOnLand: True); текущее поведение PatrolAroundPoint
03:32:47      GoToSettlement → Ревиль = 1.477
03:32:47      GoToSettlement → Карбур = 0.538
03:32:47      GoToSettlement → Замок Устокол = 1.334
03:32:47      GoToSettlement → Корсия = 1.913
03:32:47      GoToSettlement → Жемянь = 0.560
03:32:47      GoToSettlement → Устокол = 0.397
03:32:47      GoToSettlement → Замок Флинтолг = 0.228
03:32:47      GoToSettlement → Флинтолг = 0.148
03:32:47    лучшее: PatrolAroundPoint → Жемянь = 2.020
03:32:47    та же цель, приказ повторён (50-й раз): PatrolAroundPoint → Жемянь (оценка 2.020)
03:32:47    после применения: поведение PatrolAroundPoint; цель Жемянь; движется True
03:33:33  час: оценок 15; позиция у Карбур ((CampaignVec2) X: 293.3641 Y: 590.1797 IsOnLand: True); текущее поведение PatrolAroundPoint
03:33:33      GoToSettlement → Ревиль = 1.499
03:33:33      GoToSettlement → Замок Устокол = 1.516
03:33:33      GoToSettlement → Карбур = 0.429
03:33:33      GoToSettlement → Жемянь = 0.629
03:33:33      GoToSettlement → Корсия = 1.971
03:33:33      GoToSettlement → Устокол = 0.438
03:33:33      GoToSettlement → Замок Флинтолг = 0.220
03:33:33      GoToSettlement → Флинтолг = 0.144
03:33:33    лучшее: PatrolAroundPoint → Устокол = 2.313
03:33:33    НОВАЯ ЦЕЛЬ #8: PatrolAroundPoint → Устокол (оценка 2.313)
03:33:33    после применения: поведение PatrolAroundPoint; цель Устокол; движется True
03:34:18  час: оценок 15; позиция у Карбур ((CampaignVec2) X: 283.331 Y: 590.3438 IsOnLand: True); текущее поведение PatrolAroundPoint
03:34:18      GoToSettlement → Замок Устокол = 1.605
03:34:18      GoToSettlement → Ревиль = 1.465
03:34:18      GoToSettlement → Жемянь = 0.701
03:34:18      GoToSettlement → Карбур = 0.321
03:34:18      GoToSettlement → Устокол = 0.482
03:34:18      GoToSettlement → Корсия = 1.641
03:34:18      GoToSettlement → Замок Флинтолг = 0.210
03:34:18      GoToSettlement → Флинтолг = 0.137
03:34:18    лучшее: PatrolAroundPoint → Устокол = 1.977
03:34:18    та же цель, приказ повторён (51-й раз): PatrolAroundPoint → Устокол (оценка 1.977)
03:34:18    после применения: поведение PatrolAroundPoint; цель Устокол; движется True
03:35:03  час: оценок 15; позиция у Карбур ((CampaignVec2) X: 268.4237 Y: 590.3947 IsOnLand: True); текущее поведение PatrolAroundPoint
03:35:03      GoToSettlement → Замок Устокол = 1.614
03:35:03      GoToSettlement → Жемянь = 0.768
03:35:03      GoToSettlement → Устокол = 0.562
03:35:03      GoToSettlement → Ревиль = 1.269
03:35:03      GoToSettlement → Карбур = 0.222
03:35:03      GoToSettlement → Корсия = 1.554
03:35:03      GoToSettlement → Замок Флинтолг = 0.201
03:35:03      GoToSettlement → Флинтолг = 0.132
03:35:03    лучшее: PatrolAroundPoint → Устокол = 1.977
03:35:03    та же цель, приказ повторён (52-й раз): PatrolAroundPoint → Устокол (оценка 1.977)
03:35:03    после применения: поведение PatrolAroundPoint; цель Устокол; движется True
03:35:47  час: оценок 15; позиция у Карбур ((CampaignVec2) X: 253.0267 Y: 592.3094 IsOnLand: True); текущее поведение PatrolAroundPoint
03:35:47      GoToSettlement → Устокол = 0.672
03:35:47      GoToSettlement → Замок Устокол = 1.499
03:35:47      GoToSettlement → Жемянь = 0.599
03:35:47      GoToSettlement → Ревиль = 1.173
03:35:47      GoToSettlement → Карбур = 0.211
03:35:47      GoToSettlement → Корсия = 1.337
03:35:47      GoToSettlement → Замок Флинтолг = 0.182
03:35:47      GoToSettlement → Флинтолг = 0.025
03:35:47    лучшее: PatrolAroundPoint → Устокол = 2.301
03:35:47    та же цель, приказ повторён (53-й раз): PatrolAroundPoint → Устокол (оценка 2.301)
03:35:47    после применения: поведение PatrolAroundPoint; цель Устокол; движется True
03:36:30  час: оценок 15; позиция у Карбур ((CampaignVec2) X: 239.2383 Y: 598.5292 IsOnLand: True); текущее поведение PatrolAroundPoint
03:36:30      GoToSettlement → Устокол = 0.678
03:36:30      GoToSettlement → Замок Устокол = 1.297
03:36:30      GoToSettlement → Жемянь = 0.552
03:36:30      GoToSettlement → Ревиль = 1.053
03:36:30      GoToSettlement → Карбур = 0.192
03:36:30      GoToSettlement → Корсия = 1.216
03:36:30      GoToSettlement → Замок Флинтолг = 0.025
03:36:30      GoToSettlement → Флинтолг = 0.025
03:36:30    лучшее: PatrolAroundPoint → Устокол = 2.283
03:36:30    та же цель, приказ повторён (54-й раз): PatrolAroundPoint → Устокол (оценка 2.283)
03:36:30    после применения: поведение PatrolAroundPoint; цель Устокол; движется True
03:37:15  час: оценок 15; позиция у Карбур ((CampaignVec2) X: 237.5465 Y: 594.5812 IsOnLand: True); текущее поведение PatrolAroundPoint
03:37:15      GoToSettlement → Устокол = 0.685
03:37:15      GoToSettlement → Замок Устокол = 1.287
03:37:15      GoToSettlement → Жемянь = 0.544
03:37:15      GoToSettlement → Ревиль = 1.061
03:37:15      GoToSettlement → Карбур = 0.194
03:37:15      GoToSettlement → Корсия = 1.223
03:37:15      GoToSettlement → Замок Флинтолг = 0.025
03:37:15      GoToSettlement → Флинтолг = 0.025
03:37:15    лучшее: PatrolAroundPoint → Устокол = 2.270
03:37:15    та же цель, приказ повторён (55-й раз): PatrolAroundPoint → Устокол (оценка 2.270)
03:37:15    после применения: поведение PatrolAroundPoint; цель Устокол; движется True
03:37:59  час: оценок 15; позиция у Карбур ((CampaignVec2) X: 241.715 Y: 594.5785 IsOnLand: True); текущее поведение PatrolAroundPoint
03:37:59      GoToSettlement → Устокол = 0.691
03:37:59      GoToSettlement → Замок Устокол = 1.349
03:37:59      GoToSettlement → Жемянь = 0.567
03:37:59      GoToSettlement → Ревиль = 1.111
03:37:59      GoToSettlement → Карбур = 0.202
03:37:59      GoToSettlement → Корсия = 1.255
03:37:59      GoToSettlement → Замок Флинтолг = 0.025
03:37:59      GoToSettlement → Флинтолг = 0.025
03:37:59    лучшее: PatrolAroundPoint → Устокол = 2.251
03:37:59    та же цель, приказ повторён (56-й раз): PatrolAroundPoint → Устокол (оценка 2.251)
03:37:59    после применения: поведение PatrolAroundPoint; цель Устокол; движется True
03:38:44  час: оценок 15; позиция у Карбур ((CampaignVec2) X: 233.9614 Y: 595.5152 IsOnLand: True); текущее поведение PatrolAroundPoint
03:38:44      GoToSettlement → Устокол = 0.697
03:38:44      GoToSettlement → Замок Устокол = 1.257
03:38:44      GoToSettlement → Жемянь = 0.538
03:38:44      GoToSettlement → Ревиль = 1.119
03:38:44      GoToSettlement → Карбур = 0.194
03:38:44      GoToSettlement → Корсия = 1.202
03:38:44      GoToSettlement → Замок Флинтолг = 0.025
03:38:44      GoToSettlement → Флинтолг = 0.025
03:38:44    лучшее: PatrolAroundPoint → Устокол = 2.215
03:38:44    та же цель, приказ повторён (57-й раз): PatrolAroundPoint → Устокол (оценка 2.215)
03:38:44    после применения: поведение PatrolAroundPoint; цель Устокол; движется True
03:39:27  час: оценок 15; позиция у Карбур ((CampaignVec2) X: 237.704 Y: 596.0176 IsOnLand: True); текущее поведение PatrolAroundPoint
03:39:27      GoToSettlement → Устокол = 0.704
03:39:27      GoToSettlement → Замок Устокол = 1.309
03:39:27      GoToSettlement → Жемянь = 0.560
03:39:27      GoToSettlement → Ревиль = 1.165
03:39:27      GoToSettlement → Карбур = 0.202
03:39:27      GoToSettlement → Корсия = 1.228
03:39:27      GoToSettlement → Замок Флинтолг = 0.025
03:39:27      GoToSettlement → Флинтолг = 0.025
03:39:27    лучшее: PatrolAroundPoint → Устокол = 2.199
03:39:27    та же цель, приказ повторён (58-й раз): PatrolAroundPoint → Устокол (оценка 2.199)
03:39:27    после применения: поведение PatrolAroundPoint; цель Устокол; движется True
03:40:09  час: оценок 15; позиция у Карбур ((CampaignVec2) X: 236.4176 Y: 595.5961 IsOnLand: True); текущее поведение PatrolAroundPoint
03:40:09      GoToSettlement → Устокол = 0.710
03:40:09      GoToSettlement → Замок Устокол = 1.300
03:40:09      GoToSettlement → Жемянь = 0.558
03:40:09      GoToSettlement → Ревиль = 1.170
03:40:09      GoToSettlement → Карбур = 0.203
03:40:09      GoToSettlement → Корсия = 1.225
03:40:09      GoToSettlement → Замок Флинтолг = 0.025
03:40:09      GoToSettlement → Флинтолг = 0.025
03:40:09    лучшее: PatrolAroundPoint → Устокол = 2.170
03:40:09    та же цель, приказ повторён (59-й раз): PatrolAroundPoint → Устокол (оценка 2.170)
03:40:09    после применения: поведение PatrolAroundPoint; цель Устокол; движется True
03:40:41  час: оценок 15; позиция у Карбур ((CampaignVec2) X: 241.9817 Y: 596.1982 IsOnLand: True); текущее поведение PatrolAroundPoint
03:40:41      GoToSettlement → Устокол = 0.717
03:40:41      GoToSettlement → Замок Устокол = 1.380
03:40:41      GoToSettlement → Жемянь = 0.590
03:40:41      GoToSettlement → Ревиль = 1.235
03:40:41      GoToSettlement → Карбур = 0.214
03:40:41      GoToSettlement → Корсия = 1.263
03:40:41      GoToSettlement → Замок Флинтолг = 0.025
03:40:41      GoToSettlement → Флинтолг = 0.025
03:40:41    лучшее: PatrolAroundPoint → Устокол = 2.157
03:40:41    та же цель, приказ повторён (60-й раз): PatrolAroundPoint → Устокол (оценка 2.157)
03:40:41    после применения: поведение PatrolAroundPoint; цель Устокол; движется True
03:41:18  час: оценок 15; позиция у Карбур ((CampaignVec2) X: 240.3618 Y: 599.6113 IsOnLand: True); текущее поведение PatrolAroundPoint
03:41:18      GoToSettlement → Устокол = 0.723
03:41:18      GoToSettlement → Замок Устокол = 1.359
03:41:18      GoToSettlement → Жемянь = 0.590
03:41:18      GoToSettlement → Ревиль = 1.288
03:41:18      GoToSettlement → Карбур = 0.214
03:41:18      GoToSettlement → Корсия = 1.241
03:41:18      GoToSettlement → Замок Флинтолг = 0.025
03:41:18      GoToSettlement → Флинтолг = 0.025
03:41:18    лучшее: PatrolAroundPoint → Устокол = 2.134
03:41:18    та же цель, приказ повторён (61-й раз): PatrolAroundPoint → Устокол (оценка 2.134)
03:41:18    после применения: поведение PatrolAroundPoint; цель Устокол; движется True
03:41:59  час: оценок 15; позиция у Карбур ((CampaignVec2) X: 239.831 Y: 599.5566 IsOnLand: True); текущее поведение PatrolAroundPoint
03:41:59      GoToSettlement → Устокол = 0.729
03:41:59      GoToSettlement → Замок Устокол = 1.359
03:41:59      GoToSettlement → Жемянь = 0.592
03:41:59      GoToSettlement → Ревиль = 1.300
03:41:59      GoToSettlement → Карбур = 0.216
03:41:59      GoToSettlement → Корсия = 1.241
03:41:59      GoToSettlement → Замок Флинтолг = 0.025
03:41:59      GoToSettlement → Флинтолг = 0.025
03:41:59    лучшее: PatrolAroundPoint → Устокол = 2.124
03:41:59    та же цель, приказ повторён (62-й раз): PatrolAroundPoint → Устокол (оценка 2.124)
03:41:59    после применения: поведение PatrolAroundPoint; цель Устокол; движется True
03:42:42  час: оценок 15; позиция у Карбур ((CampaignVec2) X: 244.5695 Y: 597.1422 IsOnLand: True); текущее поведение PatrolAroundPoint
03:42:42      GoToSettlement → Устокол = 0.736
03:42:42      GoToSettlement → Замок Устокол = 1.438
03:42:42      GoToSettlement → Жемянь = 0.619
03:42:42      GoToSettlement → Ревиль = 1.371
03:42:42      GoToSettlement → Карбур = 0.227
03:42:42      GoToSettlement → Корсия = 1.287
03:42:42      GoToSettlement → Замок Флинтолг = 0.025
03:42:42      GoToSettlement → Флинтолг = 0.025
03:42:42    лучшее: PatrolAroundPoint → Устокол = 2.088
03:42:42    та же цель, приказ повторён (63-й раз): PatrolAroundPoint → Устокол (оценка 2.088)
03:42:42    после применения: поведение PatrolAroundPoint; цель Устокол; движется True
03:43:25  час: оценок 15; позиция у Карбур ((CampaignVec2) X: 239.0807 Y: 597.3932 IsOnLand: True); текущее поведение PatrolAroundPoint
03:43:25      GoToSettlement → Устокол = 0.742
03:43:25      GoToSettlement → Замок Устокол = 1.368
03:43:25      GoToSettlement → Жемянь = 0.595
03:43:25      GoToSettlement → Ревиль = 1.330
03:43:25      GoToSettlement → Карбур = 0.221
03:43:25      GoToSettlement → Корсия = 1.252
03:43:25      GoToSettlement → Замок Флинтолг = 0.025
03:43:25      GoToSettlement → Флинтолг = 0.025
03:43:25    лучшее: PatrolAroundPoint → Устокол = 1.802
03:43:25    та же цель, приказ повторён (64-й раз): PatrolAroundPoint → Устокол (оценка 1.802)
03:43:25    после применения: поведение PatrolAroundPoint; цель Устокол; движется True
03:44:10  час: оценок 15; позиция у Карбур ((CampaignVec2) X: 236.792 Y: 596.3942 IsOnLand: True); текущее поведение PatrolAroundPoint
03:44:10      GoToSettlement → Устокол = 0.749
03:44:10      GoToSettlement → Замок Устокол = 1.346
03:44:10      GoToSettlement → Жемянь = 0.587
03:44:10      GoToSettlement → Ревиль = 1.382
03:44:10      GoToSettlement → Карбур = 0.221
03:44:10      GoToSettlement → Корсия = 1.243
03:44:10      GoToSettlement → Замок Флинтолг = 0.025
03:44:10      GoToSettlement → Флинтолг = 0.025
03:44:10    лучшее: PatrolAroundPoint → Устокол = 2.177
03:44:10    та же цель, приказ повторён (65-й раз): PatrolAroundPoint → Устокол (оценка 2.177)
03:44:10    после применения: поведение PatrolAroundPoint; цель Устокол; движется True
03:44:53  час: оценок 15; позиция у Карбур ((CampaignVec2) X: 236.2654 Y: 596.1802 IsOnLand: True); текущее поведение PatrolAroundPoint
03:44:53      GoToSettlement → Устокол = 0.755
03:44:53      GoToSettlement → Замок Устокол = 1.346
03:44:53      GoToSettlement → Жемянь = 0.589
03:44:53      GoToSettlement → Ревиль = 1.394
03:44:53      GoToSettlement → Карбур = 0.223
03:44:53      GoToSettlement → Корсия = 1.244
03:44:53      GoToSettlement → Замок Флинтолг = 0.025
03:44:53      GoToSettlement → Флинтолг = 0.025
03:44:53    лучшее: PatrolAroundPoint → Устокол = 2.164
03:44:53    та же цель, приказ повторён (66-й раз): PatrolAroundPoint → Устокол (оценка 2.164)
03:44:53    после применения: поведение PatrolAroundPoint; цель Устокол; движется True
03:45:35  час: оценок 15; позиция у Карбур ((CampaignVec2) X: 240.42 Y: 596.9412 IsOnLand: True); текущее поведение PatrolAroundPoint
03:45:35      GoToSettlement → Устокол = 0.761
03:45:35      GoToSettlement → Замок Устокол = 1.408
03:45:35      GoToSettlement → Жемянь = 0.615
03:45:35      GoToSettlement → Ревиль = 1.454
03:45:35      GoToSettlement → Карбур = 0.232
03:45:35      GoToSettlement → Корсия = 1.272
03:45:35      GoToSettlement → Замок Флинтолг = 0.025
03:45:35      GoToSettlement → Флинтолг = 0.025
03:45:35    лучшее: PatrolAroundPoint → Устокол = 2.141
03:45:35    та же цель, приказ повторён (67-й раз): PatrolAroundPoint → Устокол (оценка 2.141)
03:45:35    после применения: поведение PatrolAroundPoint; цель Устокол; движется True
03:46:17  час: оценок 15; позиция у Карбур ((CampaignVec2) X: 236.6474 Y: 595.5812 IsOnLand: True); текущее поведение PatrolAroundPoint
03:46:17      GoToSettlement → Устокол = 0.768
03:46:17      GoToSettlement → Замок Устокол = 1.366
03:46:17      GoToSettlement → Жемянь = 0.598
03:46:17      GoToSettlement → Ревиль = 1.432
03:46:17      GoToSettlement → Карбур = 0.229
03:46:17      GoToSettlement → Корсия = 1.255
03:46:17      GoToSettlement → Замок Флинтолг = 0.025
03:46:17      GoToSettlement → Флинтолг = 0.025
03:46:17    лучшее: PatrolAroundPoint → Устокол = 2.131
03:46:17    та же цель, приказ повторён (68-й раз): PatrolAroundPoint → Устокол (оценка 2.131)
03:46:17    после применения: поведение PatrolAroundPoint; цель Устокол; движется True
03:47:03  час: оценок 15; позиция у Карбур ((CampaignVec2) X: 245.8316 Y: 594.8734 IsOnLand: True); текущее поведение PatrolAroundPoint
03:47:03      GoToSettlement → Устокол = 0.774
03:47:03      GoToSettlement → Замок Устокол = 1.507
03:47:03      GoToSettlement → Жемянь = 0.650
03:47:03      GoToSettlement → Ревиль = 1.615
03:47:03      GoToSettlement → Карбур = 0.248
03:47:03      GoToSettlement → Корсия = 1.326
03:47:03      GoToSettlement → Замок Флинтолг = 0.177
03:47:03      GoToSettlement → Флинтолг = 0.025
03:47:03    лучшее: PatrolAroundPoint → Устокол = 2.112
03:47:03    та же цель, приказ повторён (69-й раз): PatrolAroundPoint → Устокол (оценка 2.112)
03:47:03    после применения: поведение PatrolAroundPoint; цель Устокол; движется True
03:47:47  час: оценок 15; позиция у Карбур ((CampaignVec2) X: 237.9247 Y: 600.0021 IsOnLand: True); текущее поведение PatrolAroundPoint
03:47:47      GoToSettlement → Устокол = 0.781
03:47:47      GoToSettlement → Замок Устокол = 1.389
03:47:47      GoToSettlement → Жемянь = 0.618
03:47:47      GoToSettlement → Ревиль = 1.523
03:47:47      GoToSettlement → Карбур = 0.236
03:47:47      GoToSettlement → Корсия = 1.253
03:47:47      GoToSettlement → Замок Флинтолг = 0.025
03:47:47      GoToSettlement → Флинтолг = 0.025
03:47:47    лучшее: PatrolAroundPoint → Устокол = 2.056
03:47:47    та же цель, приказ повторён (70-й раз): PatrolAroundPoint → Устокол (оценка 2.056)
03:47:47    после применения: поведение PatrolAroundPoint; цель Устокол; движется True
03:48:32  час: оценок 15; позиция у Карбур ((CampaignVec2) X: 243.1246 Y: 597.0521 IsOnLand: True); текущее поведение PatrolAroundPoint
03:48:32      GoToSettlement → Устокол = 0.787
03:48:32      GoToSettlement → Замок Устокол = 1.477
03:48:32      GoToSettlement → Жемянь = 0.648
03:48:32      GoToSettlement → Ревиль = 1.611
03:48:32      GoToSettlement → Карбур = 0.249
03:48:32      GoToSettlement → Корсия = 1.304
03:48:32      GoToSettlement → Замок Флинтолг = 0.025
03:48:32      GoToSettlement → Флинтолг = 0.025
03:48:32    лучшее: PatrolAroundPoint → Устокол = 2.033
03:48:32    та же цель, приказ повторён (71-й раз): PatrolAroundPoint → Устокол (оценка 2.033)
03:48:32    после применения: поведение PatrolAroundPoint; цель Устокол; движется True
03:49:16  час: оценок 15; позиция у Карбур ((CampaignVec2) X: 238.205 Y: 600.957 IsOnLand: True); текущее поведение PatrolAroundPoint
03:49:16      GoToSettlement → Устокол = 0.793
03:49:16      GoToSettlement → Замок Устокол = 1.405
03:49:16      GoToSettlement → Жемянь = 0.629
03:49:16      GoToSettlement → Ревиль = 1.558
03:49:16      GoToSettlement → Карбур = 0.242
03:49:16      GoToSettlement → Корсия = 1.257
03:49:16      GoToSettlement → Замок Флинтолг = 0.025
03:49:16      GoToSettlement → Флинтолг = 0.025
03:49:16    лучшее: PatrolAroundPoint → Устокол = 1.998
03:49:16    та же цель, приказ повторён (72-й раз): PatrolAroundPoint → Устокол (оценка 1.998)
03:49:16    после применения: поведение PatrolAroundPoint; цель Устокол; движется True
03:49:59  час: оценок 15; позиция у Карбур ((CampaignVec2) X: 234.3622 Y: 596.4244 IsOnLand: True); текущее поведение PatrolAroundPoint
03:49:59      GoToSettlement → Устокол = 0.800
03:49:59      GoToSettlement → Замок Устокол = 1.370
03:49:59      GoToSettlement → Жемянь = 0.610
03:49:59      GoToSettlement → Ревиль = 1.592
03:49:59      GoToSettlement → Карбур = 0.240
03:49:59      GoToSettlement → Корсия = 1.252
03:49:59      GoToSettlement → Замок Флинтолг = 0.025
03:49:59      GoToSettlement → Флинтолг = 0.025
03:49:59    лучшее: PatrolAroundPoint → Устокол = 1.985
03:49:59    та же цель, приказ повторён (73-й раз): PatrolAroundPoint → Устокол (оценка 1.985)
03:49:59    после применения: поведение PatrolAroundPoint; цель Устокол; движется True
03:50:41  час: оценок 15; позиция у Карбур ((CampaignVec2) X: 247.0149 Y: 594.7549 IsOnLand: True); текущее поведение PatrolAroundPoint
03:50:41      GoToSettlement → Устокол = 0.806
03:50:41      GoToSettlement → Замок Устокол = 1.564
03:50:41      GoToSettlement → Жемянь = 0.680
03:50:41      GoToSettlement → Ревиль = 1.779
03:50:41      GoToSettlement → Карбур = 0.266
03:50:41      GoToSettlement → Корсия = 1.353
03:50:41      GoToSettlement → Замок Флинтолг = 0.178
03:50:41      GoToSettlement → Флинтолг = 0.025
03:50:41    лучшее: PatrolAroundPoint → Устокол = 2.118
03:50:41    та же цель, приказ повторён (74-й раз): PatrolAroundPoint → Устокол (оценка 2.118)
03:50:41    после применения: поведение PatrolAroundPoint; цель Устокол; движется True
03:51:23  час: оценок 15; позиция у Карбур ((CampaignVec2) X: 234.0848 Y: 595.9359 IsOnLand: True); текущее поведение PatrolAroundPoint
03:51:23      GoToSettlement → Устокол = 0.813
03:51:23      GoToSettlement → Замок Устокол = 1.380
03:51:23      GoToSettlement → Жемянь = 0.617
03:51:23      GoToSettlement → Ревиль = 1.625
03:51:23      GoToSettlement → Карбур = 0.245
03:51:23      GoToSettlement → Корсия = 1.258
03:51:23      GoToSettlement → Замок Флинтолг = 0.025
03:51:23      GoToSettlement → Флинтолг = 0.025
03:51:23    лучшее: PatrolAroundPoint → Устокол = 2.146
03:51:23    та же цель, приказ повторён (75-й раз): PatrolAroundPoint → Устокол (оценка 2.146)
03:51:23    после применения: поведение PatrolAroundPoint; цель Устокол; движется True
03:52:06  час: оценок 15; позиция у Карбур ((CampaignVec2) X: 241.1121 Y: 594.3388 IsOnLand: True); текущее поведение PatrolAroundPoint
03:52:06      GoToSettlement → Устокол = 0.819
03:52:06      GoToSettlement → Замок Устокол = 1.486
03:52:06      GoToSettlement → Жемянь = 0.655
03:52:06      GoToSettlement → Ревиль = 1.736
03:52:06      GoToSettlement → Карбур = 0.261
03:52:06      GoToSettlement → Корсия = 1.317
03:52:06      GoToSettlement → Замок Флинтолг = 0.025
03:52:06      GoToSettlement → Флинтолг = 0.025
03:52:06    лучшее: PatrolAroundPoint → Устокол = 2.126
03:52:06    та же цель, приказ повторён (76-й раз): PatrolAroundPoint → Устокол (оценка 2.126)
03:52:06    после применения: поведение PatrolAroundPoint; цель Устокол; движется True
03:52:52  час: оценок 15; позиция у Карбур ((CampaignVec2) X: 238.2205 Y: 599.1532 IsOnLand: True); текущее поведение PatrolAroundPoint
03:52:52      GoToSettlement → Устокол = 0.825
03:52:52      GoToSettlement → Замок Устокол = 1.445
03:52:52      GoToSettlement → Жемянь = 0.651
03:52:52      GoToSettlement → Ревиль = 1.748
03:52:52      GoToSettlement → Карбур = 0.257
03:52:52      GoToSettlement → Корсия = 1.280
03:52:52      GoToSettlement → Замок Флинтолг = 0.025
03:52:52      GoToSettlement → Флинтолг = 0.025
03:52:52    лучшее: PatrolAroundPoint → Устокол = 2.117
03:52:52    та же цель, приказ повторён (77-й раз): PatrolAroundPoint → Устокол (оценка 2.117)
03:52:52    после применения: поведение PatrolAroundPoint; цель Устокол; движется True
03:53:38  час: оценок 15; позиция у Карбур ((CampaignVec2) X: 244.0074 Y: 594.7988 IsOnLand: True); текущее поведение PatrolAroundPoint
03:53:38      GoToSettlement → Устокол = 0.832
03:53:38      GoToSettlement → Замок Устокол = 1.546
03:53:38      GoToSettlement → Жемянь = 0.681
03:53:38      GoToSettlement → Ревиль = 1.861
03:53:38      GoToSettlement → Карбур = 0.272
03:53:38      GoToSettlement → Корсия = 1.343
03:53:38      GoToSettlement → Замок Флинтолг = 0.025
03:53:38      GoToSettlement → Флинтолг = 0.025
03:53:38    лучшее: PatrolAroundPoint → Устокол = 2.069
03:53:38    та же цель, приказ повторён (78-й раз): PatrolAroundPoint → Устокол (оценка 2.069)
03:53:38    после применения: поведение PatrolAroundPoint; цель Устокол; движется True
03:54:23  час: оценок 15; позиция у Карбур ((CampaignVec2) X: 241.6878 Y: 596.1313 IsOnLand: True); текущее поведение PatrolAroundPoint
03:54:23      GoToSettlement → Устокол = 0.838
03:54:23      GoToSettlement → Замок Устокол = 1.515
03:54:23      GoToSettlement → Жемянь = 0.676
03:54:23      GoToSettlement → Ревиль = 1.842
03:54:23      GoToSettlement → Карбур = 0.270
03:54:23      GoToSettlement → Корсия = 1.324
03:54:23      GoToSettlement → Замок Флинтолг = 0.025
03:54:23      GoToSettlement → Флинтолг = 0.025
03:54:23    лучшее: PatrolAroundPoint → Устокол = 2.045
03:54:23    та же цель, приказ повторён (79-й раз): PatrolAroundPoint → Устокол (оценка 2.045)
03:54:23    после применения: поведение PatrolAroundPoint; цель Устокол; движется True
03:55:07  час: оценок 15; позиция у Карбур ((CampaignVec2) X: 238.3428 Y: 595.4016 IsOnLand: True); текущее поведение PatrolAroundPoint
03:55:07      GoToSettlement → Устокол = 0.845
03:55:07      GoToSettlement → Замок Устокол = 1.474
03:55:07      GoToSettlement → Жемянь = 0.660
03:55:07      GoToSettlement → Ревиль = 1.816
03:55:07      GoToSettlement → Карбур = 0.267
03:55:07      GoToSettlement → Корсия = 1.306
03:55:07      GoToSettlement → Замок Флинтолг = 0.025
03:55:07      GoToSettlement → Флинтолг = 0.025
03:55:07    лучшее: PatrolAroundPoint → Устокол = 2.007
03:55:07    та же цель, приказ повторён (80-й раз): PatrolAroundPoint → Устокол (оценка 2.007)
03:55:07    после применения: поведение PatrolAroundPoint; цель Устокол; движется True
03:55:54  час: оценок 15; позиция у Карбур ((CampaignVec2) X: 242.3586 Y: 595.0574 IsOnLand: True); текущее поведение PatrolAroundPoint
03:55:54      GoToSettlement → Устокол = 0.851
03:55:54      GoToSettlement → Замок Устокол = 1.542
03:55:54      GoToSettlement → Жемянь = 0.687
03:55:54      GoToSettlement → Ревиль = 1.936
03:55:54      GoToSettlement → Карбур = 0.278
03:55:54      GoToSettlement → Корсия = 1.340
03:55:54      GoToSettlement → Замок Флинтолг = 0.025
03:55:54      GoToSettlement → Флинтолг = 0.025
03:55:54    лучшее: PatrolAroundPoint → Устокол = 1.992
03:55:54    та же цель, приказ повторён (81-й раз): PatrolAroundPoint → Устокол (оценка 1.992)
03:55:54    после применения: поведение PatrolAroundPoint; цель Устокол; движется True
03:56:36  час: оценок 15; позиция у Карбур ((CampaignVec2) X: 240.2243 Y: 596.098 IsOnLand: True); текущее поведение PatrolAroundPoint
03:56:36      GoToSettlement → Устокол = 0.857
03:56:36      GoToSettlement → Замок Устокол = 1.515
03:56:36      GoToSettlement → Жемянь = 0.681
03:56:36      GoToSettlement → Ревиль = 1.920
03:56:36      GoToSettlement → Карбур = 0.276
03:56:36      GoToSettlement → Корсия = 1.323
03:56:36      GoToSettlement → Замок Флинтолг = 0.025
03:56:36      GoToSettlement → Флинтолг = 0.025
03:56:36    лучшее: PatrolAroundPoint → Устокол = 1.968
03:56:36    та же цель, приказ повторён (82-й раз): PatrolAroundPoint → Устокол (оценка 1.968)
03:56:36    после применения: поведение PatrolAroundPoint; цель Устокол; движется True
03:57:20  час: оценок 15; позиция у Карбур ((CampaignVec2) X: 238.4994 Y: 595.4379 IsOnLand: True); текущее поведение PatrolAroundPoint
03:57:20      GoToSettlement → Устокол = 0.864
03:57:20      GoToSettlement → Замок Устокол = 1.497
03:57:20      GoToSettlement → Жемянь = 0.674
03:57:20      GoToSettlement → Ревиль = 1.916
03:57:20      GoToSettlement → Карбур = 0.276
03:57:20      GoToSettlement → Корсия = 1.317
03:57:20      GoToSettlement → Замок Флинтолг = 0.025
03:57:20      GoToSettlement → Флинтолг = 0.025
03:57:20    лучшее: PatrolAroundPoint → Устокол = 1.951
03:57:20    та же цель, приказ повторён (83-й раз): PatrolAroundPoint → Устокол (оценка 1.951)
03:57:20    после применения: поведение PatrolAroundPoint; цель Устокол; движется True
03:58:02  час: оценок 15; позиция у Карбур ((CampaignVec2) X: 238.0529 Y: 596.2888 IsOnLand: True); текущее поведение PatrolAroundPoint
03:58:02      GoToSettlement → Устокол = 0.870
03:58:02      GoToSettlement → Замок Устокол = 1.497
03:58:02      GoToSettlement → Жемянь = 0.678
03:58:02      GoToSettlement → Ревиль = 1.926
03:58:02      GoToSettlement → Карбур = 0.278
03:58:02      GoToSettlement → Корсия = 1.313
03:58:02      GoToSettlement → Замок Флинтолг = 0.025
03:58:02      GoToSettlement → Флинтолг = 0.025
03:58:02    лучшее: PatrolAroundPoint → Устокол = 2.113
03:58:02    та же цель, приказ повторён (84-й раз): PatrolAroundPoint → Устокол (оценка 2.113)
03:58:02    после применения: поведение PatrolAroundPoint; цель Устокол; движется True
03:58:46  час: оценок 15; позиция у Карбур ((CampaignVec2) X: 237.9123 Y: 600.3281 IsOnLand: True); текущее поведение PatrolAroundPoint
03:58:46      GoToSettlement → Устокол = 0.877
03:58:46      GoToSettlement → Замок Устокол = 1.494
03:58:46      GoToSettlement → Жемянь = 0.686
03:58:46      GoToSettlement → Ревиль = 1.965
03:58:46      GoToSettlement → Карбур = 0.279
03:58:46      GoToSettlement → Корсия = 1.299
03:58:46      GoToSettlement → Замок Флинтолг = 0.025
03:58:46      GoToSettlement → Флинтолг = 0.025
03:58:46    лучшее: PatrolAroundPoint → Устокол = 2.164
03:58:46    та же цель, приказ повторён (85-й раз): PatrolAroundPoint → Устокол (оценка 2.164)
03:58:46    после применения: поведение PatrolAroundPoint; цель Устокол; движется True
03:59:30  час: оценок 15; позиция у Карбур ((CampaignVec2) X: 239.6308 Y: 600.2411 IsOnLand: True); текущее поведение PatrolAroundPoint
03:59:30      GoToSettlement → Устокол = 0.883
03:59:30      GoToSettlement → Замок Устокол = 1.526
03:59:30      GoToSettlement → Жемянь = 0.700
03:59:30      GoToSettlement → Ревиль = 2.010
03:59:30      GoToSettlement → Карбур = 0.285
03:59:30      GoToSettlement → Корсия = 1.314
03:59:30      GoToSettlement → Замок Флинтолг = 0.025
03:59:30      GoToSettlement → Флинтолг = 0.025
03:59:30    лучшее: PatrolAroundPoint → Устокол = 2.152
03:59:30    та же цель, приказ повторён (86-й раз): PatrolAroundPoint → Устокол (оценка 2.152)
03:59:30    после применения: поведение PatrolAroundPoint; цель Устокол; движется True
04:00:08  час: оценок 15; позиция у Карбур ((CampaignVec2) X: 237.711 Y: 595.6201 IsOnLand: True); текущее поведение PatrolAroundPoint
04:00:08      GoToSettlement → Устокол = 0.889
04:00:08      GoToSettlement → Замок Устокол = 1.514
04:00:08      GoToSettlement → Жемянь = 0.688
04:00:08      GoToSettlement → Ревиль = 2.017
04:00:08      GoToSettlement → Карбур = 0.286
04:00:08      GoToSettlement → Корсия = 1.323
04:00:08      GoToSettlement → Замок Флинтолг = 0.025
04:00:08      GoToSettlement → Флинтолг = 0.025
04:00:08    лучшее: PatrolAroundPoint → Устокол = 2.131
04:00:08    та же цель, приказ повторён (87-й раз): PatrolAroundPoint → Устокол (оценка 2.131)
04:00:08    после применения: поведение PatrolAroundPoint; цель Устокол; движется True
04:00:46  час: оценок 15; позиция у Карбур ((CampaignVec2) X: 241.3766 Y: 595.2959 IsOnLand: True); текущее поведение PatrolAroundPoint
04:00:46      GoToSettlement → Устокол = 0.896
04:00:46      GoToSettlement → Замок Устокол = 1.577
04:00:46      GoToSettlement → Жемянь = 0.713
04:00:46      GoToSettlement → Ревиль = 2.095
04:00:46      GoToSettlement → Карбур = 0.297
04:00:46      GoToSettlement → Корсия = 1.355
04:00:46      GoToSettlement → Замок Флинтолг = 0.025
04:00:46      GoToSettlement → Флинтолг = 0.025
04:00:46    лучшее: PatrolAroundPoint → Устокол = 2.122
04:00:46    та же цель, приказ повторён (88-й раз): PatrolAroundPoint → Устокол (оценка 2.122)
04:00:46    после применения: поведение PatrolAroundPoint; цель Устокол; движется True
04:01:27  час: оценок 15; позиция у Карбур ((CampaignVec2) X: 242.7201 Y: 596.918 IsOnLand: True); текущее поведение PatrolAroundPoint
04:01:27      GoToSettlement → Устокол = 0.902
04:01:27      GoToSettlement → Замок Устокол = 1.604
04:01:27      GoToSettlement → Жемянь = 0.729
04:01:27      GoToSettlement → Ревиль = 2.164
04:01:27      GoToSettlement → Карбур = 0.302
04:01:27      GoToSettlement → Корсия = 1.361
04:01:27      GoToSettlement → Замок Флинтолг = 0.025
04:01:27      GoToSettlement → Флинтолг = 0.025
04:01:27    лучшее: GoToSettlement → Ревиль = 2.164
04:01:27    НОВАЯ ЦЕЛЬ #9: GoToSettlement → Ревиль (оценка 2.164)
04:01:27    после применения: поведение GoToSettlement; цель Ревиль; движется True
04:02:07  час: оценок 15; позиция у Карбур ((CampaignVec2) X: 257.2807 Y: 591.3347 IsOnLand: True); текущее поведение GoToSettlement
04:02:07      GoToSettlement → Жемянь = 1.011
04:02:07      GoToSettlement → Замок Устокол = 1.937
04:02:07      GoToSettlement → Устокол = 0.868
04:02:07      GoToSettlement → Ревиль = 3.009
04:02:07      GoToSettlement → Карбур = 0.344
04:02:07      GoToSettlement → Корсия = 1.597
04:02:07      GoToSettlement → Замок Флинтолг = 0.193
04:02:07      GoToSettlement → Флинтолг = 0.128
04:02:07    лучшее: GoToSettlement → Ревиль = 3.009
04:02:07    та же цель, приказ повторён (89-й раз): GoToSettlement → Ревиль (оценка 3.009)
04:02:07    после применения: поведение GoToSettlement; цель Ревиль; движется True
04:02:53  час: оценок 15; позиция у Карбур ((CampaignVec2) X: 271.3377 Y: 590.5279 IsOnLand: True); текущее поведение GoToSettlement
04:02:53      GoToSettlement → Замок Устокол = 1.963
04:02:53      GoToSettlement → Жемянь = 1.018
04:02:53      GoToSettlement → Ревиль = 3.481
04:02:53      GoToSettlement → Устокол = 0.750
04:02:53      GoToSettlement → Карбур = 0.392
04:02:53      GoToSettlement → Корсия = 1.739
04:02:53      GoToSettlement → Замок Флинтолг = 0.202
04:02:53      GoToSettlement → Флинтолг = 0.133
04:02:53    лучшее: GoToSettlement → Ревиль = 3.481
04:02:53    та же цель, приказ повторён (90-й раз): GoToSettlement → Ревиль (оценка 3.481)
04:02:53    после применения: поведение GoToSettlement; цель Ревиль; движется True
04:03:34  час: оценок 15; позиция у Карбур ((CampaignVec2) X: 285.6561 Y: 589.3436 IsOnLand: True); текущее поведение GoToSettlement
04:03:34      GoToSettlement → Замок Устокол = 1.972
04:03:34      GoToSettlement → Ревиль = 4.119
04:03:34      GoToSettlement → Жемянь = 0.917
04:03:34      GoToSettlement → Карбур = 0.456
04:03:34      GoToSettlement → Устокол = 0.659
04:03:34      GoToSettlement → Корсия = 1.842
04:03:34      GoToSettlement → Замок Флинтолг = 0.212
04:03:34      GoToSettlement → Флинтолг = 0.138
04:03:34    лучшее: GoToSettlement → Ревиль = 4.119
04:03:34    та же цель, приказ повторён (91-й раз): GoToSettlement → Ревиль (оценка 4.119)
04:03:34    после применения: поведение GoToSettlement; цель Ревиль; движется True
04:04:20  час: оценок 15; позиция у Карбур ((CampaignVec2) X: 299.2645 Y: 585.3149 IsOnLand: True); текущее поведение GoToSettlement
04:04:20      GoToSettlement → Ревиль = 4.238
04:04:20      GoToSettlement → Карбур = 0.538
04:04:20      GoToSettlement → Замок Устокол = 1.741
04:04:20      GoToSettlement → Корсия = 2.244
04:04:20      GoToSettlement → Жемянь = 0.797
04:04:20      GoToSettlement → Устокол = 0.591
04:04:20      GoToSettlement → Замок Флинтолг = 0.228
04:04:20      GoToSettlement → Флинтолг = 0.148
04:04:20    лучшее: GoToSettlement → Ревиль = 4.238
04:04:20    та же цель, приказ повторён (92-й раз): GoToSettlement → Ревиль (оценка 4.238)
04:04:20    после применения: поведение GoToSettlement; цель Ревиль; движется True
04:04:29  ПРИБЫЛИ в «Ревиль» (прибытие #4)
04:04:29    ОБСЛУЖИВАНИЕ «Ревиль» (прибытие): денег 1726348, резерв 15379 (не меньше 2000 и 7 дн. жалования по 2197)
04:04:29      еда: хватает (на складе 566, расход 12.3 в день, цель 30 дн.)
04:04:29      найм: партия полна (274 из 274)
04:04:29    ЖДЁМ в «Ревиль»: пункт «Подождать», время UnstoppableFastForward; уйдём, когда пересчёт штатного AI выберет другую цель
04:04:38  час: оценок 15; позиция у Ревиль ((CampaignVec2) X: 300.3447 Y: 583.3357 IsOnLand: True); текущее поведение Hold
04:04:38      GoToSettlement → Ревиль = 2.671
04:04:38      GoToSettlement → Карбур = 0.452
04:04:38      GoToSettlement → Замок Устокол = 1.145
04:04:38      GoToSettlement → Корсия = 1.514
04:04:38      GoToSettlement → Жемянь = 0.525
04:04:38      GoToSettlement → Устокол = 0.393
04:04:38      GoToSettlement → Замок Флинтолг = 0.154
04:04:38      GoToSettlement → Флинтолг = 0.100
04:04:38    лучшее: GoToSettlement → Ревиль = 2.671
04:04:38    остаёмся в «Ревиль»: лучшая цель — само это поселение, как у NPC
04:04:41    ОБСЛУЖИВАНИЕ «Ревиль» (ожидание): денег 1726283, резерв 15379 (не меньше 2000 и 7 дн. жалования по 2197)
04:04:41      еда: хватает (на складе 566, расход 12.3 в день, цель 30 дн.)
04:04:41      найм: партия полна (274 из 274)
04:04:50  час: оценок 15; позиция у Ревиль ((CampaignVec2) X: 300.3447 Y: 583.3357 IsOnLand: True); текущее поведение Hold
04:04:50      GoToSettlement → Ревиль = 1.939
04:04:50      GoToSettlement → Карбур = 0.457
04:04:50      GoToSettlement → Замок Устокол = 1.150
04:04:50      GoToSettlement → Корсия = 1.517
04:04:50      GoToSettlement → Жемянь = 0.528
04:04:50      GoToSettlement → Устокол = 0.395
04:04:50      GoToSettlement → Замок Флинтолг = 0.154
04:04:50      GoToSettlement → Флинтолг = 0.100
04:04:50    лучшее: GoToSettlement → Ревиль = 1.939
04:04:50    остаёмся в «Ревиль»: лучшая цель — само это поселение, как у NPC
04:04:54    ОБСЛУЖИВАНИЕ «Ревиль» (ожидание): денег 1726218, резерв 15379 (не меньше 2000 и 7 дн. жалования по 2197)
04:04:54      еда: хватает (на складе 566, расход 12.3 в день, цель 30 дн.)
04:04:54      найм: партия полна (274 из 274)
04:05:02  час: оценок 15; позиция у Ревиль ((CampaignVec2) X: 300.3447 Y: 583.3357 IsOnLand: True); текущее поведение Hold
04:05:02      GoToSettlement → Ревиль = 1.418
04:05:02      GoToSettlement → Карбур = 0.461
04:05:02      GoToSettlement → Замок Устокол = 1.155
04:05:02      GoToSettlement → Корсия = 1.521
04:05:02      GoToSettlement → Жемянь = 0.531
04:05:02      GoToSettlement → Устокол = 0.398
04:05:02      GoToSettlement → Замок Флинтолг = 0.154
04:05:02      GoToSettlement → Флинтолг = 0.100
04:05:02    лучшее: PatrolAroundPoint → Устокол = 1.916
04:05:02    решено уйти из «Ревиль»: PatrolAroundPoint → Устокол
04:05:02    ожидание в «Ревиль» закончено пунктом «Перестать ждать»
04:05:02    выход изнутри: к воротам → LeaveSettlement → Finish → Hold
04:05:02    ВЫШЛИ из «Ревиль» (подтверждённый выход #5)
04:05:03    время возобновлено (скорость 1): закрытие встречи ставит паузу
04:05:03    НОВАЯ ЦЕЛЬ #10: PatrolAroundPoint → Устокол (оценка 1.916)
04:05:03    после применения: поведение PatrolAroundPoint; цель Устокол; движется False
04:05:45  час: оценок 15; позиция у Ревиль ((CampaignVec2) X: 287.8009 Y: 588.8775 IsOnLand: True); текущее поведение PatrolAroundPoint
04:05:45      GoToSettlement → Замок Устокол = 2.017
04:05:45      GoToSettlement → Ревиль = 0.891
04:05:45      GoToSettlement → Карбур = 0.612
04:05:45      GoToSettlement → Жемянь = 0.924
04:05:45      GoToSettlement → Устокол = 0.669
04:05:45      GoToSettlement → Корсия = 1.873
04:05:45      GoToSettlement → Замок Флинтолг = 0.213
04:05:45      GoToSettlement → Флинтолг = 0.139
04:05:45    лучшее: PatrolAroundPoint → Устокол = 2.245
04:05:45    та же цель, приказ повторён (93-й раз): PatrolAroundPoint → Устокол (оценка 2.245)
04:05:45    после применения: поведение PatrolAroundPoint; цель Устокол; движется True
04:06:29  час: оценок 15; позиция у Ревиль ((CampaignVec2) X: 275.0081 Y: 590.7012 IsOnLand: True); текущее поведение PatrolAroundPoint
04:06:29      GoToSettlement → Замок Устокол = 2.026
04:06:29      GoToSettlement → Жемянь = 1.055
04:06:29      GoToSettlement → Ревиль = 0.805
04:06:29      GoToSettlement → Устокол = 0.759
04:06:29      GoToSettlement → Карбур = 0.541
04:06:29      GoToSettlement → Корсия = 1.796
04:06:29      GoToSettlement → Замок Флинтолг = 0.204
04:06:29      GoToSettlement → Флинтолг = 0.134
04:06:29    лучшее: PatrolAroundPoint → Устокол = 2.258
04:06:29    та же цель, приказ повторён (94-й раз): PatrolAroundPoint → Устокол (оценка 2.258)
04:06:29    после применения: поведение PatrolAroundPoint; цель Устокол; движется True
04:07:14  час: оценок 15; позиция у Ревиль ((CampaignVec2) X: 260.889 Y: 590.7969 IsOnLand: True); текущее поведение PatrolAroundPoint
04:07:14      GoToSettlement → Замок Устокол = 2.035
04:07:14      GoToSettlement → Жемянь = 1.069
04:07:14      GoToSettlement → Устокол = 0.885
04:07:14      GoToSettlement → Ревиль = 0.710
04:07:14      GoToSettlement → Карбур = 0.482
04:07:14      GoToSettlement → Корсия = 1.671
04:07:14      GoToSettlement → Замок Флинтолг = 0.196
04:07:14      GoToSettlement → Флинтолг = 0.129
04:07:14    лучшее: PatrolAroundPoint → Устокол = 2.261
04:07:14    та же цель, приказ повторён (95-й раз): PatrolAroundPoint → Устокол (оценка 2.261)
04:07:14    после применения: поведение PatrolAroundPoint; цель Устокол; движется True
04:07:52  час: оценок 15; позиция у Ревиль ((CampaignVec2) X: 247.2752 Y: 596.1408 IsOnLand: True); текущее поведение PatrolAroundPoint
04:07:52      GoToSettlement → Устокол = 0.973
04:07:52      GoToSettlement → Замок Устокол = 1.768
04:07:52      GoToSettlement → Жемянь = 0.810
04:07:52      GoToSettlement → Ревиль = 0.630
04:07:52      GoToSettlement → Карбур = 0.433
04:07:52      GoToSettlement → Корсия = 1.436
04:07:52      GoToSettlement → Замок Флинтолг = 0.177
04:07:52      GoToSettlement → Флинтолг = 0.025
04:07:52    лучшее: PatrolAroundPoint → Устокол = 2.255
04:07:52    та же цель, приказ повторён (96-й раз): PatrolAroundPoint → Устокол (оценка 2.255)
04:07:52    после применения: поведение PatrolAroundPoint; цель Устокол; движется True
04:08:36  час: оценок 15; позиция у Ревиль ((CampaignVec2) X: 238.9841 Y: 599.4374 IsOnLand: True); текущее поведение PatrolAroundPoint
04:08:36      GoToSettlement → Устокол = 0.979
04:08:36      GoToSettlement → Замок Устокол = 1.625
04:08:36      GoToSettlement → Жемянь = 0.764
04:08:36      GoToSettlement → Ревиль = 0.643
04:08:36      GoToSettlement → Карбур = 0.410
04:08:36      GoToSettlement → Корсия = 1.361
04:08:36      GoToSettlement → Замок Флинтолг = 0.025
04:08:36      GoToSettlement → Флинтолг = 0.025
04:08:36    лучшее: PatrolAroundPoint → Устокол = 2.247
04:08:36    та же цель, приказ повторён (97-й раз): PatrolAroundPoint → Устокол (оценка 2.247)
04:08:36    после применения: поведение PatrolAroundPoint; цель Устокол; движется True
04:09:19  час: оценок 15; позиция у Ревиль ((CampaignVec2) X: 240.3127 Y: 594.363 IsOnLand: True); текущее поведение PatrolAroundPoint
04:09:19      GoToSettlement → Устокол = 0.985
04:09:19      GoToSettlement → Замок Устокол = 1.662
04:09:19      GoToSettlement → Жемянь = 0.768
04:09:19      GoToSettlement → Ревиль = 0.665
04:09:19      GoToSettlement → Карбур = 0.420
04:09:19      GoToSettlement → Корсия = 1.396
04:09:19      GoToSettlement → Замок Флинтолг = 0.025
04:09:19      GoToSettlement → Флинтолг = 0.025
04:09:19    лучшее: PatrolAroundPoint → Устокол = 2.227
04:09:19    та же цель, приказ повторён (98-й раз): PatrolAroundPoint → Устокол (оценка 2.227)
04:09:19    после применения: поведение PatrolAroundPoint; цель Устокол; движется True
04:09:58  час: оценок 15; позиция у Ревиль ((CampaignVec2) X: 238.5759 Y: 595.2873 IsOnLand: True); текущее поведение PatrolAroundPoint
04:09:58      GoToSettlement → Устокол = 0.992
04:09:58      GoToSettlement → Замок Устокол = 1.640
04:09:58      GoToSettlement → Жемянь = 0.764
04:09:58      GoToSettlement → Ревиль = 0.665
04:09:58      GoToSettlement → Карбур = 0.418
04:09:58      GoToSettlement → Корсия = 1.383
04:09:58      GoToSettlement → Замок Флинтолг = 0.025
04:09:58      GoToSettlement → Флинтолг = 0.025
04:09:58    лучшее: PatrolAroundPoint → Устокол = 2.191
04:09:58    та же цель, приказ повторён (99-й раз): PatrolAroundPoint → Устокол (оценка 2.191)
04:09:58    после применения: поведение PatrolAroundPoint; цель Устокол; движется True
04:10:34  час: оценок 15; позиция у Ревиль ((CampaignVec2) X: 240.1278 Y: 594.7476 IsOnLand: True); текущее поведение PatrolAroundPoint
04:10:34      GoToSettlement → Устокол = 0.998
04:10:34      GoToSettlement → Замок Устокол = 1.673
04:10:34      GoToSettlement → Жемянь = 0.777
04:10:34      GoToSettlement → Ревиль = 0.683
04:10:34      GoToSettlement → Карбур = 0.426
04:10:34      GoToSettlement → Корсия = 1.400
04:10:34      GoToSettlement → Замок Флинтолг = 0.025
04:10:34      GoToSettlement → Флинтолг = 0.025
04:10:34    лучшее: PatrolAroundPoint → Устокол = 2.160
04:10:34    та же цель, приказ повторён (100-й раз): PatrolAroundPoint → Устокол (оценка 2.160)
04:10:34    после применения: поведение PatrolAroundPoint; цель Устокол; движется True
04:11:19  час: оценок 15; позиция у Ревиль ((CampaignVec2) X: 243.7907 Y: 594.491 IsOnLand: True); текущее поведение PatrolAroundPoint
04:11:19      GoToSettlement → Устокол = 1.005
04:11:19      GoToSettlement → Замок Устокол = 1.744
04:11:19      GoToSettlement → Жемянь = 0.805
04:11:19      GoToSettlement → Ревиль = 0.766
04:11:19      GoToSettlement → Карбур = 0.442
04:11:19      GoToSettlement → Корсия = 1.433
04:11:19      GoToSettlement → Замок Флинтолг = 0.176
04:11:19      GoToSettlement → Флинтолг = 0.025
04:11:19    лучшее: PatrolAroundPoint → Устокол = 2.146
04:11:19    та же цель, приказ повторён (101-й раз): PatrolAroundPoint → Устокол (оценка 2.146)
04:11:19    после применения: поведение PatrolAroundPoint; цель Устокол; движется True
04:12:02  час: оценок 15; позиция у Ревиль ((CampaignVec2) X: 236.9009 Y: 595.188 IsOnLand: True); текущее поведение PatrolAroundPoint
04:12:02      GoToSettlement → Устокол = 1.011
04:12:02      GoToSettlement → Замок Устокол = 1.635
04:12:02      GoToSettlement → Жемянь = 0.767
04:12:02      GoToSettlement → Ревиль = 0.736
04:12:02      GoToSettlement → Карбур = 0.424
04:12:02      GoToSettlement → Корсия = 1.380
04:12:02      GoToSettlement → Замок Флинтолг = 0.025
04:12:02      GoToSettlement → Флинтолг = 0.025
04:12:02    лучшее: PatrolAroundPoint → Устокол = 2.122
04:12:02    та же цель, приказ повторён (102-й раз): PatrolAroundPoint → Устокол (оценка 2.122)
04:12:02    после применения: поведение PatrolAroundPoint; цель Устокол; движется True
04:12:42  час: оценок 15; позиция у Ревиль ((CampaignVec2) X: 239.4179 Y: 595.8607 IsOnLand: True); текущее поведение PatrolAroundPoint
04:12:42      GoToSettlement → Устокол = 1.017
04:12:42      GoToSettlement → Замок Устокол = 1.682
04:12:42      GoToSettlement → Жемянь = 0.788
04:12:42      GoToSettlement → Ревиль = 0.759
04:12:42      GoToSettlement → Карбур = 0.435
04:12:42      GoToSettlement → Корсия = 1.399
04:12:42      GoToSettlement → Замок Флинтолг = 0.025
04:12:42      GoToSettlement → Флинтолг = 0.025
04:12:42    лучшее: PatrolAroundPoint → Устокол = 2.064
04:12:42    та же цель, приказ повторён (103-й раз): PatrolAroundPoint → Устокол (оценка 2.064)
04:12:42    после применения: поведение PatrolAroundPoint; цель Устокол; движется True
04:13:31  час: оценок 15; позиция у Ревиль ((CampaignVec2) X: 238.0749 Y: 595.905 IsOnLand: True); текущее поведение PatrolAroundPoint
04:13:31      GoToSettlement → Устокол = 1.024
04:13:31      GoToSettlement → Замок Устокол = 1.667
04:13:31      GoToSettlement → Жемянь = 0.784
04:13:31      GoToSettlement → Ревиль = 0.762
04:13:31      GoToSettlement → Карбур = 0.434
04:13:31      GoToSettlement → Корсия = 1.392
04:13:31      GoToSettlement → Замок Флинтолг = 0.025
04:13:31      GoToSettlement → Флинтолг = 0.025
04:13:31    лучшее: PatrolAroundPoint → Устокол = 2.030
04:13:31    та же цель, приказ повторён (104-й раз): PatrolAroundPoint → Устокол (оценка 2.030)
04:13:31    после применения: поведение PatrolAroundPoint; цель Устокол; движется True
04:14:23  час: оценок 15; позиция у Ревиль ((CampaignVec2) X: 234.8435 Y: 595.8951 IsOnLand: True); текущее поведение PatrolAroundPoint
04:14:23      GoToSettlement → Устокол = 1.030
04:14:23      GoToSettlement → Замок Устокол = 1.623
04:14:23      GoToSettlement → Жемянь = 0.768
04:14:23      GoToSettlement → Ревиль = 0.806
04:14:23      GoToSettlement → Карбур = 0.428
04:14:23      GoToSettlement → Корсия = 1.371
04:14:23      GoToSettlement → Замок Флинтолг = 0.025
04:14:23      GoToSettlement → Флинтолг = 0.025
04:14:23    лучшее: PatrolAroundPoint → Жемянь = 1.974
04:14:23    НОВАЯ ЦЕЛЬ #11: PatrolAroundPoint → Жемянь (оценка 1.974)
04:14:23    после применения: поведение PatrolAroundPoint; цель Жемянь; движется True
04:15:14  час: оценок 15; позиция у Ревиль ((CampaignVec2) X: 250.1866 Y: 593.0913 IsOnLand: True); текущее поведение PatrolAroundPoint
04:15:14      GoToSettlement → Устокол = 1.037
04:15:14      GoToSettlement → Замок Устокол = 1.909
04:15:14      GoToSettlement → Жемянь = 0.867
04:15:14      GoToSettlement → Ревиль = 0.925
04:15:14      GoToSettlement → Карбур = 0.483
04:15:14      GoToSettlement → Корсия = 1.510
04:15:14      GoToSettlement → Замок Флинтолг = 0.180
04:15:14      GoToSettlement → Флинтолг = 0.025
04:15:14    лучшее: PatrolAroundPoint → Жемянь = 1.995
04:15:14    та же цель, приказ повторён (105-й раз): PatrolAroundPoint → Жемянь (оценка 1.995)
04:15:14    после применения: поведение PatrolAroundPoint; цель Жемянь; движется True
04:16:03  час: оценок 15; позиция у Ревиль ((CampaignVec2) X: 264.0661 Y: 590.3212 IsOnLand: True); текущее поведение PatrolAroundPoint
04:16:03      GoToSettlement → Замок Устокол = 2.142
04:16:03      GoToSettlement → Жемянь = 1.146
04:16:03      GoToSettlement → Устокол = 0.922
04:16:03      GoToSettlement → Ревиль = 1.073
04:16:03      GoToSettlement → Карбур = 0.549
04:16:03      GoToSettlement → Корсия = 1.755
04:16:03      GoToSettlement → Замок Флинтолг = 0.198
04:16:03      GoToSettlement → Флинтолг = 0.131
04:16:03    лучшее: GoToSettlement → Замок Устокол = 2.142
04:16:03    НОВАЯ ЦЕЛЬ #12: GoToSettlement → Замок Устокол (оценка 2.142)
04:16:03    после применения: поведение GoToSettlement; цель Замок Устокол; движется True
04:16:38  ПРИБЫЛИ в «Замок Устокол» (прибытие #5)
04:16:38    обслуживание «Замок Устокол» не сейчас: в замке у игрока нет ни рынка, ни добровольцев
04:16:38    ЖДЁМ в «Замок Устокол»: пункт «Подождать», время UnstoppableFastForward; уйдём, когда пересчёт штатного AI выберет другую цель
04:16:39    ОБСЛУЖИВАНИЕ «Замок Устокол» (ожидание): денег 1765424, резерв 15379 (не меньше 2000 и 7 дн. жалования по 2197)
04:16:42  час: оценок 15; позиция у Замок Устокол ((CampaignVec2) X: 274.0234 Y: 593.2222 IsOnLand: True); текущее поведение Hold
04:16:42      GoToSettlement → Замок Устокол = 0.358
04:16:42      GoToSettlement → Жемянь = 0.768
04:16:42      GoToSettlement → Ревиль = 0.992
04:16:42      GoToSettlement → Устокол = 0.559
04:16:42      GoToSettlement → Карбур = 0.402
04:16:42      GoToSettlement → Корсия = 1.210
04:16:42      GoToSettlement → Замок Флинтолг = 0.135
04:16:42      GoToSettlement → Флинтолг = 0.088
04:16:42    лучшее: PatrolAroundPoint → Жемянь = 1.987
04:16:42    решено уйти из «Замок Устокол»: PatrolAroundPoint → Жемянь
04:16:42    ожидание в «Замок Устокол» закончено пунктом «Перестать ждать»
04:16:42    выход изнутри: к воротам → LeaveSettlement → Finish → Hold
04:16:42    ВЫШЛИ из «Замок Устокол» (подтверждённый выход #6)
04:16:42    время возобновлено (скорость 1): закрытие встречи ставит паузу
04:16:42    НОВАЯ ЦЕЛЬ #13: PatrolAroundPoint → Жемянь (оценка 1.987)
04:16:42    после применения: поведение PatrolAroundPoint; цель Жемянь; движется False
04:17:35  час: оценок 15; позиция у Замок Устокол ((CampaignVec2) X: 263.819 Y: 602.441 IsOnLand: True); текущее поведение PatrolAroundPoint
04:17:35      GoToSettlement → Жемянь = 1.158
04:17:35      GoToSettlement → Замок Устокол = 0.721
04:17:35      GoToSettlement → Ревиль = 1.404
04:17:35      GoToSettlement → Устокол = 0.747
04:17:35      GoToSettlement → Карбур = 0.541
04:17:35      GoToSettlement → Корсия = 1.652
04:17:35      GoToSettlement → Замок Флинтолг = 0.191
04:17:35      GoToSettlement → Флинтолг = 0.025
04:17:35    лучшее: PatrolAroundPoint → Жемянь = 1.938
04:17:35    та же цель, приказ повторён (106-й раз): PatrolAroundPoint → Жемянь (оценка 1.938)
04:17:35    после применения: поведение PatrolAroundPoint; цель Жемянь; движется True
04:18:18  час: оценок 15; позиция у Замок Устокол ((CampaignVec2) X: 262.2135 Y: 603.4911 IsOnLand: True); текущее поведение PatrolAroundPoint
04:18:18      GoToSettlement → Жемянь = 1.165
04:18:18      GoToSettlement → Замок Устокол = 0.614
04:18:18      GoToSettlement → Ревиль = 1.397
04:18:18      GoToSettlement → Устокол = 0.759
04:18:18      GoToSettlement → Карбур = 0.537
04:18:18      GoToSettlement → Корсия = 1.635
04:18:18      GoToSettlement → Замок Флинтолг = 0.189
04:18:18      GoToSettlement → Флинтолг = 0.025
04:18:18    лучшее: PatrolAroundPoint → Устокол = 1.910
04:18:18    НОВАЯ ЦЕЛЬ #14: PatrolAroundPoint → Устокол (оценка 1.910)
04:18:18    после применения: поведение PatrolAroundPoint; цель Устокол; движется True
04:19:04  час: оценок 15; позиция у Замок Устокол ((CampaignVec2) X: 272.8666 Y: 595.7332 IsOnLand: True); текущее поведение PatrolAroundPoint
04:19:04      GoToSettlement → Замок Устокол = 0.506
04:19:04      GoToSettlement → Жемянь = 1.171
04:19:04      GoToSettlement → Ревиль = 1.606
04:19:04      GoToSettlement → Устокол = 0.864
04:19:04      GoToSettlement → Карбур = 0.608
04:19:04      GoToSettlement → Корсия = 1.788
04:19:04      GoToSettlement → Замок Флинтолг = 0.199
04:19:04      GoToSettlement → Флинтолг = 0.131
04:19:04    лучшее: PatrolAroundPoint → Устокол = 2.258
04:19:04    та же цель, приказ повторён (107-й раз): PatrolAroundPoint → Устокол (оценка 2.258)
04:19:04    после применения: поведение PatrolAroundPoint; цель Устокол; движется True
04:19:45  час: оценок 15; позиция у Замок Устокол ((CampaignVec2) X: 263.2726 Y: 590.4394 IsOnLand: True); текущее поведение PatrolAroundPoint
04:19:45      GoToSettlement → Замок Устокол = 0.461
04:19:45      GoToSettlement → Жемянь = 1.178
04:19:45      GoToSettlement → Устокол = 0.959
04:19:45      GoToSettlement → Ревиль = 1.506
04:19:45      GoToSettlement → Карбур = 0.567
04:19:45      GoToSettlement → Корсия = 1.766
04:19:45      GoToSettlement → Замок Флинтолг = 0.197
04:19:45      GoToSettlement → Флинтолг = 0.130
04:19:45    лучшее: PatrolAroundPoint → Устокол = 2.269
04:19:45    та же цель, приказ повторён (108-й раз): PatrolAroundPoint → Устокол (оценка 2.269)
04:19:45    после применения: поведение PatrolAroundPoint; цель Устокол; движется True
04:20:05  час: оценок 15; позиция у Замок Устокол ((CampaignVec2) X: 248.5435 Y: 594.6632 IsOnLand: True); текущее поведение PatrolAroundPoint
04:20:05      GoToSettlement → Устокол = 1.081
04:20:05      GoToSettlement → Замок Устокол = 0.411
04:20:05      GoToSettlement → Жемянь = 0.896
04:20:05      GoToSettlement → Ревиль = 1.394
04:20:05      GoToSettlement → Карбур = 0.504
04:20:05      GoToSettlement → Корсия = 1.512
04:20:05      GoToSettlement → Замок Флинтолг = 0.179
04:20:05      GoToSettlement → Флинтолг = 0.025
04:20:05    лучшее: PatrolAroundPoint → Устокол = 2.260
04:20:05    та же цель, приказ повторён (109-й раз): PatrolAroundPoint → Устокол (оценка 2.260)
04:20:05    после применения: поведение PatrolAroundPoint; цель Устокол; движется True
04:20:34  час: оценок 15; позиция у Замок Устокол ((CampaignVec2) X: 235.6149 Y: 595.4626 IsOnLand: True); текущее поведение PatrolAroundPoint
04:20:34      GoToSettlement → Устокол = 1.088
04:20:34      GoToSettlement → Замок Устокол = 0.366
04:20:34      GoToSettlement → Жемянь = 0.811
04:20:34      GoToSettlement → Ревиль = 1.273
04:20:34      GoToSettlement → Карбур = 0.463
04:20:34      GoToSettlement → Корсия = 1.407
04:20:34      GoToSettlement → Замок Флинтолг = 0.025
04:20:34      GoToSettlement → Флинтолг = 0.025
04:20:34    лучшее: PatrolAroundPoint → Устокол = 2.254
04:20:34    та же цель, приказ повторён (110-й раз): PatrolAroundPoint → Устокол (оценка 2.254)
04:20:34    после применения: поведение PatrolAroundPoint; цель Устокол; движется True
04:21:18  час: оценок 15; позиция у Замок Устокол ((CampaignVec2) X: 239.5352 Y: 599.1028 IsOnLand: True); текущее поведение PatrolAroundPoint
04:21:18      GoToSettlement → Устокол = 1.094
04:21:18      GoToSettlement → Замок Устокол = 0.384
04:21:18      GoToSettlement → Жемянь = 0.849
04:21:18      GoToSettlement → Ревиль = 1.319
04:21:18      GoToSettlement → Карбур = 0.477
04:21:18      GoToSettlement → Корсия = 1.424
04:21:18      GoToSettlement → Замок Флинтолг = 0.025
04:21:18      GoToSettlement → Флинтолг = 0.025
04:21:18    лучшее: PatrolAroundPoint → Устокол = 2.252
04:21:18    та же цель, приказ повторён (111-й раз): PatrolAroundPoint → Устокол (оценка 2.252)
04:21:18    после применения: поведение PatrolAroundPoint; цель Устокол; движется True
04:22:07  час: оценок 15; позиция у Замок Устокол ((CampaignVec2) X: 242.267 Y: 597.8956 IsOnLand: True); текущее поведение PatrolAroundPoint
04:22:07      GoToSettlement → Устокол = 1.101
04:22:07      GoToSettlement → Замок Устокол = 0.401
04:22:07      GoToSettlement → Жемянь = 0.872
04:22:07      GoToSettlement → Ревиль = 1.365
04:22:07      GoToSettlement → Карбур = 0.491
04:22:07      GoToSettlement → Корсия = 1.454
04:22:07      GoToSettlement → Замок Флинтолг = 0.025
04:22:07      GoToSettlement → Флинтолг = 0.025
04:22:07    лучшее: PatrolAroundPoint → Устокол = 2.249
04:22:07    та же цель, приказ повторён (112-й раз): PatrolAroundPoint → Устокол (оценка 2.249)
04:22:07    после применения: поведение PatrolAroundPoint; цель Устокол; движется True
04:22:59  час: оценок 15; позиция у Замок Устокол ((CampaignVec2) X: 241.2765 Y: 597.8 IsOnLand: True); текущее поведение PatrolAroundPoint
04:22:59      GoToSettlement → Устокол = 1.107
04:22:59      GoToSettlement → Замок Устокол = 0.403
04:22:59      GoToSettlement → Жемянь = 0.869
04:22:59      GoToSettlement → Ревиль = 1.439
04:22:59      GoToSettlement → Карбур = 0.491
04:22:59      GoToSettlement → Корсия = 1.450
04:22:59      GoToSettlement → Замок Флинтолг = 0.025
04:22:59      GoToSettlement → Флинтолг = 0.025
04:22:59    лучшее: PatrolAroundPoint → Устокол = 2.247
04:22:59    та же цель, приказ повторён (113-й раз): PatrolAroundPoint → Устокол (оценка 2.247)
04:22:59    после применения: поведение PatrolAroundPoint; цель Устокол; движется True
04:23:46  час: оценок 15; позиция у Замок Устокол ((CampaignVec2) X: 238.8528 Y: 595.9783 IsOnLand: True); текущее поведение PatrolAroundPoint
04:23:46      GoToSettlement → Устокол = 1.113
04:23:46      GoToSettlement → Замок Устокол = 0.400
04:23:46      GoToSettlement → Жемянь = 0.852
04:23:46      GoToSettlement → Ревиль = 1.434
04:23:46      GoToSettlement → Карбур = 0.488
04:23:46      GoToSettlement → Корсия = 1.443
04:23:46      GoToSettlement → Замок Флинтолг = 0.025
04:23:46      GoToSettlement → Флинтолг = 0.025
04:23:46    лучшее: PatrolAroundPoint → Устокол = 2.247
04:23:46    та же цель, приказ повторён (114-й раз): PatrolAroundPoint → Устокол (оценка 2.247)
04:23:46    после применения: поведение PatrolAroundPoint; цель Устокол; движется True
04:24:30  час: оценок 15; позиция у Замок Устокол ((CampaignVec2) X: 241.5137 Y: 598.4387 IsOnLand: True); текущее поведение PatrolAroundPoint
04:24:30      GoToSettlement → Устокол = 1.120
04:24:30      GoToSettlement → Замок Устокол = 0.415
04:24:30      GoToSettlement → Жемянь = 0.881
04:24:30      GoToSettlement → Ревиль = 1.473
04:24:30      GoToSettlement → Карбур = 0.499
04:24:30      GoToSettlement → Корсия = 1.456
04:24:30      GoToSettlement → Замок Флинтолг = 0.025
04:24:30      GoToSettlement → Флинтолг = 0.025
04:24:30    лучшее: PatrolAroundPoint → Устокол = 2.246
04:24:30    та же цель, приказ повторён (115-й раз): PatrolAroundPoint → Устокол (оценка 2.246)
04:24:30    после применения: поведение PatrolAroundPoint; цель Устокол; движется True
04:25:15  час: оценок 15; позиция у Замок Устокол ((CampaignVec2) X: 235.0471 Y: 595.3612 IsOnLand: True); текущее поведение PatrolAroundPoint
04:25:15      GoToSettlement → Устокол = 1.126
04:25:15      GoToSettlement → Замок Устокол = 0.397
04:25:15      GoToSettlement → Жемянь = 0.833
04:25:15      GoToSettlement → Ревиль = 1.426
04:25:15      GoToSettlement → Карбур = 0.482
04:25:15      GoToSettlement → Корсия = 1.422
04:25:15      GoToSettlement → Замок Флинтолг = 0.025
04:25:15      GoToSettlement → Флинтолг = 0.025
04:25:15    лучшее: PatrolAroundPoint → Устокол = 2.246
04:25:15    та же цель, приказ повторён (116-й раз): PatrolAroundPoint → Устокол (оценка 2.246)
04:25:15    после применения: поведение PatrolAroundPoint; цель Устокол; движется True
04:26:06  час: оценок 15; позиция у Замок Устокол ((CampaignVec2) X: 232.3816 Y: 596.2644 IsOnLand: True); текущее поведение PatrolAroundPoint
04:26:06      GoToSettlement → Устокол = 1.133
04:26:06      GoToSettlement → Замок Устокол = 0.392
04:26:06      GoToSettlement → Жемянь = 0.821
04:26:06      GoToSettlement → Ревиль = 1.473
04:26:06      GoToSettlement → Карбур = 0.477
04:26:06      GoToSettlement → Корсия = 1.401
04:26:06      GoToSettlement → Замок Флинтолг = 0.025
04:26:06      GoToSettlement → Флинтолг = 0.025
04:26:06    лучшее: PatrolAroundPoint → Устокол = 2.246
04:26:06    та же цель, приказ повторён (117-й раз): PatrolAroundPoint → Устокол (оценка 2.246)
04:26:06    после применения: поведение PatrolAroundPoint; цель Устокол; движется True
04:27:05  час: оценок 15; позиция у Замок Устокол ((CampaignVec2) X: 238.4287 Y: 598.3804 IsOnLand: True); текущее поведение PatrolAroundPoint
04:27:05      GoToSettlement → Устокол = 1.139
04:27:05      GoToSettlement → Замок Устокол = 0.420
04:27:05      GoToSettlement → Жемянь = 0.871
04:27:05      GoToSettlement → Ревиль = 1.552
04:27:05      GoToSettlement → Карбур = 0.499
04:27:05      GoToSettlement → Корсия = 1.442
04:27:05      GoToSettlement → Замок Флинтолг = 0.025
04:27:05      GoToSettlement → Флинтолг = 0.025
04:27:05    лучшее: PatrolAroundPoint → Устокол = 2.246
04:27:05    та же цель, приказ повторён (118-й раз): PatrolAroundPoint → Устокол (оценка 2.246)
04:27:05    после применения: поведение PatrolAroundPoint; цель Устокол; движется True
04:27:55  час: оценок 15; позиция у Замок Устокол ((CampaignVec2) X: 242.3803 Y: 597.5576 IsOnLand: True); текущее поведение PatrolAroundPoint
04:27:55      GoToSettlement → Устокол = 1.145
04:27:55      GoToSettlement → Замок Устокол = 0.443
04:27:55      GoToSettlement → Жемянь = 0.905
04:27:55      GoToSettlement → Ревиль = 1.619
04:27:55      GoToSettlement → Карбур = 0.518
04:27:55      GoToSettlement → Корсия = 1.480
04:27:55      GoToSettlement → Замок Флинтолг = 0.025
04:27:55      GoToSettlement → Флинтолг = 0.025
04:27:55    лучшее: PatrolAroundPoint → Устокол = 2.246
04:27:55    та же цель, приказ повторён (119-й раз): PatrolAroundPoint → Устокол (оценка 2.246)
04:27:55    после применения: поведение PatrolAroundPoint; цель Устокол; движется True
