(!) Your Vite config uses features that are unsupported by `configLoader: 'native'`, which is planned to become the default in a future major version of Vite:
  - import "./preact.config" without a file extension (vitest.config.ts:2:31). Add the file extension
Set `VITE_CONFIG_NATIVE_IGNORE_WARNING=true` to suppress this warning.

 RUN  v5.0.3 C:/Users/Edward/Documents/Codex/2026-10-03/task/shedstream-full/frontend-next

stderr | test/panel-shell-parity.test.ts > shell recovers an HTTP-200 unauthorized snapshot through the same resolver without inventing zero balance
[stats] сервер не опознал зрителя: unauthorized

xxxxxxxxxxxxxxxxxxxxxxxxxxxxxxxxxxxxxxxxxxxxxxxxxxxxxxxxxxxxxxxxxxxxxxxxxxxxxxxxxxxxxxxxxxxxxxxxxxxxxxxxxxxxxxxxxxxxxxxxxxxxxxxxxxxxxxxxxxxxxxxxxxxxxxxxxxxxxxxxxxxxxxxxxxxxxxxxxxxxxxxxxxxxxxxxxxxxxxxxxxxxxxxxxxxxxxxxxxxxxxxxxxxxxxxxxxxxxxxxxxxxxxxxxxxxxxxxxxxxxxxxxxxxxxxxxxxxxxxxxxxxxxxxxxxxxxxxxxxxxxxxxxxxxxxxxxxxxxxxxxxxxxxxxxxxxxxxxxxxxxxxxxxxxxxxxxxxxxxxxxxxxxxxxxx····································xxxxxxxxxxxxxxxxxxxxxxxxxxxxxxxxxxxxxxxxxxxxxxxxxxxxxxxxx·····························································xxxxxxxxxxxxxxxxxxxxxxxxxxxxxxxxxxxxxxxxxxxxxxxxxxxxxxxxxxxxxxxx·········································xxxxxxxxxxx···············xxxxxxxx···x·xxxxxxxxx···········································································x····xxx·······················································································································································································································································································--

⎯⎯⎯⎯⎯⎯ Failed Tests 525 ⎯⎯⎯⎯⎯⎯

 FAIL  test/panel-app-lifecycle.test.tsx > actual PanelApp tab/timer requests match unchanged old tab handlers with the same selected-host lifecycle
Error: Legacy harness failed: Unmatched legacy request: GET /api/bannerlord/content-catalogs ; Unmatched legacy request: GET /api/bannerlord/progression 
 ❯ assertHealthy test/panel-legacy-harness.ts:173:32
    171|   }
    172|   function assertHealthy() {
    173|     if (failures.length) throw new Error(`Legacy harness failed: ${fai…
       |                                ^
    174|   }
    175|   const registerTimer = (handler: TimerHandler, ms: number | undefined…
 ❯ settle test/panel-legacy-harness.ts:287:5
 ❯ Object.bootHero test/panel-legacy-harness.ts:353:7
 ❯ test/panel-app-lifecycle.test.tsx:67:5

⎯⎯⎯⎯⎯⎯⎯⎯⎯⎯⎯⎯⎯⎯⎯⎯⎯⎯⎯⎯⎯⎯[1/525]⎯

 FAIL  test/panel-app-lifecycle.test.tsx > both mounted screens preserve hidden equipment reads on hero purchase
 FAIL  test/panel-app-lifecycle.test.tsx > both mounted screens preserve hidden equipment reads on hero refresh
Error: Legacy harness failed: Unmatched legacy request: GET /api/bannerlord/content-catalogs ; Unmatched legacy request: GET /api/bannerlord/progression 
 ❯ assertHealthy test/panel-legacy-harness.ts:173:32
    171|   }
    172|   function assertHealthy() {
    173|     if (failures.length) throw new Error(`Legacy harness failed: ${fai…
       |                                ^
    174|   }
    175|   const registerTimer = (handler: TimerHandler, ms: number | undefined…
 ❯ settle test/panel-legacy-harness.ts:287:5
 ❯ Object.bootHero test/panel-legacy-harness.ts:353:7
 ❯ test/panel-app-lifecycle.test.tsx:97:5

⎯⎯⎯⎯⎯⎯⎯⎯⎯⎯⎯⎯⎯⎯⎯⎯⎯⎯⎯⎯⎯⎯[2/525]⎯

 FAIL  test/panel-app-lifecycle.test.tsx > hidden document suspends selected-host reads and visibility resumes the existing polling phase
Error: Legacy harness failed: Unmatched legacy request: GET /api/bannerlord/content-catalogs ; Unmatched legacy request: GET /api/bannerlord/progression 
 ❯ assertHealthy test/panel-legacy-harness.ts:173:32
    171|   }
    172|   function assertHealthy() {
    173|     if (failures.length) throw new Error(`Legacy harness failed: ${fai…
       |                                ^
    174|   }
    175|   const registerTimer = (handler: TimerHandler, ms: number | undefined…
 ❯ settle test/panel-legacy-harness.ts:287:5
 ❯ Object.bootHero test/panel-legacy-harness.ts:353:7
 ❯ test/panel-app-lifecycle.test.tsx:117:5

⎯⎯⎯⎯⎯⎯⎯⎯⎯⎯⎯⎯⎯⎯⎯⎯⎯⎯⎯⎯⎯⎯[3/525]⎯

 FAIL  test/panel-army-kingdom-safety.test.tsx > army affirmative cannot use observed fixture_other_kingdom/false contradiction
 FAIL  test/panel-army-kingdom-safety.test.tsx > army affirmative cannot use observed fixture_kingdom/false contradiction
Error: Legacy harness failed: Unmatched legacy request: GET /api/bannerlord/content-catalogs ; Unmatched legacy request: GET /api/bannerlord/progression ; Unmatched legacy request: GET /api/bannerlord/content-catalogs 
 ❯ assertHealthy test/panel-legacy-harness.ts:173:32
    171|   }
    172|   function assertHealthy() {
    173|     if (failures.length) throw new Error(`Legacy harness failed: ${fai…
       |                                ^
    174|   }
    175|   const registerTimer = (handler: TimerHandler, ms: number | undefined…
 ❯ settle test/panel-legacy-harness.ts:287:5
 ❯ bootHero test/panel-legacy-harness.ts:350:188
 ❯ Object.bootCombat test/panel-legacy-harness.ts:358:5
 ❯ combatPair test/panel-combat-support.tsx:34:3
 ❯ test/panel-army-kingdom-safety.test.tsx:11:10

⎯⎯⎯⎯⎯⎯⎯⎯⎯⎯⎯⎯⎯⎯⎯⎯⎯⎯⎯⎯⎯⎯[4/525]⎯

 FAIL  test/panel-army-kingdom-safety.test.tsx > army create saved button and controller admission reject fixture_other_kingdom/false contradiction
 FAIL  test/panel-army-kingdom-safety.test.tsx > army create saved button and controller admission reject fixture_kingdom/false contradiction
Error: Legacy harness failed: Unmatched legacy request: GET /api/bannerlord/content-catalogs ; Unmatched legacy request: GET /api/bannerlord/progression ; Unmatched legacy request: GET /api/bannerlord/content-catalogs 
 ❯ assertHealthy test/panel-legacy-harness.ts:173:32
    171|   }
    172|   function assertHealthy() {
    173|     if (failures.length) throw new Error(`Legacy harness failed: ${fai…
       |                                ^
    174|   }
    175|   const registerTimer = (handler: TimerHandler, ms: number | undefined…
 ❯ settle test/panel-legacy-harness.ts:287:5
 ❯ bootHero test/panel-legacy-harness.ts:350:188
 ❯ Object.bootCombat test/panel-legacy-harness.ts:358:5
 ❯ combatPair test/panel-combat-support.tsx:34:3
 ❯ test/panel-army-kingdom-safety.test.tsx:17:10

⎯⎯⎯⎯⎯⎯⎯⎯⎯⎯⎯⎯⎯⎯⎯⎯⎯⎯⎯⎯⎯⎯[5/525]⎯

 FAIL  test/panel-army-kingdom-safety.test.tsx > agreement restores army create while previous contradiction sends nothing
Error: Legacy harness failed: Unmatched legacy request: GET /api/bannerlord/content-catalogs ; Unmatched legacy request: GET /api/bannerlord/progression ; Unmatched legacy request: GET /api/bannerlord/content-catalogs 
 ❯ assertHealthy test/panel-legacy-harness.ts:173:32
    171|   }
    172|   function assertHealthy() {
    173|     if (failures.length) throw new Error(`Legacy harness failed: ${fai…
       |                                ^
    174|   }
    175|   const registerTimer = (handler: TimerHandler, ms: number | undefined…
 ❯ settle test/panel-legacy-harness.ts:287:5
 ❯ bootHero test/panel-legacy-harness.ts:350:188
 ❯ Object.bootCombat test/panel-legacy-harness.ts:358:5
 ❯ combatPair test/panel-combat-support.tsx:34:3
 ❯ test/panel-army-kingdom-safety.test.tsx:20:98

⎯⎯⎯⎯⎯⎯⎯⎯⎯⎯⎯⎯⎯⎯⎯⎯⎯⎯⎯⎯⎯⎯[6/525]⎯

 FAIL  test/panel-army-kingdom-safety.test.tsx > agreement does not revive old army affirmative; fresh consent works
Error: Legacy harness failed: Unmatched legacy request: GET /api/bannerlord/content-catalogs ; Unmatched legacy request: GET /api/bannerlord/progression ; Unmatched legacy request: GET /api/bannerlord/content-catalogs 
 ❯ assertHealthy test/panel-legacy-harness.ts:173:32
    171|   }
    172|   function assertHealthy() {
    173|     if (failures.length) throw new Error(`Legacy harness failed: ${fai…
       |                                ^
    174|   }
    175|   const registerTimer = (handler: TimerHandler, ms: number | undefined…
 ❯ settle test/panel-legacy-harness.ts:287:5
 ❯ bootHero test/panel-legacy-harness.ts:350:188
 ❯ Object.bootCombat test/panel-legacy-harness.ts:358:5
 ❯ combatPair test/panel-combat-support.tsx:34:3
 ❯ test/panel-army-kingdom-safety.test.tsx:21:92

⎯⎯⎯⎯⎯⎯⎯⎯⎯⎯⎯⎯⎯⎯⎯⎯⎯⎯⎯⎯⎯⎯[7/525]⎯

 FAIL  test/panel-army-kingdom-safety.test.tsx > unobserved diplomacy does not block previously valid army controls
Error: Legacy harness failed: Unmatched legacy request: GET /api/bannerlord/content-catalogs ; Unmatched legacy request: GET /api/bannerlord/progression 
 ❯ assertHealthy test/panel-legacy-harness.ts:173:32
    171|   }
    172|   function assertHealthy() {
    173|     if (failures.length) throw new Error(`Legacy harness failed: ${fai…
       |                                ^
    174|   }
    175|   const registerTimer = (handler: TimerHandler, ms: number | undefined…
 ❯ settle test/panel-legacy-harness.ts:287:5
 ❯ bootHero test/panel-legacy-harness.ts:350:188
 ❯ Object.bootCombat test/panel-legacy-harness.ts:358:5
 ❯ combatPair test/panel-combat-support.tsx:34:3
 ❯ test/panel-army-kingdom-safety.test.tsx:22:201

⎯⎯⎯⎯⎯⎯⎯⎯⎯⎯⎯⎯⎯⎯⎯⎯⎯⎯⎯⎯⎯⎯[8/525]⎯

 FAIL  test/panel-army-kingdom-safety.test.tsx > observed kingdom quarantine leaves unrelated retinue recruitment usable
Error: Legacy harness failed: Unmatched legacy request: GET /api/bannerlord/content-catalogs ; Unmatched legacy request: GET /api/bannerlord/progression ; Unmatched legacy request: GET /api/bannerlord/content-catalogs 
 ❯ assertHealthy test/panel-legacy-harness.ts:173:32
    171|   }
    172|   function assertHealthy() {
    173|     if (failures.length) throw new Error(`Legacy harness failed: ${fai…
       |                                ^
    174|   }
    175|   const registerTimer = (handler: TimerHandler, ms: number | undefined…
 ❯ settle test/panel-legacy-harness.ts:287:5
 ❯ bootHero test/panel-legacy-harness.ts:350:188
 ❯ Object.bootCombat test/panel-legacy-harness.ts:358:5
 ❯ combatPair test/panel-combat-support.tsx:34:3
 ❯ test/panel-army-kingdom-safety.test.tsx:23:96

⎯⎯⎯⎯⎯⎯⎯⎯⎯⎯⎯⎯⎯⎯⎯⎯⎯⎯⎯⎯⎯⎯[9/525]⎯

 FAIL  test/panel-army-kingdom-safety.test.tsx > already-open order editor cannot submit its old realm target during observed quarantine
Error: Legacy harness failed: Unmatched legacy request: GET /api/bannerlord/content-catalogs ; Unmatched legacy request: GET /api/bannerlord/progression ; Unmatched legacy request: GET /api/bannerlord/content-catalogs 
 ❯ assertHealthy test/panel-legacy-harness.ts:173:32
    171|   }
    172|   function assertHealthy() {
    173|     if (failures.length) throw new Error(`Legacy harness failed: ${fai…
       |                                ^
    174|   }
    175|   const registerTimer = (handler: TimerHandler, ms: number | undefined…
 ❯ settle test/panel-legacy-harness.ts:287:5
 ❯ bootHero test/panel-legacy-harness.ts:350:188
 ❯ Object.bootCombat test/panel-legacy-harness.ts:358:5
 ❯ combatPair test/panel-combat-support.tsx:34:3
 ❯ test/panel-army-kingdom-safety.test.tsx:24:370

⎯⎯⎯⎯⎯⎯⎯⎯⎯⎯⎯⎯⎯⎯⎯⎯⎯⎯⎯⎯⎯[10/525]⎯

 FAIL  test/panel-army-kingdom-safety.test.tsx > quarantine preserves order cancellation and unrelated clan leave controls
Error: Legacy harness failed: Unmatched legacy request: GET /api/bannerlord/content-catalogs ; Unmatched legacy request: GET /api/bannerlord/progression ; Unmatched legacy request: GET /api/bannerlord/content-catalogs 
 ❯ assertHealthy test/panel-legacy-harness.ts:173:32
    171|   }
    172|   function assertHealthy() {
    173|     if (failures.length) throw new Error(`Legacy harness failed: ${fai…
       |                                ^
    174|   }
    175|   const registerTimer = (handler: TimerHandler, ms: number | undefined…
 ❯ settle test/panel-legacy-harness.ts:287:5
 ❯ bootHero test/panel-legacy-harness.ts:350:188
 ❯ Object.bootCombat test/panel-legacy-harness.ts:358:5
 ❯ combatPair test/panel-combat-support.tsx:34:3
 ❯ test/panel-army-kingdom-safety.test.tsx:25:98

⎯⎯⎯⎯⎯⎯⎯⎯⎯⎯⎯⎯⎯⎯⎯⎯⎯⎯⎯⎯⎯[11/525]⎯

 FAIL  test/panel-combat-parity.test.tsx > actual host has combat startup balance reads and one active-transition buffs read
Error: Legacy harness failed: Unmatched legacy request: GET /api/bannerlord/content-catalogs ; Unmatched legacy request: GET /api/bannerlord/progression 
 ❯ assertHealthy test/panel-legacy-harness.ts:173:32
    171|   }
    172|   function assertHealthy() {
    173|     if (failures.length) throw new Error(`Legacy harness failed: ${fai…
       |                                ^
    174|   }
    175|   const registerTimer = (handler: TimerHandler, ms: number | undefined…
 ❯ settle test/panel-legacy-harness.ts:287:5
 ❯ bootHero test/panel-legacy-harness.ts:353:7
 ❯ Object.bootCombat test/panel-legacy-harness.ts:358:5
 ❯ combatPair test/panel-combat-support.tsx:34:3
 ❯ test/panel-combat-parity.test.tsx:9:13

⎯⎯⎯⎯⎯⎯⎯⎯⎯⎯⎯⎯⎯⎯⎯⎯⎯⎯⎯⎯⎯[12/525]⎯

 FAIL  test/panel-combat-parity.test.tsx > old rendered hero.detach_hold matches full exact payload and delayed hidden-equipment tail
 FAIL  test/panel-combat-parity.test.tsx > old rendered hero.detach_charge matches full exact payload and delayed hidden-equipment tail
 FAIL  test/panel-combat-parity.test.tsx > old rendered hero.detach_skirmish matches full exact payload and delayed hidden-equipment tail
 FAIL  test/panel-combat-parity.test.tsx > old rendered hero.detach_raid matches full exact payload and delayed hidden-equipment tail
 FAIL  test/panel-combat-parity.test.tsx > old rendered hero.attach matches full exact payload and delayed hidden-equipment tail
 FAIL  test/panel-combat-parity.test.tsx > old rendered hero.detach_walls matches full exact payload and delayed hidden-equipment tail
 FAIL  test/panel-combat-parity.test.tsx > old rendered hero.detach_gate matches full exact payload and delayed hidden-equipment tail
 FAIL  test/panel-combat-parity.test.tsx > old rendered hero.detach matches full exact payload and delayed hidden-equipment tail
Error: Legacy harness failed: Unmatched legacy request: GET /api/bannerlord/content-catalogs ; Unmatched legacy request: GET /api/bannerlord/progression 
 ❯ assertHealthy test/panel-legacy-harness.ts:173:32
    171|   }
    172|   function assertHealthy() {
    173|     if (failures.length) throw new Error(`Legacy harness failed: ${fai…
       |                                ^
    174|   }
    175|   const registerTimer = (handler: TimerHandler, ms: number | undefined…
 ❯ settle test/panel-legacy-harness.ts:287:5
 ❯ bootHero test/panel-legacy-harness.ts:353:7
 ❯ Object.bootCombat test/panel-legacy-harness.ts:358:5
 ❯ combatPair test/panel-combat-support.tsx:34:3
 ❯ test/panel-combat-parity.test.tsx:16:13

⎯⎯⎯⎯⎯⎯⎯⎯⎯⎯⎯⎯⎯⎯⎯⎯⎯⎯⎯⎯⎯[13/525]⎯

 FAIL  test/panel-combat-parity.test.tsx > old rendered stance defensive, including current, has no price or preflight
 FAIL  test/panel-combat-parity.test.tsx > old rendered stance balanced, including current, has no price or preflight
 FAIL  test/panel-combat-parity.test.tsx > old rendered stance aggressive, including current, has no price or preflight
Error: Legacy harness failed: Unmatched legacy request: GET /api/bannerlord/content-catalogs ; Unmatched legacy request: GET /api/bannerlord/progression 
 ❯ assertHealthy test/panel-legacy-harness.ts:173:32
    171|   }
    172|   function assertHealthy() {
    173|     if (failures.length) throw new Error(`Legacy harness failed: ${fai…
       |                                ^
    174|   }
    175|   const registerTimer = (handler: TimerHandler, ms: number | undefined…
 ❯ settle test/panel-legacy-harness.ts:287:5
 ❯ bootHero test/panel-legacy-harness.ts:353:7
 ❯ Object.bootCombat test/panel-legacy-harness.ts:358:5
 ❯ combatPair test/panel-combat-support.tsx:34:3
 ❯ test/panel-combat-parity.test.tsx:22:13

⎯⎯⎯⎯⎯⎯⎯⎯⎯⎯⎯⎯⎯⎯⎯⎯⎯⎯⎯⎯⎯[14/525]⎯

 FAIL  test/panel-combat-parity.test.tsx > old rendered player summon preserves its separate price and side
 FAIL  test/panel-combat-parity.test.tsx > old rendered enemy summon preserves its separate price and side
Error: Legacy harness failed: Unmatched legacy request: GET /api/bannerlord/content-catalogs ; Unmatched legacy request: GET /api/bannerlord/progression 
 ❯ assertHealthy test/panel-legacy-harness.ts:173:32
    171|   }
    172|   function assertHealthy() {
    173|     if (failures.length) throw new Error(`Legacy harness failed: ${fai…
       |                                ^
    174|   }
    175|   const registerTimer = (handler: TimerHandler, ms: number | undefined…
 ❯ settle test/panel-legacy-harness.ts:287:5
 ❯ bootHero test/panel-legacy-harness.ts:353:7
 ❯ Object.bootCombat test/panel-legacy-harness.ts:358:5
 ❯ combatPair test/panel-combat-support.tsx:34:3
 ❯ test/panel-combat-parity.test.tsx:27:13

⎯⎯⎯⎯⎯⎯⎯⎯⎯⎯⎯⎯⎯⎯⎯⎯⎯⎯⎯⎯⎯[15/525]⎯

 FAIL  test/panel-combat-parity.test.tsx > actual archer legacy ability rage sends exact price+key and full tail
 FAIL  test/panel-combat-parity.test.tsx > actual archer legacy ability explosive_arrows sends exact price+key and full tail
 FAIL  test/panel-combat-parity.test.tsx > actual archer legacy ability heal_burst sends exact price+key and full tail
 FAIL  test/panel-combat-parity.test.tsx > actual assassin legacy ability retribution_toggle sends exact price+key and full tail
 FAIL  test/panel-combat-parity.test.tsx > actual berserk legacy ability cleave sends exact price+key and full tail
 FAIL  test/panel-combat-parity.test.tsx > actual crossbow legacy ability shield_break_burst sends exact price+key and full tail
 FAIL  test/panel-combat-parity.test.tsx > actual horse_archer legacy ability poison_dot sends exact price+key and full tail
 FAIL  test/panel-combat-parity.test.tsx > actual knight legacy ability berserker_charge sends exact price+key and full tail
 FAIL  test/panel-combat-parity.test.tsx > actual tank legacy ability ironskin_toggle sends exact price+key and full tail
Error: Legacy harness failed: Unmatched legacy request: GET /api/bannerlord/content-catalogs ; Unmatched legacy request: GET /api/bannerlord/progression 
 ❯ assertHealthy test/panel-legacy-harness.ts:173:32
    171|   }
    172|   function assertHealthy() {
    173|     if (failures.length) throw new Error(`Legacy harness failed: ${fai…
       |                                ^
    174|   }
    175|   const registerTimer = (handler: TimerHandler, ms: number | undefined…
 ❯ settle test/panel-legacy-harness.ts:287:5
 ❯ bootHero test/panel-legacy-harness.ts:353:7
 ❯ Object.bootCombat test/panel-legacy-harness.ts:358:5
 ❯ combatPair test/panel-combat-support.tsx:34:3
 ❯ test/panel-combat-parity.test.tsx:34:15

⎯⎯⎯⎯⎯⎯⎯⎯⎯⎯⎯⎯⎯⎯⎯⎯⎯⎯⎯⎯⎯[16/525]⎯

 FAIL  test/panel-combat-parity.test.tsx > actual weapon choice one_handed keeps weapon_type distinct from power_key
 FAIL  test/panel-combat-parity.test.tsx > actual weapon choice two_handed keeps weapon_type distinct from power_key
 FAIL  test/panel-combat-parity.test.tsx > actual weapon choice polearm keeps weapon_type distinct from power_key
 FAIL  test/panel-combat-parity.test.tsx > actual weapon choice bow keeps weapon_type distinct from power_key
 FAIL  test/panel-combat-parity.test.tsx > actual weapon choice crossbow keeps weapon_type distinct from power_key
 FAIL  test/panel-combat-parity.test.tsx > actual weapon choice thrown keeps weapon_type distinct from power_key
 FAIL  test/panel-combat-parity.test.tsx > actual weapon choice shield keeps weapon_type distinct from power_key
Error: Legacy harness failed: Unmatched legacy request: GET /api/bannerlord/content-catalogs ; Unmatched legacy request: GET /api/bannerlord/progression 
 ❯ assertHealthy test/panel-legacy-harness.ts:173:32
    171|   }
    172|   function assertHealthy() {
    173|     if (failures.length) throw new Error(`Legacy harness failed: ${fai…
       |                                ^
    174|   }
    175|   const registerTimer = (handler: TimerHandler, ms: number | undefined…
 ❯ settle test/panel-legacy-harness.ts:287:5
 ❯ bootHero test/panel-legacy-harness.ts:353:7
 ❯ Object.bootCombat test/panel-legacy-harness.ts:358:5
 ❯ combatPair test/panel-combat-support.tsx:34:3
 ❯ test/panel-combat-parity.test.tsx:41:15

⎯⎯⎯⎯⎯⎯⎯⎯⎯⎯⎯⎯⎯⎯⎯⎯⎯⎯⎯⎯⎯[17/525]⎯

 FAIL  test/panel-combat-parity.test.tsx > actual selected one_handed ability sends only key+id, never legacy price
 FAIL  test/panel-combat-parity.test.tsx > actual selected two_handed ability sends only key+id, never legacy price
 FAIL  test/panel-combat-parity.test.tsx > actual selected polearm ability sends only key+id, never legacy price
 FAIL  test/panel-combat-parity.test.tsx > actual selected bow ability sends only key+id, never legacy price
 FAIL  test/panel-combat-parity.test.tsx > actual selected crossbow ability sends only key+id, never legacy price
 FAIL  test/panel-combat-parity.test.tsx > actual selected thrown ability sends only key+id, never legacy price
 FAIL  test/panel-combat-parity.test.tsx > actual selected shield ability sends only key+id, never legacy price
Error: Legacy harness failed: Unmatched legacy request: GET /api/bannerlord/content-catalogs ; Unmatched legacy request: GET /api/bannerlord/progression 
 ❯ assertHealthy test/panel-legacy-harness.ts:173:32
    171|   }
    172|   function assertHealthy() {
    173|     if (failures.length) throw new Error(`Legacy harness failed: ${fai…
       |                                ^
    174|   }
    175|   const registerTimer = (handler: TimerHandler, ms: number | undefined…
 ❯ settle test/panel-legacy-harness.ts:287:5
 ❯ bootHero test/panel-legacy-harness.ts:353:7
 ❯ Object.bootCombat test/panel-legacy-harness.ts:358:5
 ❯ combatPair test/panel-combat-support.tsx:34:3
 ❯ test/panel-combat-parity.test.tsx:47:15

⎯⎯⎯⎯⎯⎯⎯⎯⎯⎯⎯⎯⎯⎯⎯⎯⎯⎯⎯⎯⎯[18/525]⎯

 FAIL  test/panel-combat-parity.test.tsx > common heal has an independent action and exact new-build payload
Error: Legacy harness failed: Unmatched legacy request: GET /api/bannerlord/content-catalogs ; Unmatched legacy request: GET /api/bannerlord/progression 
 ❯ assertHealthy test/panel-legacy-harness.ts:173:32
    171|   }
    172|   function assertHealthy() {
    173|     if (failures.length) throw new Error(`Legacy harness failed: ${fai…
       |                                ^
    174|   }
    175|   const registerTimer = (handler: TimerHandler, ms: number | undefined…
 ❯ settle test/panel-legacy-harness.ts:287:5
 ❯ bootHero test/panel-legacy-harness.ts:353:7
 ❯ Object.bootCombat test/panel-legacy-harness.ts:358:5
 ❯ combatPair test/panel-combat-support.tsx:34:3
 ❯ test/panel-combat-parity.test.tsx:52:13

⎯⎯⎯⎯⎯⎯⎯⎯⎯⎯⎯⎯⎯⎯⎯⎯⎯⎯⎯⎯⎯[19/525]⎯

 FAIL  test/panel-combat-parity.test.tsx > field siege buttons disabled and legacy knight keeps inherited absent raid
Error: Legacy harness failed: Unmatched legacy request: GET /api/bannerlord/content-catalogs ; Unmatched legacy request: GET /api/bannerlord/progression 
 ❯ assertHealthy test/panel-legacy-harness.ts:173:32
    171|   }
    172|   function assertHealthy() {
    173|     if (failures.length) throw new Error(`Legacy harness failed: ${fai…
       |                                ^
    174|   }
    175|   const registerTimer = (handler: TimerHandler, ms: number | undefined…
 ❯ settle test/panel-legacy-harness.ts:287:5
 ❯ bootHero test/panel-legacy-harness.ts:353:7
 ❯ Object.bootCombat test/panel-legacy-harness.ts:358:5
 ❯ combatPair test/panel-combat-support.tsx:34:3
 ❯ test/panel-combat-parity.test.tsx:58:13

⎯⎯⎯⎯⎯⎯⎯⎯⎯⎯⎯⎯⎯⎯⎯⎯⎯⎯⎯⎯⎯[20/525]⎯

 FAIL  test/panel-combat-parity.test.tsx > idle viewer cannot send legacy or new powers or orders
 FAIL  test/panel-combat-parity.test.tsx > unspawned viewer cannot send legacy or new powers or orders
 FAIL  test/panel-combat-parity.test.tsx > dead viewer cannot send legacy or new powers or orders
Error: Legacy harness failed: Unmatched legacy request: GET /api/bannerlord/content-catalogs ; Unmatched legacy request: GET /api/bannerlord/progression 
 ❯ assertHealthy test/panel-legacy-harness.ts:173:32
    171|   }
    172|   function assertHealthy() {
    173|     if (failures.length) throw new Error(`Legacy harness failed: ${fai…
       |                                ^
    174|   }
    175|   const registerTimer = (handler: TimerHandler, ms: number | undefined…
 ❯ settle test/panel-legacy-harness.ts:287:5
 ❯ bootHero test/panel-legacy-harness.ts:353:7
 ❯ Object.bootCombat test/panel-legacy-harness.ts:358:5
 ❯ combatPair test/panel-combat-support.tsx:34:3
 ❯ test/panel-combat-parity.test.tsx:63:13

⎯⎯⎯⎯⎯⎯⎯⎯⎯⎯⎯⎯⎯⎯⎯⎯⎯⎯⎯⎯⎯[21/525]⎯

 FAIL  test/panel-combat-parity.test.tsx > pending build cannot select unavailable choices or expose legacy fallback
 FAIL  test/panel-combat-parity.test.tsx > syncing build cannot select unavailable choices or expose legacy fallback
 FAIL  test/panel-combat-parity.test.tsx > legacy_session build cannot select unavailable choices or expose legacy fallback
 FAIL  test/panel-combat-parity.test.tsx > prisoner build cannot select unavailable choices or expose legacy fallback
 FAIL  test/panel-combat-parity.test.tsx > unavailable build cannot select unavailable choices or expose legacy fallback
Error: Legacy harness failed: Unmatched legacy request: GET /api/bannerlord/content-catalogs ; Unmatched legacy request: GET /api/bannerlord/progression 
 ❯ assertHealthy test/panel-legacy-harness.ts:173:32
    171|   }
    172|   function assertHealthy() {
    173|     if (failures.length) throw new Error(`Legacy harness failed: ${fai…
       |                                ^
    174|   }
    175|   const registerTimer = (handler: TimerHandler, ms: number | undefined…
 ❯ settle test/panel-legacy-harness.ts:287:5
 ❯ bootHero test/panel-legacy-harness.ts:353:7
 ❯ Object.bootCombat test/panel-legacy-harness.ts:358:5
 ❯ combatPair test/panel-combat-support.tsx:34:3
 ❯ test/panel-combat-parity.test.tsx:69:13

⎯⎯⎯⎯⎯⎯⎯⎯⎯⎯⎯⎯⎯⎯⎯⎯⎯⎯⎯⎯⎯[22/525]⎯

 FAIL  test/panel-combat-parity.test.tsx > same-frame opposite summons remain independent
Error: Legacy harness failed: Unmatched legacy request: GET /api/bannerlord/content-catalogs ; Unmatched legacy request: GET /api/bannerlord/progression 
 ❯ assertHealthy test/panel-legacy-harness.ts:173:32
    171|   }
    172|   function assertHealthy() {
    173|     if (failures.length) throw new Error(`Legacy harness failed: ${fai…
       |                                ^
    174|   }
    175|   const registerTimer = (handler: TimerHandler, ms: number | undefined…
 ❯ settle test/panel-legacy-harness.ts:287:5
 ❯ bootHero test/panel-legacy-harness.ts:353:7
 ❯ Object.bootCombat test/panel-legacy-harness.ts:358:5
 ❯ combatPair test/panel-combat-support.tsx:34:3
 ❯ test/panel-combat-parity.test.tsx:75:11

⎯⎯⎯⎯⎯⎯⎯⎯⎯⎯⎯⎯⎯⎯⎯⎯⎯⎯⎯⎯⎯[23/525]⎯

 FAIL  test/panel-combat-parity.test.tsx > combat timer/visibility/tab lifecycle and telemetry use actual host and unchanged collector
Error: Legacy harness failed: Unmatched legacy request: GET /api/bannerlord/content-catalogs ; Unmatched legacy request: GET /api/bannerlord/progression 
 ❯ assertHealthy test/panel-legacy-harness.ts:173:32
    171|   }
    172|   function assertHealthy() {
    173|     if (failures.length) throw new Error(`Legacy harness failed: ${fai…
       |                                ^
    174|   }
    175|   const registerTimer = (handler: TimerHandler, ms: number | undefined…
 ❯ settle test/panel-legacy-harness.ts:287:5
 ❯ bootHero test/panel-legacy-harness.ts:353:7
 ❯ Object.bootCombat test/panel-legacy-harness.ts:358:5
 ❯ combatPair test/panel-combat-support.tsx:34:3
 ❯ test/panel-combat-parity.test.tsx:81:11

⎯⎯⎯⎯⎯⎯⎯⎯⎯⎯⎯⎯⎯⎯⎯⎯⎯⎯⎯⎯⎯[24/525]⎯

 FAIL  test/panel-combat-parity.test.tsx > server refuses visibly with no success refresh tail
Error: Legacy harness failed: Unmatched legacy request: GET /api/bannerlord/content-catalogs ; Unmatched legacy request: GET /api/bannerlord/progression 
 ❯ assertHealthy test/panel-legacy-harness.ts:173:32
    171|   }
    172|   function assertHealthy() {
    173|     if (failures.length) throw new Error(`Legacy harness failed: ${fai…
       |                                ^
    174|   }
    175|   const registerTimer = (handler: TimerHandler, ms: number | undefined…
 ❯ settle test/panel-legacy-harness.ts:287:5
 ❯ bootHero test/panel-legacy-harness.ts:353:7
 ❯ Object.bootCombat test/panel-legacy-harness.ts:358:5
 ❯ combatPair test/panel-combat-support.tsx:34:3
 ❯ test/panel-combat-parity.test.tsx:89:11

⎯⎯⎯⎯⎯⎯⎯⎯⎯⎯⎯⎯⎯⎯⎯⎯⎯⎯⎯⎯⎯[25/525]⎯

 FAIL  test/panel-combat-parity.test.tsx > safety deviation: refusal restores confirmed stance rather than leaving optimistic legacy highlight
Error: Legacy harness failed: Unmatched legacy request: GET /api/bannerlord/content-catalogs ; Unmatched legacy request: GET /api/bannerlord/progression 
 ❯ assertHealthy test/panel-legacy-harness.ts:173:32
    171|   }
    172|   function assertHealthy() {
    173|     if (failures.length) throw new Error(`Legacy harness failed: ${fai…
       |                                ^
    174|   }
    175|   const registerTimer = (handler: TimerHandler, ms: number | undefined…
 ❯ settle test/panel-legacy-harness.ts:287:5
 ❯ bootHero test/panel-legacy-harness.ts:353:7
 ❯ Object.bootCombat test/panel-legacy-harness.ts:358:5
 ❯ combatPair test/panel-combat-support.tsx:34:3
 ❯ test/panel-combat-parity.test.tsx:93:11

⎯⎯⎯⎯⎯⎯⎯⎯⎯⎯⎯⎯⎯⎯⎯⎯⎯⎯⎯⎯⎯[26/525]⎯

 FAIL  test/panel-combat-parity.test.tsx > safety deviation: [data-bnr-power="rage"] immediately respects the acknowledged semantic cooldown
 FAIL  test/panel-combat-parity.test.tsx > safety deviation: #bnr-summon-ally-btn immediately respects the acknowledged semantic cooldown
 FAIL  test/panel-combat-parity.test.tsx > safety deviation: #bnr-summon-enemy-btn immediately respects the acknowledged semantic cooldown
Error: Legacy harness failed: Unmatched legacy request: GET /api/bannerlord/content-catalogs ; Unmatched legacy request: GET /api/bannerlord/progression 
 ❯ assertHealthy test/panel-legacy-harness.ts:173:32
    171|   }
    172|   function assertHealthy() {
    173|     if (failures.length) throw new Error(`Legacy harness failed: ${fai…
       |                                ^
    174|   }
    175|   const registerTimer = (handler: TimerHandler, ms: number | undefined…
 ❯ settle test/panel-legacy-harness.ts:287:5
 ❯ bootHero test/panel-legacy-harness.ts:353:7
 ❯ Object.bootCombat test/panel-legacy-harness.ts:358:5
 ❯ combatPair test/panel-combat-support.tsx:34:3
 ❯ test/panel-combat-parity.test.tsx:99:11

⎯⎯⎯⎯⎯⎯⎯⎯⎯⎯⎯⎯⎯⎯⎯⎯⎯⎯⎯⎯⎯[27/525]⎯

 FAIL  test/panel-combat-parity.test.tsx > same-frame distinct legacy powers remain independent, unlike new-build family lock
Error: Legacy harness failed: Unmatched legacy request: GET /api/bannerlord/content-catalogs ; Unmatched legacy request: GET /api/bannerlord/progression 
 ❯ assertHealthy test/panel-legacy-harness.ts:173:32
    171|   }
    172|   function assertHealthy() {
    173|     if (failures.length) throw new Error(`Legacy harness failed: ${fai…
       |                                ^
    174|   }
    175|   const registerTimer = (handler: TimerHandler, ms: number | undefined…
 ❯ settle test/panel-legacy-harness.ts:287:5
 ❯ bootHero test/panel-legacy-harness.ts:353:7
 ❯ Object.bootCombat test/panel-legacy-harness.ts:358:5
 ❯ combatPair test/panel-combat-support.tsx:34:3
 ❯ test/panel-combat-parity.test.tsx:105:11

⎯⎯⎯⎯⎯⎯⎯⎯⎯⎯⎯⎯⎯⎯⎯⎯⎯⎯⎯⎯⎯[28/525]⎯

 FAIL  test/panel-combat-parity.test.tsx > new-build shared synchronous lock: [data-bnr-build-select="bow"] then [data-bnr-build-select="crossbow"]
 FAIL  test/panel-combat-parity.test.tsx > new-build shared synchronous lock: [data-bnr-build-activate="rage"] then [data-bnr-build-activate="heal_burst"]
Error: Legacy harness failed: Unmatched legacy request: GET /api/bannerlord/content-catalogs ; Unmatched legacy request: GET /api/bannerlord/progression 
 ❯ assertHealthy test/panel-legacy-harness.ts:173:32
    171|   }
    172|   function assertHealthy() {
    173|     if (failures.length) throw new Error(`Legacy harness failed: ${fai…
       |                                ^
    174|   }
    175|   const registerTimer = (handler: TimerHandler, ms: number | undefined…
 ❯ settle test/panel-legacy-harness.ts:287:5
 ❯ bootHero test/panel-legacy-harness.ts:353:7
 ❯ Object.bootCombat test/panel-legacy-harness.ts:358:5
 ❯ combatPair test/panel-combat-support.tsx:34:3
 ❯ test/panel-combat-parity.test.tsx:113:11

⎯⎯⎯⎯⎯⎯⎯⎯⎯⎯⎯⎯⎯⎯⎯⎯⎯⎯⎯⎯⎯[29/525]⎯

 FAIL  test/panel-combat-parity.test.tsx > battle spectator presents actual snapshot
 FAIL  test/panel-combat-parity.test.tsx > battle live presents actual snapshot
 FAIL  test/panel-combat-parity.test.tsx > battle routed presents actual snapshot
 FAIL  test/panel-combat-parity.test.tsx > battle killed presents actual snapshot
 FAIL  test/panel-combat-parity.test.tsx > battle unconscious presents actual snapshot
 FAIL  test/panel-combat-parity.test.tsx > battle legacy presents actual snapshot
 FAIL  test/panel-combat-parity.test.tsx > battle paid presents actual snapshot
 FAIL  test/panel-combat-parity.test.tsx > battle failed presents actual snapshot
 FAIL  test/panel-combat-parity.test.tsx > battle unavailable presents actual snapshot
Error: Legacy harness failed: Unmatched legacy request: GET /api/bannerlord/content-catalogs ; Unmatched legacy request: GET /api/bannerlord/progression 
 ❯ assertHealthy test/panel-legacy-harness.ts:173:32
    171|   }
    172|   function assertHealthy() {
    173|     if (failures.length) throw new Error(`Legacy harness failed: ${fai…
       |                                ^
    174|   }
    175|   const registerTimer = (handler: TimerHandler, ms: number | undefined…
 ❯ settle test/panel-legacy-harness.ts:287:5
 ❯ bootHero test/panel-legacy-harness.ts:353:7
 ❯ Object.bootCombat test/panel-legacy-harness.ts:358:5
 ❯ combatPair test/panel-combat-support.tsx:34:3
 ❯ test/panel-combat-parity.test.tsx:119:11

⎯⎯⎯⎯⎯⎯⎯⎯⎯⎯⎯⎯⎯⎯⎯⎯⎯⎯⎯⎯⎯[30/525]⎯

 FAIL  test/panel-combat-parity.test.tsx > unknown active buff is text and disables its exact known-key control until absolute expiry
Error: Legacy harness failed: Unmatched legacy request: GET /api/bannerlord/content-catalogs ; Unmatched legacy request: GET /api/bannerlord/progression 
 ❯ assertHealthy test/panel-legacy-harness.ts:173:32
    171|   }
    172|   function assertHealthy() {
    173|     if (failures.length) throw new Error(`Legacy harness failed: ${fai…
       |                                ^
    174|   }
    175|   const registerTimer = (handler: TimerHandler, ms: number | undefined…
 ❯ settle test/panel-legacy-harness.ts:287:5
 ❯ bootHero test/panel-legacy-harness.ts:353:7
 ❯ Object.bootCombat test/panel-legacy-harness.ts:358:5
 ❯ combatPair test/panel-combat-support.tsx:34:3
 ❯ test/panel-combat-parity.test.tsx:122:11

⎯⎯⎯⎯⎯⎯⎯⎯⎯⎯⎯⎯⎯⎯⎯⎯⎯⎯⎯⎯⎯[31/525]⎯

 FAIL  test/panel-combat-parity.test.tsx > server UI permutation, visibility, labels apply only to known combat sections
Error: Legacy harness failed: Unmatched legacy request: GET /api/bannerlord/content-catalogs ; Unmatched legacy request: GET /api/bannerlord/progression 
 ❯ assertHealthy test/panel-legacy-harness.ts:173:32
    171|   }
    172|   function assertHealthy() {
    173|     if (failures.length) throw new Error(`Legacy harness failed: ${fai…
       |                                ^
    174|   }
    175|   const registerTimer = (handler: TimerHandler, ms: number | undefined…
 ❯ settle test/panel-legacy-harness.ts:287:5
 ❯ bootHero test/panel-legacy-harness.ts:353:7
 ❯ Object.bootCombat test/panel-legacy-harness.ts:358:5
 ❯ combatPair test/panel-combat-support.tsx:34:3
 ❯ test/panel-combat-parity.test.tsx:128:11

⎯⎯⎯⎯⎯⎯⎯⎯⎯⎯⎯⎯⎯⎯⎯⎯⎯⎯⎯⎯⎯[32/525]⎯

 FAIL  test/panel-combat-parity.test.tsx > real asynchronous mod refusal is shown once globally for six seconds, with exact old text
Error: Legacy harness failed: Unmatched legacy request: GET /api/bannerlord/content-catalogs ; Unmatched legacy request: GET /api/bannerlord/progression 
 ❯ assertHealthy test/panel-legacy-harness.ts:173:32
    171|   }
    172|   function assertHealthy() {
    173|     if (failures.length) throw new Error(`Legacy harness failed: ${fai…
       |                                ^
    174|   }
    175|   const registerTimer = (handler: TimerHandler, ms: number | undefined…
 ❯ settle test/panel-legacy-harness.ts:287:5
 ❯ bootHero test/panel-legacy-harness.ts:353:7
 ❯ Object.bootCombat test/panel-legacy-harness.ts:358:5
 ❯ combatPair test/panel-combat-support.tsx:34:3
 ❯ test/panel-combat-parity.test.tsx:135:11

⎯⎯⎯⎯⎯⎯⎯⎯⎯⎯⎯⎯⎯⎯⎯⎯⎯⎯⎯⎯⎯[33/525]⎯

 FAIL  test/panel-combat-parity.test.tsx > actual collector counts combat family hero.detach_hold through rendered [data-det-act="hero.detach_hold"]
 FAIL  test/panel-combat-parity.test.tsx > actual collector counts combat family player.spawn through rendered #bnr-summon-enemy-btn
 FAIL  test/panel-combat-parity.test.tsx > actual collector counts combat family power.activate through rendered [data-bnr-power="rage"]
 FAIL  test/panel-combat-parity.test.tsx > actual collector counts combat family hero.select_weapon_power through rendered [data-bnr-build-select="thrown"]
 FAIL  test/panel-combat-parity.test.tsx > actual collector counts combat family power.activate through rendered [data-bnr-build-activate="rage"]
Error: Legacy harness failed: Unmatched legacy request: GET /api/bannerlord/content-catalogs ; Unmatched legacy request: GET /api/bannerlord/progression 
 ❯ assertHealthy test/panel-legacy-harness.ts:173:32
    171|   }
    172|   function assertHealthy() {
    173|     if (failures.length) throw new Error(`Legacy harness failed: ${fai…
       |                                ^
    174|   }
    175|   const registerTimer = (handler: TimerHandler, ms: number | undefined…
 ❯ settle test/panel-legacy-harness.ts:287:5
 ❯ bootHero test/panel-legacy-harness.ts:353:7
 ❯ Object.bootCombat test/panel-legacy-harness.ts:358:5
 ❯ combatPair test/panel-combat-support.tsx:34:3
 ❯ test/panel-combat-parity.test.tsx:144:11

⎯⎯⎯⎯⎯⎯⎯⎯⎯⎯⎯⎯⎯⎯⎯⎯⎯⎯⎯⎯⎯[34/525]⎯

 FAIL  test/panel-combat-parity.test.tsx > malformed presentation keeps known defaults: {"version":2,"combat_order":["summon"]}
 FAIL  test/panel-combat-parity.test.tsx > malformed presentation keeps known defaults: {"version":1,"combat_order":["summon","summon","active_powers","weapon_choice"],"labels":{"active_powers":"bad\nlabel"}}
 FAIL  test/panel-combat-parity.test.tsx > malformed presentation keeps known defaults: {"version":1,"combat_order":["unknown","summon","active_powers","weapon_choice"],"labels":{"weapon_choice":"xxxxxxxxxxxxxxxxxxxxxxxxxxxxxxxxxxxxxxxxxxxxxxxxxxxxxxxxxxxxxxxxx"}}
 FAIL  test/panel-combat-parity.test.tsx > malformed presentation keeps known defaults: null
Error: Legacy harness failed: Unmatched legacy request: GET /api/bannerlord/content-catalogs ; Unmatched legacy request: GET /api/bannerlord/progression 
 ❯ assertHealthy test/panel-legacy-harness.ts:173:32
    171|   }
    172|   function assertHealthy() {
    173|     if (failures.length) throw new Error(`Legacy harness failed: ${fai…
       |                                ^
    174|   }
    175|   const registerTimer = (handler: TimerHandler, ms: number | undefined…
 ❯ settle test/panel-legacy-harness.ts:287:5
 ❯ bootHero test/panel-legacy-harness.ts:353:7
 ❯ Object.bootCombat test/panel-legacy-harness.ts:358:5
 ❯ combatPair test/panel-combat-support.tsx:34:3
 ❯ test/panel-combat-parity.test.tsx:147:11

⎯⎯⎯⎯⎯⎯⎯⎯⎯⎯⎯⎯⎯⎯⎯⎯⎯⎯⎯⎯⎯[35/525]⎯

 FAIL  test/panel-combat-parity.test.tsx > real offline build disables weapon selection with server reason
Error: Legacy harness failed: Unmatched legacy request: GET /api/bannerlord/content-catalogs ; Unmatched legacy request: GET /api/bannerlord/progression 
 ❯ assertHealthy test/panel-legacy-harness.ts:173:32
    171|   }
    172|   function assertHealthy() {
    173|     if (failures.length) throw new Error(`Legacy harness failed: ${fai…
       |                                ^
    174|   }
    175|   const registerTimer = (handler: TimerHandler, ms: number | undefined…
 ❯ settle test/panel-legacy-harness.ts:287:5
 ❯ bootHero test/panel-legacy-harness.ts:353:7
 ❯ Object.bootCombat test/panel-legacy-harness.ts:358:5
 ❯ combatPair test/panel-combat-support.tsx:34:3
 ❯ test/panel-combat-parity.test.tsx:150:11

⎯⎯⎯⎯⎯⎯⎯⎯⎯⎯⎯⎯⎯⎯⎯⎯⎯⎯⎯⎯⎯[36/525]⎯

 FAIL  test/panel-combat-parity.test.tsx > 60-second actual balance interval refreshes passive affordability even while hidden
Error: Legacy harness failed: Unmatched legacy request: GET /api/bannerlord/content-catalogs ; Unmatched legacy request: GET /api/bannerlord/progression 
 ❯ assertHealthy test/panel-legacy-harness.ts:173:32
    171|   }
    172|   function assertHealthy() {
    173|     if (failures.length) throw new Error(`Legacy harness failed: ${fai…
       |                                ^
    174|   }
    175|   const registerTimer = (handler: TimerHandler, ms: number | undefined…
 ❯ settle test/panel-legacy-harness.ts:287:5
 ❯ bootHero test/panel-legacy-harness.ts:353:7
 ❯ Object.bootCombat test/panel-legacy-harness.ts:358:5
 ❯ combatPair test/panel-combat-support.tsx:34:3
 ❯ test/panel-combat-parity.test.tsx:153:11

⎯⎯⎯⎯⎯⎯⎯⎯⎯⎯⎯⎯⎯⎯⎯⎯⎯⎯⎯⎯⎯[37/525]⎯

 FAIL  test/panel-combat-parity.test.tsx > legacy cooldown text and 1-second countdown for [data-det-act="hero.detach_hold"]
 FAIL  test/panel-combat-parity.test.tsx > legacy cooldown text and 1-second countdown for #bnr-summon-enemy-btn
Error: Legacy harness failed: Unmatched legacy request: GET /api/bannerlord/content-catalogs ; Unmatched legacy request: GET /api/bannerlord/progression 
 ❯ assertHealthy test/panel-legacy-harness.ts:173:32
    171|   }
    172|   function assertHealthy() {
    173|     if (failures.length) throw new Error(`Legacy harness failed: ${fai…
       |                                ^
    174|   }
    175|   const registerTimer = (handler: TimerHandler, ms: number | undefined…
 ❯ settle test/panel-legacy-harness.ts:287:5
 ❯ bootHero test/panel-legacy-harness.ts:353:7
 ❯ Object.bootCombat test/panel-legacy-harness.ts:358:5
 ❯ combatPair test/panel-combat-support.tsx:34:3
 ❯ test/panel-combat-parity.test.tsx:158:11

⎯⎯⎯⎯⎯⎯⎯⎯⎯⎯⎯⎯⎯⎯⎯⎯⎯⎯⎯⎯⎯[38/525]⎯

 FAIL  test/panel-combat-parity.test.tsx > server zero prices stay valid for orders, summons and legacy powers
Error: Legacy harness failed: Unmatched legacy request: GET /api/bannerlord/content-catalogs ; Unmatched legacy request: GET /api/bannerlord/progression 
 ❯ assertHealthy test/panel-legacy-harness.ts:173:32
    171|   }
    172|   function assertHealthy() {
    173|     if (failures.length) throw new Error(`Legacy harness failed: ${fai…
       |                                ^
    174|   }
    175|   const registerTimer = (handler: TimerHandler, ms: number | undefined…
 ❯ settle test/panel-legacy-harness.ts:287:5
 ❯ bootHero test/panel-legacy-harness.ts:353:7
 ❯ Object.bootCombat test/panel-legacy-harness.ts:358:5
 ❯ combatPair test/panel-combat-support.tsx:34:3
 ❯ test/panel-combat-parity.test.tsx:163:11

⎯⎯⎯⎯⎯⎯⎯⎯⎯⎯⎯⎯⎯⎯⎯⎯⎯⎯⎯⎯⎯[39/525]⎯

 FAIL  test/panel-combat-parity.test.tsx > new-build zero-priced ability is allowed with a verified zero balance and still omits price
Error: Legacy harness failed: Unmatched legacy request: GET /api/bannerlord/content-catalogs ; Unmatched legacy request: GET /api/bannerlord/progression 
 ❯ assertHealthy test/panel-legacy-harness.ts:173:32
    171|   }
    172|   function assertHealthy() {
    173|     if (failures.length) throw new Error(`Legacy harness failed: ${fai…
       |                                ^
    174|   }
    175|   const registerTimer = (handler: TimerHandler, ms: number | undefined…
 ❯ settle test/panel-legacy-harness.ts:287:5
 ❯ bootHero test/panel-legacy-harness.ts:353:7
 ❯ Object.bootCombat test/panel-legacy-harness.ts:358:5
 ❯ combatPair test/panel-combat-support.tsx:34:3
 ❯ test/panel-combat-parity.test.tsx:167:11

⎯⎯⎯⎯⎯⎯⎯⎯⎯⎯⎯⎯⎯⎯⎯⎯⎯⎯⎯⎯⎯[40/525]⎯

 FAIL  test/panel-combat-parity.test.tsx > restored combat initial selected-host request trace matches actual old initialization
 FAIL  test/panel-combat-parity.test.tsx > restored hero initial selected-host request trace matches actual old initialization
 FAIL  test/panel-combat-parity.test.tsx > restored inventory initial selected-host request trace matches actual old initialization
Error: Legacy harness failed: Unmatched legacy request: GET /api/bannerlord/content-catalogs ; Unmatched legacy request: GET /api/bannerlord/progression 
 ❯ assertHealthy test/panel-legacy-harness.ts:173:32
    171|   }
    172|   function assertHealthy() {
    173|     if (failures.length) throw new Error(`Legacy harness failed: ${fai…
       |                                ^
    174|   }
    175|   const registerTimer = (handler: TimerHandler, ms: number | undefined…
 ❯ settle test/panel-legacy-harness.ts:287:5
 ❯ bootHero test/panel-legacy-harness.ts:353:7
 ❯ Object.bootCombat test/panel-legacy-harness.ts:358:5
 ❯ combatPair test/panel-combat-support.tsx:34:3
 ❯ test/panel-combat-parity.test.tsx:170:11

⎯⎯⎯⎯⎯⎯⎯⎯⎯⎯⎯⎯⎯⎯⎯⎯⎯⎯⎯⎯⎯[41/525]⎯

 FAIL  test/panel-core.test.tsx > unchanged legacy build continuation keeps the same pending guard after JWT rotation
Error: Legacy harness failed: Unmatched legacy request: GET /api/bannerlord/content-catalogs ; Unmatched legacy request: GET /api/bannerlord/progression 
 ❯ assertHealthy test/panel-legacy-harness.ts:173:32
    171|   }
    172|   function assertHealthy() {
    173|     if (failures.length) throw new Error(`Legacy harness failed: ${fai…
       |                                ^
    174|   }
    175|   const registerTimer = (handler: TimerHandler, ms: number | undefined…
 ❯ settle test/panel-legacy-harness.ts:287:5
 ❯ Object.bootHero test/panel-legacy-harness.ts:353:7
 ❯ test/panel-core.test.tsx:287:5

⎯⎯⎯⎯⎯⎯⎯⎯⎯⎯⎯⎯⎯⎯⎯⎯⎯⎯⎯⎯⎯[42/525]⎯

 FAIL  test/panel-development-parity.test.tsx > real old rendered progression vs new Preact request parity > attribute Control: exact PascalCase+amount and complete success tail
 FAIL  test/panel-development-parity.test.tsx > real old rendered progression vs new Preact request parity > attribute Cunning: exact PascalCase+amount and complete success tail
 FAIL  test/panel-development-parity.test.tsx > real old rendered progression vs new Preact request parity > attribute Endurance: exact PascalCase+amount and complete success tail
 FAIL  test/panel-development-parity.test.tsx > real old rendered progression vs new Preact request parity > attribute Intelligence: exact PascalCase+amount and complete success tail
 FAIL  test/panel-development-parity.test.tsx > real old rendered progression vs new Preact request parity > attribute Social: exact PascalCase+amount and complete success tail
 FAIL  test/panel-development-parity.test.tsx > real old rendered progression vs new Preact request parity > attribute Vigor: exact PascalCase+amount and complete success tail
Error: Legacy harness failed: Unmatched legacy request: GET /api/bannerlord/content-catalogs ; Unmatched legacy request: GET /api/bannerlord/progression 
 ❯ assertHealthy test/panel-legacy-harness.ts:173:32
    171|   }
    172|   function assertHealthy() {
    173|     if (failures.length) throw new Error(`Legacy harness failed: ${fai…
       |                                ^
    174|   }
    175|   const registerTimer = (handler: TimerHandler, ms: number | undefined…
 ❯ settle test/panel-legacy-harness.ts:287:5
 ❯ Object.bootHero test/panel-legacy-harness.ts:353:7
 ❯ pair test/panel-development-parity.test.tsx:22:3
 ❯ test/panel-development-parity.test.tsx:58:15

⎯⎯⎯⎯⎯⎯⎯⎯⎯⎯⎯⎯⎯⎯⎯⎯⎯⎯⎯⎯⎯[43/525]⎯

 FAIL  test/panel-development-parity.test.tsx > real old rendered progression vs new Preact request parity > focus Engineering: exact key+amount and complete success tail
 FAIL  test/panel-development-parity.test.tsx > real old rendered progression vs new Preact request parity > focus Medicine: exact key+amount and complete success tail
 FAIL  test/panel-development-parity.test.tsx > real old rendered progression vs new Preact request parity > focus Steward: exact key+amount and complete success tail
 FAIL  test/panel-development-parity.test.tsx > real old rendered progression vs new Preact request parity > focus Trade: exact key+amount and complete success tail
 FAIL  test/panel-development-parity.test.tsx > real old rendered progression vs new Preact request parity > focus Leadership: exact key+amount and complete success tail
 FAIL  test/panel-development-parity.test.tsx > real old rendered progression vs new Preact request parity > focus Charm: exact key+amount and complete success tail
 FAIL  test/panel-development-parity.test.tsx > real old rendered progression vs new Preact request parity > focus Roguery: exact key+amount and complete success tail
 FAIL  test/panel-development-parity.test.tsx > real old rendered progression vs new Preact request parity > focus Tactics: exact key+amount and complete success tail
 FAIL  test/panel-development-parity.test.tsx > real old rendered progression vs new Preact request parity > focus Scouting: exact key+amount and complete success tail
 FAIL  test/panel-development-parity.test.tsx > real old rendered progression vs new Preact request parity > focus Crafting: exact key+amount and complete success tail
 FAIL  test/panel-development-parity.test.tsx > real old rendered progression vs new Preact request parity > focus Athletics: exact key+amount and complete success tail
 FAIL  test/panel-development-parity.test.tsx > real old rendered progression vs new Preact request parity > focus Riding: exact key+amount and complete success tail
 FAIL  test/panel-development-parity.test.tsx > real old rendered progression vs new Preact request parity > focus Throwing: exact key+amount and complete success tail
 FAIL  test/panel-development-parity.test.tsx > real old rendered progression vs new Preact request parity > focus Crossbow: exact key+amount and complete success tail
 FAIL  test/panel-development-parity.test.tsx > real old rendered progression vs new Preact request parity > focus Bow: exact key+amount and complete success tail
 FAIL  test/panel-development-parity.test.tsx > real old rendered progression vs new Preact request parity > focus Polearm: exact key+amount and complete success tail
 FAIL  test/panel-development-parity.test.tsx > real old rendered progression vs new Preact request parity > focus TwoHanded: exact key+amount and complete success tail
 FAIL  test/panel-development-parity.test.tsx > real old rendered progression vs new Preact request parity > focus OneHanded: exact key+amount and complete success tail
Error: Legacy harness failed: Unmatched legacy request: GET /api/bannerlord/content-catalogs ; Unmatched legacy request: GET /api/bannerlord/progression 
 ❯ assertHealthy test/panel-legacy-harness.ts:173:32
    171|   }
    172|   function assertHealthy() {
    173|     if (failures.length) throw new Error(`Legacy harness failed: ${fai…
       |                                ^
    174|   }
    175|   const registerTimer = (handler: TimerHandler, ms: number | undefined…
 ❯ settle test/panel-legacy-harness.ts:287:5
 ❯ Object.bootHero test/panel-legacy-harness.ts:353:7
 ❯ pair test/panel-development-parity.test.tsx:22:3
 ❯ test/panel-development-parity.test.tsx:62:15

⎯⎯⎯⎯⎯⎯⎯⎯⎯⎯⎯⎯⎯⎯⎯⎯⎯⎯⎯⎯⎯[44/525]⎯

 FAIL  test/panel-development-parity.test.tsx > actual emitted catalogs vs new Preact request parity > legacy class archer
 FAIL  test/panel-development-parity.test.tsx > actual emitted catalogs vs new Preact request parity > legacy class assassin
 FAIL  test/panel-development-parity.test.tsx > actual emitted catalogs vs new Preact request parity > legacy class berserk
 FAIL  test/panel-development-parity.test.tsx > actual emitted catalogs vs new Preact request parity > legacy class crossbow
 FAIL  test/panel-development-parity.test.tsx > actual emitted catalogs vs new Preact request parity > legacy class horse_archer
 FAIL  test/panel-development-parity.test.tsx > actual emitted catalogs vs new Preact request parity > legacy class knight
 FAIL  test/panel-development-parity.test.tsx > actual emitted catalogs vs new Preact request parity > legacy class tank
Error: Legacy harness failed: Unmatched legacy request: GET /api/bannerlord/content-catalogs ; Unmatched legacy request: GET /api/bannerlord/progression 
 ❯ assertHealthy test/panel-legacy-harness.ts:173:32
    171|   }
    172|   function assertHealthy() {
    173|     if (failures.length) throw new Error(`Legacy harness failed: ${fai…
       |                                ^
    174|   }
    175|   const registerTimer = (handler: TimerHandler, ms: number | undefined…
 ❯ settle test/panel-legacy-harness.ts:287:5
 ❯ Object.bootHero test/panel-legacy-harness.ts:353:7
 ❯ pair test/panel-development-parity.test.tsx:22:3
 ❯ test/panel-development-parity.test.tsx:69:15

⎯⎯⎯⎯⎯⎯⎯⎯⎯⎯⎯⎯⎯⎯⎯⎯⎯⎯⎯⎯⎯[45/525]⎯

 FAIL  test/panel-development-parity.test.tsx > actual emitted catalogs vs new Preact request parity > specialization guardian
 FAIL  test/panel-development-parity.test.tsx > actual emitted catalogs vs new Preact request parity > specialization assault
 FAIL  test/panel-development-parity.test.tsx > actual emitted catalogs vs new Preact request parity > specialization marksman
 FAIL  test/panel-development-parity.test.tsx > actual emitted catalogs vs new Preact request parity > specialization mobility
Error: Legacy harness failed: Unmatched legacy request: GET /api/bannerlord/content-catalogs ; Unmatched legacy request: GET /api/bannerlord/progression 
 ❯ assertHealthy test/panel-legacy-harness.ts:173:32
    171|   }
    172|   function assertHealthy() {
    173|     if (failures.length) throw new Error(`Legacy harness failed: ${fai…
       |                                ^
    174|   }
    175|   const registerTimer = (handler: TimerHandler, ms: number | undefined…
 ❯ settle test/panel-legacy-harness.ts:287:5
 ❯ Object.bootHero test/panel-legacy-harness.ts:353:7
 ❯ pair test/panel-development-parity.test.tsx:22:3
 ❯ test/panel-development-parity.test.tsx:76:15

⎯⎯⎯⎯⎯⎯⎯⎯⎯⎯⎯⎯⎯⎯⎯⎯⎯⎯⎯⎯⎯[46/525]⎯

 FAIL  test/panel-development-parity.test.tsx > actual emitted catalogs vs new Preact request parity > starter infantry
 FAIL  test/panel-development-parity.test.tsx > actual emitted catalogs vs new Preact request parity > starter two_handed
 FAIL  test/panel-development-parity.test.tsx > actual emitted catalogs vs new Preact request parity > starter archer
Error: Legacy harness failed: Unmatched legacy request: GET /api/bannerlord/content-catalogs ; Unmatched legacy request: GET /api/bannerlord/progression 
 ❯ assertHealthy test/panel-legacy-harness.ts:173:32
    171|   }
    172|   function assertHealthy() {
    173|     if (failures.length) throw new Error(`Legacy harness failed: ${fai…
       |                                ^
    174|   }
    175|   const registerTimer = (handler: TimerHandler, ms: number | undefined…
 ❯ settle test/panel-legacy-harness.ts:287:5
 ❯ Object.bootHero test/panel-legacy-harness.ts:353:7
 ❯ pair test/panel-development-parity.test.tsx:22:3
 ❯ test/panel-development-parity.test.tsx:80:15

⎯⎯⎯⎯⎯⎯⎯⎯⎯⎯⎯⎯⎯⎯⎯⎯⎯⎯⎯⎯⎯[47/525]⎯

 FAIL  test/panel-development-parity.test.tsx > same-current catalog selections and unavailable kits produce no mutation
Error: Legacy harness failed: Unmatched legacy request: GET /api/bannerlord/content-catalogs ; Unmatched legacy request: GET /api/bannerlord/progression 
 ❯ assertHealthy test/panel-legacy-harness.ts:173:32
    171|   }
    172|   function assertHealthy() {
    173|     if (failures.length) throw new Error(`Legacy harness failed: ${fai…
       |                                ^
    174|   }
    175|   const registerTimer = (handler: TimerHandler, ms: number | undefined…
 ❯ settle test/panel-legacy-harness.ts:287:5
 ❯ Object.bootHero test/panel-legacy-harness.ts:353:7
 ❯ pair test/panel-development-parity.test.tsx:22:3
 ❯ test/panel-development-parity.test.tsx:86:13

⎯⎯⎯⎯⎯⎯⎯⎯⎯⎯⎯⎯⎯⎯⎯⎯⎯⎯⎯⎯⎯[48/525]⎯

 FAIL  test/panel-development-parity.test.tsx > pending new-build state never exposes selectable legacy controls
 FAIL  test/panel-development-parity.test.tsx > battle new-build state never exposes selectable legacy controls
 FAIL  test/panel-development-parity.test.tsx > syncing new-build state never exposes selectable legacy controls
Error: Legacy harness failed: Unmatched legacy request: GET /api/bannerlord/content-catalogs ; Unmatched legacy request: GET /api/bannerlord/progression 
 ❯ assertHealthy test/panel-legacy-harness.ts:173:32
    171|   }
    172|   function assertHealthy() {
    173|     if (failures.length) throw new Error(`Legacy harness failed: ${fai…
       |                                ^
    174|   }
    175|   const registerTimer = (handler: TimerHandler, ms: number | undefined…
 ❯ settle test/panel-legacy-harness.ts:287:5
 ❯ Object.bootHero test/panel-legacy-harness.ts:353:7
 ❯ pair test/panel-development-parity.test.tsx:22:3
 ❯ test/panel-development-parity.test.tsx:91:13

⎯⎯⎯⎯⎯⎯⎯⎯⎯⎯⎯⎯⎯⎯⎯⎯⎯⎯⎯⎯⎯[49/525]⎯

 FAIL  test/panel-development-parity.test.tsx > preserves money server refusal and exact full request tail
 FAIL  test/panel-development-parity.test.tsx > preserves role server refusal and exact full request tail
 FAIL  test/panel-development-parity.test.tsx > preserves unknown server refusal and exact full request tail
 FAIL  test/panel-development-parity.test.tsx > preserves cooldown server refusal and exact full request tail
Error: Legacy harness failed: Unmatched legacy request: GET /api/bannerlord/content-catalogs ; Unmatched legacy request: GET /api/bannerlord/progression 
 ❯ assertHealthy test/panel-legacy-harness.ts:173:32
    171|   }
    172|   function assertHealthy() {
    173|     if (failures.length) throw new Error(`Legacy harness failed: ${fai…
       |                                ^
    174|   }
    175|   const registerTimer = (handler: TimerHandler, ms: number | undefined…
 ❯ settle test/panel-legacy-harness.ts:287:5
 ❯ Object.bootHero test/panel-legacy-harness.ts:353:7
 ❯ pair test/panel-development-parity.test.tsx:22:3
 ❯ test/panel-development-parity.test.tsx:99:13

⎯⎯⎯⎯⎯⎯⎯⎯⎯⎯⎯⎯⎯⎯⎯⎯⎯⎯⎯⎯⎯[50/525]⎯

 FAIL  test/panel-development-parity.test.tsx > shows changed server prices and legitimate zero without copying economics
Error: Legacy harness failed: Unmatched legacy request: GET /api/bannerlord/content-catalogs ; Unmatched legacy request: GET /api/bannerlord/progression 
 ❯ assertHealthy test/panel-legacy-harness.ts:173:32
    171|   }
    172|   function assertHealthy() {
    173|     if (failures.length) throw new Error(`Legacy harness failed: ${fai…
       |                                ^
    174|   }
    175|   const registerTimer = (handler: TimerHandler, ms: number | undefined…
 ❯ settle test/panel-legacy-harness.ts:287:5
 ❯ Object.bootHero test/panel-legacy-harness.ts:353:7
 ❯ pair test/panel-development-parity.test.tsx:22:3
 ❯ test/panel-development-parity.test.tsx:106:13

⎯⎯⎯⎯⎯⎯⎯⎯⎯⎯⎯⎯⎯⎯⎯⎯⎯⎯⎯⎯⎯[51/525]⎯

 FAIL  test/panel-development-parity.test.tsx > preserves inherited 5/10 cap gating
Error: Legacy harness failed: Unmatched legacy request: GET /api/bannerlord/content-catalogs ; Unmatched legacy request: GET /api/bannerlord/progression 
 ❯ assertHealthy test/panel-legacy-harness.ts:173:32
    171|   }
    172|   function assertHealthy() {
    173|     if (failures.length) throw new Error(`Legacy harness failed: ${fai…
       |                                ^
    174|   }
    175|   const registerTimer = (handler: TimerHandler, ms: number | undefined…
 ❯ settle test/panel-legacy-harness.ts:287:5
 ❯ Object.bootHero test/panel-legacy-harness.ts:353:7
 ❯ pair test/panel-development-parity.test.tsx:22:3
 ❯ test/panel-development-parity.test.tsx:113:13

⎯⎯⎯⎯⎯⎯⎯⎯⎯⎯⎯⎯⎯⎯⎯⎯⎯⎯⎯⎯⎯[52/525]⎯

 FAIL  test/panel-development-parity.test.tsx > manual refresh uses actual old refresh control and entire selected-host reads
Error: Legacy harness failed: Unmatched legacy request: GET /api/bannerlord/content-catalogs ; Unmatched legacy request: GET /api/bannerlord/progression 
 ❯ assertHealthy test/panel-legacy-harness.ts:173:32
    171|   }
    172|   function assertHealthy() {
    173|     if (failures.length) throw new Error(`Legacy harness failed: ${fai…
       |                                ^
    174|   }
    175|   const registerTimer = (handler: TimerHandler, ms: number | undefined…
 ❯ settle test/panel-legacy-harness.ts:287:5
 ❯ Object.bootHero test/panel-legacy-harness.ts:353:7
 ❯ pair test/panel-development-parity.test.tsx:22:3
 ❯ test/panel-development-parity.test.tsx:119:13

⎯⎯⎯⎯⎯⎯⎯⎯⎯⎯⎯⎯⎯⎯⎯⎯⎯⎯⎯⎯⎯[53/525]⎯

 FAIL  test/panel-development-parity.test.tsx > same-frame build-family clicks [data-bnr-build-spec="assault"] then [data-bnr-build-spec="marksman"] preserve the actual old single flight
 FAIL  test/panel-development-parity.test.tsx > same-frame build-family clicks [data-bnr-build-spec="assault"] then [data-bnr-build-starter="infantry"] preserve the actual old single flight
 FAIL  test/panel-development-parity.test.tsx > same-frame build-family clicks [data-bnr-build-starter="infantry"] then [data-bnr-build-spec="assault"] preserve the actual old single flight
Error: Legacy harness failed: Unmatched legacy request: GET /api/bannerlord/content-catalogs ; Unmatched legacy request: GET /api/bannerlord/progression 
 ❯ assertHealthy test/panel-legacy-harness.ts:173:32
    171|   }
    172|   function assertHealthy() {
    173|     if (failures.length) throw new Error(`Legacy harness failed: ${fai…
       |                                ^
    174|   }
    175|   const registerTimer = (handler: TimerHandler, ms: number | undefined…
 ❯ settle test/panel-legacy-harness.ts:287:5
 ❯ Object.bootHero test/panel-legacy-harness.ts:353:7
 ❯ pair test/panel-development-parity.test.tsx:22:3
 ❯ test/panel-development-parity.test.tsx:132:13

⎯⎯⎯⎯⎯⎯⎯⎯⎯⎯⎯⎯⎯⎯⎯⎯⎯⎯⎯⎯⎯[54/525]⎯

 FAIL  test/panel-development-parity.test.tsx > absent hero has no old or new progression controls
 FAIL  test/panel-development-parity.test.tsx > dead hero has no old or new progression controls
Error: Legacy harness failed: Unmatched legacy request: GET /api/bannerlord/content-catalogs ; Unmatched legacy request: GET /api/bannerlord/progression 
 ❯ assertHealthy test/panel-legacy-harness.ts:173:32
    171|   }
    172|   function assertHealthy() {
    173|     if (failures.length) throw new Error(`Legacy harness failed: ${fai…
       |                                ^
    174|   }
    175|   const registerTimer = (handler: TimerHandler, ms: number | undefined…
 ❯ settle test/panel-legacy-harness.ts:287:5
 ❯ Object.bootHero test/panel-legacy-harness.ts:353:7
 ❯ pair test/panel-development-parity.test.tsx:22:3
 ❯ test/panel-development-parity.test.tsx:141:13

⎯⎯⎯⎯⎯⎯⎯⎯⎯⎯⎯⎯⎯⎯⎯⎯⎯⎯⎯⎯⎯[55/525]⎯

 FAIL  test/panel-development-parity.test.tsx > claimed starter preserves the old information-only state
Error: Legacy harness failed: Unmatched legacy request: GET /api/bannerlord/content-catalogs ; Unmatched legacy request: GET /api/bannerlord/progression 
 ❯ assertHealthy test/panel-legacy-harness.ts:173:32
    171|   }
    172|   function assertHealthy() {
    173|     if (failures.length) throw new Error(`Legacy harness failed: ${fai…
       |                                ^
    174|   }
    175|   const registerTimer = (handler: TimerHandler, ms: number | undefined…
 ❯ settle test/panel-legacy-harness.ts:287:5
 ❯ Object.bootHero test/panel-legacy-harness.ts:353:7
 ❯ pair test/panel-development-parity.test.tsx:22:3
 ❯ test/panel-development-parity.test.tsx:146:13

⎯⎯⎯⎯⎯⎯⎯⎯⎯⎯⎯⎯⎯⎯⎯⎯⎯⎯⎯⎯⎯[56/525]⎯

 FAIL  test/panel-development-parity.test.tsx > same-frame duplicate progression clicks have the exact old single POST and immediate reads
Error: Legacy harness failed: Unmatched legacy request: GET /api/bannerlord/content-catalogs ; Unmatched legacy request: GET /api/bannerlord/progression 
 ❯ assertHealthy test/panel-legacy-harness.ts:173:32
    171|   }
    172|   function assertHealthy() {
    173|     if (failures.length) throw new Error(`Legacy harness failed: ${fai…
       |                                ^
    174|   }
    175|   const registerTimer = (handler: TimerHandler, ms: number | undefined…
 ❯ settle test/panel-legacy-harness.ts:287:5
 ❯ Object.bootHero test/panel-legacy-harness.ts:353:7
 ❯ pair test/panel-development-parity.test.tsx:22:3
 ❯ test/panel-development-parity.test.tsx:152:13

⎯⎯⎯⎯⎯⎯⎯⎯⎯⎯⎯⎯⎯⎯⎯⎯⎯⎯⎯⎯⎯[57/525]⎯

 FAIL  test/panel-development-parity.test.tsx > missing config deliberately fails closed instead of buying at inherited legacy fallback prices
Error: Legacy harness failed: Unmatched legacy request: GET /api/bannerlord/content-catalogs ; Unmatched legacy request: GET /api/bannerlord/progression 
 ❯ assertHealthy test/panel-legacy-harness.ts:173:32
    171|   }
    172|   function assertHealthy() {
    173|     if (failures.length) throw new Error(`Legacy harness failed: ${fai…
       |                                ^
    174|   }
    175|   const registerTimer = (handler: TimerHandler, ms: number | undefined…
 ❯ settle test/panel-legacy-harness.ts:287:5
 ❯ Object.bootHero test/panel-legacy-harness.ts:353:7
 ❯ pair test/panel-development-parity.test.tsx:22:3
 ❯ test/panel-development-parity.test.tsx:160:13

⎯⎯⎯⎯⎯⎯⎯⎯⎯⎯⎯⎯⎯⎯⎯⎯⎯⎯⎯⎯⎯[58/525]⎯

 FAIL  test/panel-diplomacy-parity.test.tsx > complete Politics card follows army in actual saved Dynasty with one read per active hero cadence
Error: Legacy harness failed: Unmatched legacy request: GET /api/bannerlord/content-catalogs ; Unmatched legacy request: GET /api/bannerlord/progression ; Unmatched legacy request: GET /api/bannerlord/content-catalogs 
 ❯ assertHealthy test/panel-legacy-harness.ts:173:32
    171|   }
    172|   function assertHealthy() {
    173|     if (failures.length) throw new Error(`Legacy harness failed: ${fai…
       |                                ^
    174|   }
    175|   const registerTimer = (handler: TimerHandler, ms: number | undefined…
 ❯ settle test/panel-legacy-harness.ts:287:5
 ❯ bootHero test/panel-legacy-harness.ts:350:188
 ❯ Object.bootCombat test/panel-legacy-harness.ts:358:5
 ❯ combatPair test/panel-combat-support.tsx:34:3
 ❯ test/panel-diplomacy-parity.test.tsx:6:122

⎯⎯⎯⎯⎯⎯⎯⎯⎯⎯⎯⎯⎯⎯⎯⎯⎯⎯⎯⎯⎯[59/525]⎯

 FAIL  test/panel-diplomacy-parity.test.tsx > policy policy_forgiveness_of_debts exact existing ID/name and complete local/generic tails
 FAIL  test/panel-diplomacy-parity.test.tsx > policy policy_land_grands_for_veteran exact existing ID/name and complete local/generic tails
 FAIL  test/panel-diplomacy-parity.test.tsx > policy policy_precarial_land_tenure exact existing ID/name and complete local/generic tails
 FAIL  test/panel-diplomacy-parity.test.tsx > policy policy_royal_guard exact existing ID/name and complete local/generic tails
 FAIL  test/panel-diplomacy-parity.test.tsx > policy policy_sacred_majesty exact existing ID/name and complete local/generic tails
 FAIL  test/panel-diplomacy-parity.test.tsx > policy policy_trial_by_jury exact existing ID/name and complete local/generic tails
 FAIL  test/panel-diplomacy-parity.test.tsx > policy policy_imperial_towns exact existing ID/name and complete local/generic tails
 FAIL  test/panel-diplomacy-parity.test.tsx > policy policy_noble_retinues exact existing ID/name and complete local/generic tails
 FAIL  test/panel-diplomacy-parity.test.tsx > policy policy_lords_privy_council exact existing ID/name and complete local/generic tails
 FAIL  test/panel-diplomacy-parity.test.tsx > policy policy_council_of_the_commons exact existing ID/name and complete local/generic tails
 FAIL  test/panel-diplomacy-parity.test.tsx > policy policy_serfdom exact existing ID/name and complete local/generic tails
 FAIL  test/panel-diplomacy-parity.test.tsx > policy policy_citizenship exact existing ID/name and complete local/generic tails
Error: Legacy harness failed: Unmatched legacy request: GET /api/bannerlord/content-catalogs ; Unmatched legacy request: GET /api/bannerlord/progression ; Unmatched legacy request: GET /api/bannerlord/content-catalogs 
 ❯ assertHealthy test/panel-legacy-harness.ts:173:32
    171|   }
    172|   function assertHealthy() {
    173|     if (failures.length) throw new Error(`Legacy harness failed: ${fai…
       |                                ^
    174|   }
    175|   const registerTimer = (handler: TimerHandler, ms: number | undefined…
 ❯ settle test/panel-legacy-harness.ts:287:5
 ❯ bootHero test/panel-legacy-harness.ts:350:188
 ❯ Object.bootCombat test/panel-legacy-harness.ts:358:5
 ❯ combatPair test/panel-combat-support.tsx:34:3
 ❯ test/panel-diplomacy-parity.test.tsx:7:121

⎯⎯⎯⎯⎯⎯⎯⎯⎯⎯⎯⎯⎯⎯⎯⎯⎯⎯⎯⎯⎯[60/525]⎯

 FAIL  test/panel-diplomacy-parity.test.tsx > real policy state pending1/enacted0
 FAIL  test/panel-diplomacy-parity.test.tsx > real policy state pending0/enacted1
 FAIL  test/panel-diplomacy-parity.test.tsx > real policy state pending0/enacted0
Error: Legacy harness failed: Unmatched legacy request: GET /api/bannerlord/content-catalogs ; Unmatched legacy request: GET /api/bannerlord/progression ; Unmatched legacy request: GET /api/bannerlord/content-catalogs 
 ❯ assertHealthy test/panel-legacy-harness.ts:173:32
    171|   }
    172|   function assertHealthy() {
    173|     if (failures.length) throw new Error(`Legacy harness failed: ${fai…
       |                                ^
    174|   }
    175|   const registerTimer = (handler: TimerHandler, ms: number | undefined…
 ❯ settle test/panel-legacy-harness.ts:287:5
 ❯ bootHero test/panel-legacy-harness.ts:350:188
 ❯ Object.bootCombat test/panel-legacy-harness.ts:358:5
 ❯ combatPair test/panel-combat-support.tsx:34:3
 ❯ test/panel-diplomacy-parity.test.tsx:8:197

⎯⎯⎯⎯⎯⎯⎯⎯⎯⎯⎯⎯⎯⎯⎯⎯⎯⎯⎯⎯⎯[61/525]⎯

 FAIL  test/panel-diplomacy-parity.test.tsx > direct peace keeps text target twice and parseInt tribute -200
 FAIL  test/panel-diplomacy-parity.test.tsx > direct peace keeps text target twice and parseInt tribute 0
 FAIL  test/panel-diplomacy-parity.test.tsx > direct peace keeps text target twice and parseInt tribute 20000
 FAIL  test/panel-diplomacy-parity.test.tsx > direct peace keeps text target twice and parseInt tribute 100.9
 FAIL  test/panel-diplomacy-parity.test.tsx > direct peace keeps text target twice and parseInt tribute 
Error: Legacy harness failed: Unmatched legacy request: GET /api/bannerlord/content-catalogs ; Unmatched legacy request: GET /api/bannerlord/progression ; Unmatched legacy request: GET /api/bannerlord/content-catalogs 
 ❯ assertHealthy test/panel-legacy-harness.ts:173:32
    171|   }
    172|   function assertHealthy() {
    173|     if (failures.length) throw new Error(`Legacy harness failed: ${fai…
       |                                ^
    174|   }
    175|   const registerTimer = (handler: TimerHandler, ms: number | undefined…
 ❯ settle test/panel-legacy-harness.ts:287:5
 ❯ bootHero test/panel-legacy-harness.ts:350:188
 ❯ Object.bootCombat test/panel-legacy-harness.ts:358:5
 ❯ combatPair test/panel-combat-support.tsx:34:3
 ❯ test/panel-diplomacy-parity.test.tsx:9:146

⎯⎯⎯⎯⎯⎯⎯⎯⎯⎯⎯⎯⎯⎯⎯⎯⎯⎯⎯⎯⎯[62/525]⎯

 FAIL  test/panel-diplomacy-parity.test.tsx > direct peace has no Enter binding, requires two trimmed characters and keeps polling draft
Error: Legacy harness failed: Unmatched legacy request: GET /api/bannerlord/content-catalogs ; Unmatched legacy request: GET /api/bannerlord/progression ; Unmatched legacy request: GET /api/bannerlord/content-catalogs 
 ❯ assertHealthy test/panel-legacy-harness.ts:173:32
    171|   }
    172|   function assertHealthy() {
    173|     if (failures.length) throw new Error(`Legacy harness failed: ${fai…
       |                                ^
    174|   }
    175|   const registerTimer = (handler: TimerHandler, ms: number | undefined…
 ❯ settle test/panel-legacy-harness.ts:287:5
 ❯ bootHero test/panel-legacy-harness.ts:350:188
 ❯ Object.bootCombat test/panel-legacy-harness.ts:358:5
 ❯ combatPair test/panel-combat-support.tsx:34:3
 ❯ test/panel-diplomacy-parity.test.tsx:10:115

⎯⎯⎯⎯⎯⎯⎯⎯⎯⎯⎯⎯⎯⎯⎯⎯⎯⎯⎯⎯⎯[63/525]⎯

 FAIL  test/panel-diplomacy-parity.test.tsx > tax 0 exact data and 1200ms tail with no 3500ms generic hero refresh
 FAIL  test/panel-diplomacy-parity.test.tsx > tax 10 exact data and 1200ms tail with no 3500ms generic hero refresh
 FAIL  test/panel-diplomacy-parity.test.tsx > tax 25 exact data and 1200ms tail with no 3500ms generic hero refresh
 FAIL  test/panel-diplomacy-parity.test.tsx > tax 50 exact data and 1200ms tail with no 3500ms generic hero refresh
Error: Legacy harness failed: Unmatched legacy request: GET /api/bannerlord/content-catalogs ; Unmatched legacy request: GET /api/bannerlord/progression ; Unmatched legacy request: GET /api/bannerlord/content-catalogs 
 ❯ assertHealthy test/panel-legacy-harness.ts:173:32
    171|   }
    172|   function assertHealthy() {
    173|     if (failures.length) throw new Error(`Legacy harness failed: ${fai…
       |                                ^
    174|   }
    175|   const registerTimer = (handler: TimerHandler, ms: number | undefined…
 ❯ settle test/panel-legacy-harness.ts:287:5
 ❯ bootHero test/panel-legacy-harness.ts:350:188
 ❯ Object.bootCombat test/panel-legacy-harness.ts:358:5
 ❯ combatPair test/panel-combat-support.tsx:34:3
 ❯ test/panel-diplomacy-parity.test.tsx:11:128

⎯⎯⎯⎯⎯⎯⎯⎯⎯⎯⎯⎯⎯⎯⎯⎯⎯⎯⎯⎯⎯[64/525]⎯

 FAIL  test/panel-diplomacy-parity.test.tsx > #bnr-war-propose exact proposal without tribute, immediate read and 7s queue feedback
 FAIL  test/panel-diplomacy-parity.test.tsx > #bnr-peace-vote-propose exact proposal without tribute, immediate read and 7s queue feedback
Error: Legacy harness failed: Unmatched legacy request: GET /api/bannerlord/content-catalogs ; Unmatched legacy request: GET /api/bannerlord/progression ; Unmatched legacy request: GET /api/bannerlord/content-catalogs 
 ❯ assertHealthy test/panel-legacy-harness.ts:173:32
    171|   }
    172|   function assertHealthy() {
    173|     if (failures.length) throw new Error(`Legacy harness failed: ${fai…
       |                                ^
    174|   }
    175|   const registerTimer = (handler: TimerHandler, ms: number | undefined…
 ❯ settle test/panel-legacy-harness.ts:287:5
 ❯ bootHero test/panel-legacy-harness.ts:350:188
 ❯ Object.bootCombat test/panel-legacy-harness.ts:358:5
 ❯ combatPair test/panel-combat-support.tsx:34:3
 ❯ test/panel-diplomacy-parity.test.tsx:12:242

⎯⎯⎯⎯⎯⎯⎯⎯⎯⎯⎯⎯⎯⎯⎯⎯⎯⎯⎯⎯⎯[65/525]⎯

 FAIL  test/panel-diplomacy-parity.test.tsx > real refusal [data-policy-id="policy_royal_guard"] preserves exact message and legacy tail
 FAIL  test/panel-diplomacy-parity.test.tsx > real refusal #bnr-peace-confirm preserves exact message and legacy tail
 FAIL  test/panel-diplomacy-parity.test.tsx > real refusal [data-tax-pct="25"] preserves exact message and legacy tail
 FAIL  test/panel-diplomacy-parity.test.tsx > real refusal #bnr-war-propose preserves exact message and legacy tail
Error: Legacy harness failed: Unmatched legacy request: GET /api/bannerlord/content-catalogs ; Unmatched legacy request: GET /api/bannerlord/progression ; Unmatched legacy request: GET /api/bannerlord/content-catalogs 
 ❯ assertHealthy test/panel-legacy-harness.ts:173:32
    171|   }
    172|   function assertHealthy() {
    173|     if (failures.length) throw new Error(`Legacy harness failed: ${fai…
       |                                ^
    174|   }
    175|   const registerTimer = (handler: TimerHandler, ms: number | undefined…
 ❯ settle test/panel-legacy-harness.ts:287:5
 ❯ bootHero test/panel-legacy-harness.ts:350:188
 ❯ Object.bootCombat test/panel-legacy-harness.ts:358:5
 ❯ combatPair test/panel-combat-support.tsx:34:3
 ❯ test/panel-diplomacy-parity.test.tsx:13:340

⎯⎯⎯⎯⎯⎯⎯⎯⎯⎯⎯⎯⎯⎯⎯⎯⎯⎯⎯⎯⎯[66/525]⎯

 FAIL  test/panel-diplomacy-parity.test.tsx > outer collapsed card and inner details preserve telemetry, reads and user state
Error: Legacy harness failed: Unmatched legacy request: GET /api/bannerlord/content-catalogs ; Unmatched legacy request: GET /api/bannerlord/progression ; Unmatched legacy request: GET /api/bannerlord/content-catalogs 
 ❯ assertHealthy test/panel-legacy-harness.ts:173:32
    171|   }
    172|   function assertHealthy() {
    173|     if (failures.length) throw new Error(`Legacy harness failed: ${fai…
       |                                ^
    174|   }
    175|   const registerTimer = (handler: TimerHandler, ms: number | undefined…
 ❯ settle test/panel-legacy-harness.ts:287:5
 ❯ bootHero test/panel-legacy-harness.ts:350:188
 ❯ Object.bootCombat test/panel-legacy-harness.ts:358:5
 ❯ combatPair test/panel-combat-support.tsx:34:3
 ❯ test/panel-diplomacy-parity.test.tsx:14:104

⎯⎯⎯⎯⎯⎯⎯⎯⎯⎯⎯⎯⎯⎯⎯⎯⎯⎯⎯⎯⎯[67/525]⎯

 FAIL  test/panel-diplomacy-parity.test.tsx > no kingdom is informational and genuine nohero clears Politics
Error: Legacy harness failed: Unmatched legacy request: GET /api/bannerlord/content-catalogs ; Unmatched legacy request: GET /api/bannerlord/progression 
 ❯ assertHealthy test/panel-legacy-harness.ts:173:32
    171|   }
    172|   function assertHealthy() {
    173|     if (failures.length) throw new Error(`Legacy harness failed: ${fai…
       |                                ^
    174|   }
    175|   const registerTimer = (handler: TimerHandler, ms: number | undefined…
 ❯ settle test/panel-legacy-harness.ts:287:5
 ❯ bootHero test/panel-legacy-harness.ts:350:188
 ❯ Object.bootCombat test/panel-legacy-harness.ts:358:5
 ❯ combatPair test/panel-combat-support.tsx:34:3
 ❯ test/panel-diplomacy-parity.test.tsx:15:87

⎯⎯⎯⎯⎯⎯⎯⎯⎯⎯⎯⎯⎯⎯⎯⎯⎯⎯⎯⎯⎯[68/525]⎯

 FAIL  test/panel-diplomacy-parity.test.tsx > vassal sees policies/votes but no direct peace or tax
Error: Legacy harness failed: Unmatched legacy request: GET /api/bannerlord/content-catalogs ; Unmatched legacy request: GET /api/bannerlord/progression ; Unmatched legacy request: GET /api/bannerlord/content-catalogs 
 ❯ assertHealthy test/panel-legacy-harness.ts:173:32
    171|   }
    172|   function assertHealthy() {
    173|     if (failures.length) throw new Error(`Legacy harness failed: ${fai…
       |                                ^
    174|   }
    175|   const registerTimer = (handler: TimerHandler, ms: number | undefined…
 ❯ settle test/panel-legacy-harness.ts:287:5
 ❯ bootHero test/panel-legacy-harness.ts:350:188
 ❯ Object.bootCombat test/panel-legacy-harness.ts:358:5
 ❯ combatPair test/panel-combat-support.tsx:34:3
 ❯ test/panel-diplomacy-parity.test.tsx:16:78

⎯⎯⎯⎯⎯⎯⎯⎯⎯⎯⎯⎯⎯⎯⎯⎯⎯⎯⎯⎯⎯[69/525]⎯

 FAIL  test/panel-diplomacy-parity.test.tsx > unknown active law retains server badge without adding selectable invented policy
Error: Legacy harness failed: Unmatched legacy request: GET /api/bannerlord/content-catalogs ; Unmatched legacy request: GET /api/bannerlord/progression ; Unmatched legacy request: GET /api/bannerlord/content-catalogs 
 ❯ assertHealthy test/panel-legacy-harness.ts:173:32
    171|   }
    172|   function assertHealthy() {
    173|     if (failures.length) throw new Error(`Legacy harness failed: ${fai…
       |                                ^
    174|   }
    175|   const registerTimer = (handler: TimerHandler, ms: number | undefined…
 ❯ settle test/panel-legacy-harness.ts:287:5
 ❯ bootHero test/panel-legacy-harness.ts:350:188
 ❯ Object.bootCombat test/panel-legacy-harness.ts:358:5
 ❯ combatPair test/panel-combat-support.tsx:34:3
 ❯ test/panel-diplomacy-parity.test.tsx:17:264

⎯⎯⎯⎯⎯⎯⎯⎯⎯⎯⎯⎯⎯⎯⎯⎯⎯⎯⎯⎯⎯[70/525]⎯

 FAIL  test/panel-diplomacy-quotes.test.tsx > hero.enact_policy unverified undefined quote blocks real old action affordance safely
 FAIL  test/panel-diplomacy-quotes.test.tsx > hero.enact_policy unverified null quote blocks real old action affordance safely
 FAIL  test/panel-diplomacy-quotes.test.tsx > hero.enact_policy unverified 2000 quote blocks real old action affordance safely
 FAIL  test/panel-diplomacy-quotes.test.tsx > hero.enact_policy unverified -1 quote blocks real old action affordance safely
 FAIL  test/panel-diplomacy-quotes.test.tsx > hero.make_peace unverified undefined quote blocks real old action affordance safely
 FAIL  test/panel-diplomacy-quotes.test.tsx > hero.make_peace unverified null quote blocks real old action affordance safely
 FAIL  test/panel-diplomacy-quotes.test.tsx > hero.make_peace unverified 2000 quote blocks real old action affordance safely
 FAIL  test/panel-diplomacy-quotes.test.tsx > hero.make_peace unverified -1 quote blocks real old action affordance safely
 FAIL  test/panel-diplomacy-quotes.test.tsx > kingdom.propose_war unverified undefined quote blocks real old action affordance safely
 FAIL  test/panel-diplomacy-quotes.test.tsx > kingdom.propose_war unverified null quote blocks real old action affordance safely
 FAIL  test/panel-diplomacy-quotes.test.tsx > kingdom.propose_war unverified 2000 quote blocks real old action affordance safely
 FAIL  test/panel-diplomacy-quotes.test.tsx > kingdom.propose_war unverified -1 quote blocks real old action affordance safely
 FAIL  test/panel-diplomacy-quotes.test.tsx > kingdom.propose_peace unverified undefined quote blocks real old action affordance safely
 FAIL  test/panel-diplomacy-quotes.test.tsx > kingdom.propose_peace unverified null quote blocks real old action affordance safely
 FAIL  test/panel-diplomacy-quotes.test.tsx > kingdom.propose_peace unverified 2000 quote blocks real old action affordance safely
 FAIL  test/panel-diplomacy-quotes.test.tsx > kingdom.propose_peace unverified -1 quote blocks real old action affordance safely
Error: Legacy harness failed: Unmatched legacy request: GET /api/bannerlord/content-catalogs ; Unmatched legacy request: GET /api/bannerlord/progression ; Unmatched legacy request: GET /api/bannerlord/content-catalogs 
 ❯ assertHealthy test/panel-legacy-harness.ts:173:32
    171|   }
    172|   function assertHealthy() {
    173|     if (failures.length) throw new Error(`Legacy harness failed: ${fai…
       |                                ^
    174|   }
    175|   const registerTimer = (handler: TimerHandler, ms: number | undefined…
 ❯ settle test/panel-legacy-harness.ts:287:5
 ❯ bootHero test/panel-legacy-harness.ts:350:188
 ❯ Object.bootCombat test/panel-legacy-harness.ts:358:5
 ❯ combatPair test/panel-combat-support.tsx:34:3
 ❯ test/panel-diplomacy-quotes.test.tsx:6:183

⎯⎯⎯⎯⎯⎯⎯⎯⎯⎯⎯⎯⎯⎯⎯⎯⎯⎯⎯⎯⎯[71/525]⎯

 FAIL  test/panel-diplomacy-quotes.test.tsx > hero.enact_policy actual numeric zero quote remains actionable without extra price payload
 FAIL  test/panel-diplomacy-quotes.test.tsx > hero.make_peace actual numeric zero quote remains actionable without extra price payload
 FAIL  test/panel-diplomacy-quotes.test.tsx > kingdom.propose_war actual numeric zero quote remains actionable without extra price payload
 FAIL  test/panel-diplomacy-quotes.test.tsx > kingdom.propose_peace actual numeric zero quote remains actionable without extra price payload
Error: Legacy harness failed: Unmatched legacy request: GET /api/bannerlord/content-catalogs ; Unmatched legacy request: GET /api/bannerlord/progression ; Unmatched legacy request: GET /api/bannerlord/content-catalogs 
 ❯ assertHealthy test/panel-legacy-harness.ts:173:32
    171|   }
    172|   function assertHealthy() {
    173|     if (failures.length) throw new Error(`Legacy harness failed: ${fai…
       |                                ^
    174|   }
    175|   const registerTimer = (handler: TimerHandler, ms: number | undefined…
 ❯ settle test/panel-legacy-harness.ts:287:5
 ❯ bootHero test/panel-legacy-harness.ts:350:188
 ❯ Object.bootCombat test/panel-legacy-harness.ts:358:5
 ❯ combatPair test/panel-combat-support.tsx:34:3
 ❯ test/panel-diplomacy-quotes.test.tsx:7:143

⎯⎯⎯⎯⎯⎯⎯⎯⎯⎯⎯⎯⎯⎯⎯⎯⎯⎯⎯⎯⎯[72/525]⎯

 FAIL  test/panel-diplomacy-quotes.test.tsx > politics quote retry preserves direct-peace target/tribute and restores button
Error: Legacy harness failed: Unmatched legacy request: GET /api/bannerlord/content-catalogs ; Unmatched legacy request: GET /api/bannerlord/progression ; Unmatched legacy request: GET /api/bannerlord/content-catalogs 
 ❯ assertHealthy test/panel-legacy-harness.ts:173:32
    171|   }
    172|   function assertHealthy() {
    173|     if (failures.length) throw new Error(`Legacy harness failed: ${fai…
       |                                ^
    174|   }
    175|   const registerTimer = (handler: TimerHandler, ms: number | undefined…
 ❯ settle test/panel-legacy-harness.ts:287:5
 ❯ bootHero test/panel-legacy-harness.ts:350:188
 ❯ Object.bootCombat test/panel-legacy-harness.ts:358:5
 ❯ combatPair test/panel-combat-support.tsx:34:3
 ❯ test/panel-diplomacy-quotes.test.tsx:8:103

⎯⎯⎯⎯⎯⎯⎯⎯⎯⎯⎯⎯⎯⎯⎯⎯⎯⎯⎯⎯⎯[73/525]⎯

 FAIL  test/panel-diplomacy-safety.test.tsx > old actual reverse completion rolls tax backward, new state stays latest applied
Error: Legacy harness failed: Unmatched legacy request: GET /api/bannerlord/content-catalogs ; Unmatched legacy request: GET /api/bannerlord/progression ; Unmatched legacy request: GET /api/bannerlord/content-catalogs 
 ❯ assertHealthy test/panel-legacy-harness.ts:173:32
    171|   }
    172|   function assertHealthy() {
    173|     if (failures.length) throw new Error(`Legacy harness failed: ${fai…
       |                                ^
    174|   }
    175|   const registerTimer = (handler: TimerHandler, ms: number | undefined…
 ❯ settle test/panel-legacy-harness.ts:287:5
 ❯ bootHero test/panel-legacy-harness.ts:350:188
 ❯ Object.bootCombat test/panel-legacy-harness.ts:358:5
 ❯ combatPair test/panel-combat-support.tsx:34:3
 ❯ test/panel-diplomacy-safety.test.tsx:10:105

⎯⎯⎯⎯⎯⎯⎯⎯⎯⎯⎯⎯⎯⎯⎯⎯⎯⎯⎯⎯⎯[74/525]⎯

 FAIL  test/panel-diplomacy-safety.test.tsx > slow steady reads make progress before newest outstanding read resolves
Error: Legacy harness failed: Unmatched legacy request: GET /api/bannerlord/content-catalogs ; Unmatched legacy request: GET /api/bannerlord/progression ; Unmatched legacy request: GET /api/bannerlord/content-catalogs 
 ❯ assertHealthy test/panel-legacy-harness.ts:173:32
    171|   }
    172|   function assertHealthy() {
    173|     if (failures.length) throw new Error(`Legacy harness failed: ${fai…
       |                                ^
    174|   }
    175|   const registerTimer = (handler: TimerHandler, ms: number | undefined…
 ❯ settle test/panel-legacy-harness.ts:287:5
 ❯ bootHero test/panel-legacy-harness.ts:350:188
 ❯ Object.bootCombat test/panel-legacy-harness.ts:358:5
 ❯ combatPair test/panel-combat-support.tsx:34:3
 ❯ test/panel-diplomacy-safety.test.tsx:11:96

⎯⎯⎯⎯⎯⎯⎯⎯⎯⎯⎯⎯⎯⎯⎯⎯⎯⎯⎯⎯⎯[75/525]⎯

 FAIL  test/panel-diplomacy-safety.test.tsx > old pending reader repaints after stop while new stopped host stays empty
Error: Legacy harness failed: Unmatched legacy request: GET /api/bannerlord/content-catalogs ; Unmatched legacy request: GET /api/bannerlord/progression ; Unmatched legacy request: GET /api/bannerlord/content-catalogs 
 ❯ assertHealthy test/panel-legacy-harness.ts:173:32
    171|   }
    172|   function assertHealthy() {
    173|     if (failures.length) throw new Error(`Legacy harness failed: ${fai…
       |                                ^
    174|   }
    175|   const registerTimer = (handler: TimerHandler, ms: number | undefined…
 ❯ settle test/panel-legacy-harness.ts:287:5
 ❯ bootHero test/panel-legacy-harness.ts:350:188
 ❯ Object.bootCombat test/panel-legacy-harness.ts:358:5
 ❯ combatPair test/panel-combat-support.tsx:34:3
 ❯ test/panel-diplomacy-safety.test.tsx:12:98

⎯⎯⎯⎯⎯⎯⎯⎯⎯⎯⎯⎯⎯⎯⎯⎯⎯⎯⎯⎯⎯[76/525]⎯

 FAIL  test/panel-diplomacy-safety.test.tsx > old [data-policy-id="policy_royal_guard"] local tail uses new JWT after stop, new timer is owned
 FAIL  test/panel-diplomacy-safety.test.tsx > old #bnr-peace-confirm local tail uses new JWT after stop, new timer is owned
 FAIL  test/panel-diplomacy-safety.test.tsx > old [data-tax-pct="25"] local tail uses new JWT after stop, new timer is owned
Error: Legacy harness failed: Unmatched legacy request: GET /api/bannerlord/content-catalogs ; Unmatched legacy request: GET /api/bannerlord/progression ; Unmatched legacy request: GET /api/bannerlord/content-catalogs 
 ❯ assertHealthy test/panel-legacy-harness.ts:173:32
    171|   }
    172|   function assertHealthy() {
    173|     if (failures.length) throw new Error(`Legacy harness failed: ${fai…
       |                                ^
    174|   }
    175|   const registerTimer = (handler: TimerHandler, ms: number | undefined…
 ❯ settle test/panel-legacy-harness.ts:287:5
 ❯ bootHero test/panel-legacy-harness.ts:350:188
 ❯ Object.bootCombat test/panel-legacy-harness.ts:358:5
 ❯ combatPair test/panel-combat-support.tsx:34:3
 ❯ test/panel-diplomacy-safety.test.tsx:13:229

⎯⎯⎯⎯⎯⎯⎯⎯⎯⎯⎯⎯⎯⎯⎯⎯⎯⎯⎯⎯⎯[77/525]⎯

 FAIL  test/panel-diplomacy-safety.test.tsx > actual legacy open peace survives accepted role and nested ID change, new draft is invalidated
Error: Legacy harness failed: Unmatched legacy request: GET /api/bannerlord/content-catalogs ; Unmatched legacy request: GET /api/bannerlord/progression ; Unmatched legacy request: GET /api/bannerlord/content-catalogs 
 ❯ assertHealthy test/panel-legacy-harness.ts:173:32
    171|   }
    172|   function assertHealthy() {
    173|     if (failures.length) throw new Error(`Legacy harness failed: ${fai…
       |                                ^
    174|   }
    175|   const registerTimer = (handler: TimerHandler, ms: number | undefined…
 ❯ settle test/panel-legacy-harness.ts:287:5
 ❯ bootHero test/panel-legacy-harness.ts:350:188
 ❯ Object.bootCombat test/panel-legacy-harness.ts:358:5
 ❯ combatPair test/panel-combat-support.tsx:34:3
 ❯ test/panel-diplomacy-safety.test.tsx:14:119

⎯⎯⎯⎯⎯⎯⎯⎯⎯⎯⎯⎯⎯⎯⎯⎯⎯⎯⎯⎯⎯[78/525]⎯

 FAIL  test/panel-diplomacy-safety.test.tsx > direct peace old saved click cannot cross identity
 FAIL  test/panel-diplomacy-safety.test.tsx > direct peace old saved click cannot cross channel
 FAIL  test/panel-diplomacy-safety.test.tsx > direct peace old saved click cannot cross hero
 FAIL  test/panel-diplomacy-safety.test.tsx > direct peace old saved click cannot cross role
 FAIL  test/panel-diplomacy-safety.test.tsx > direct peace old saved click cannot cross kingdom
 FAIL  test/panel-diplomacy-safety.test.tsx > direct peace old saved click cannot cross navigation
 FAIL  test/panel-diplomacy-safety.test.tsx > direct peace old saved click cannot cross stop
Error: Legacy harness failed: Unmatched legacy request: GET /api/bannerlord/content-catalogs ; Unmatched legacy request: GET /api/bannerlord/progression ; Unmatched legacy request: GET /api/bannerlord/content-catalogs 
 ❯ assertHealthy test/panel-legacy-harness.ts:173:32
    171|   }
    172|   function assertHealthy() {
    173|     if (failures.length) throw new Error(`Legacy harness failed: ${fai…
       |                                ^
    174|   }
    175|   const registerTimer = (handler: TimerHandler, ms: number | undefined…
 ❯ settle test/panel-legacy-harness.ts:287:5
 ❯ bootHero test/panel-legacy-harness.ts:350:188
 ❯ Object.bootCombat test/panel-legacy-harness.ts:358:5
 ❯ combatPair test/panel-combat-support.tsx:34:3
 ❯ test/panel-diplomacy-safety.test.tsx:15:163

⎯⎯⎯⎯⎯⎯⎯⎯⎯⎯⎯⎯⎯⎯⎯⎯⎯⎯⎯⎯⎯[79/525]⎯

 FAIL  test/panel-diplomacy-safety.test.tsx > same-viewer idle token refresh preserves peace editor and current-token submit
Error: Legacy harness failed: Unmatched legacy request: GET /api/bannerlord/content-catalogs ; Unmatched legacy request: GET /api/bannerlord/progression ; Unmatched legacy request: GET /api/bannerlord/content-catalogs 
 ❯ assertHealthy test/panel-legacy-harness.ts:173:32
    171|   }
    172|   function assertHealthy() {
    173|     if (failures.length) throw new Error(`Legacy harness failed: ${fai…
       |                                ^
    174|   }
    175|   const registerTimer = (handler: TimerHandler, ms: number | undefined…
 ❯ settle test/panel-legacy-harness.ts:287:5
 ❯ bootHero test/panel-legacy-harness.ts:350:188
 ❯ Object.bootCombat test/panel-legacy-harness.ts:358:5
 ❯ combatPair test/panel-combat-support.tsx:34:3
 ❯ test/panel-diplomacy-safety.test.tsx:16:103

⎯⎯⎯⎯⎯⎯⎯⎯⎯⎯⎯⎯⎯⎯⎯⎯⎯⎯⎯⎯⎯[80/525]⎯

 FAIL  test/panel-diplomacy-safety.test.tsx > pending local tail cannot migrate to refreshed JWT
 FAIL  test/panel-diplomacy-safety.test.tsx > scheduled local tail cannot migrate to refreshed JWT
Error: Legacy harness failed: Unmatched legacy request: GET /api/bannerlord/content-catalogs ; Unmatched legacy request: GET /api/bannerlord/progression ; Unmatched legacy request: GET /api/bannerlord/content-catalogs 
 ❯ assertHealthy test/panel-legacy-harness.ts:173:32
    171|   }
    172|   function assertHealthy() {
    173|     if (failures.length) throw new Error(`Legacy harness failed: ${fai…
       |                                ^
    174|   }
    175|   const registerTimer = (handler: TimerHandler, ms: number | undefined…
 ❯ settle test/panel-legacy-harness.ts:287:5
 ❯ bootHero test/panel-legacy-harness.ts:350:188
 ❯ Object.bootCombat test/panel-legacy-harness.ts:358:5
 ❯ combatPair test/panel-combat-support.tsx:34:3
 ❯ test/panel-diplomacy-safety.test.tsx:17:117

⎯⎯⎯⎯⎯⎯⎯⎯⎯⎯⎯⎯⎯⎯⎯⎯⎯⎯⎯⎯⎯[81/525]⎯

 FAIL  test/panel-diplomacy-safety.test.tsx > accepted mutation prevents pre-action state from resurrecting old tax
Error: Legacy harness failed: Unmatched legacy request: GET /api/bannerlord/content-catalogs ; Unmatched legacy request: GET /api/bannerlord/progression ; Unmatched legacy request: GET /api/bannerlord/content-catalogs 
 ❯ assertHealthy test/panel-legacy-harness.ts:173:32
    171|   }
    172|   function assertHealthy() {
    173|     if (failures.length) throw new Error(`Legacy harness failed: ${fai…
       |                                ^
    174|   }
    175|   const registerTimer = (handler: TimerHandler, ms: number | undefined…
 ❯ settle test/panel-legacy-harness.ts:287:5
 ❯ bootHero test/panel-legacy-harness.ts:350:188
 ❯ Object.bootCombat test/panel-legacy-harness.ts:358:5
 ❯ combatPair test/panel-combat-support.tsx:34:3
 ❯ test/panel-diplomacy-safety.test.tsx:18:94

⎯⎯⎯⎯⎯⎯⎯⎯⎯⎯⎯⎯⎯⎯⎯⎯⎯⎯⎯⎯⎯[82/525]⎯

 FAIL  test/panel-diplomacy-safety.test.tsx > read refusal keeps last good diplomacy: auth required
 FAIL  test/panel-diplomacy-safety.test.tsx > read refusal keeps last good diplomacy: Fixture temporarily unavailable
Error: Legacy harness failed: Unmatched legacy request: GET /api/bannerlord/content-catalogs ; Unmatched legacy request: GET /api/bannerlord/progression ; Unmatched legacy request: GET /api/bannerlord/content-catalogs 
 ❯ assertHealthy test/panel-legacy-harness.ts:173:32
    171|   }
    172|   function assertHealthy() {
    173|     if (failures.length) throw new Error(`Legacy harness failed: ${fai…
       |                                ^
    174|   }
    175|   const registerTimer = (handler: TimerHandler, ms: number | undefined…
 ❯ settle test/panel-legacy-harness.ts:287:5
 ❯ bootHero test/panel-legacy-harness.ts:350:188
 ❯ Object.bootCombat test/panel-legacy-harness.ts:358:5
 ❯ combatPair test/panel-combat-support.tsx:34:3
 ❯ test/panel-diplomacy-safety.test.tsx:19:183

⎯⎯⎯⎯⎯⎯⎯⎯⎯⎯⎯⎯⎯⎯⎯⎯⎯⎯⎯⎯⎯[83/525]⎯

 FAIL  test/panel-diplomacy-safety.test.tsx > read network failure preserves current snapshot; subsequent good read recovers
Error: Legacy harness failed: Unmatched legacy request: GET /api/bannerlord/content-catalogs ; Unmatched legacy request: GET /api/bannerlord/progression ; Unmatched legacy request: GET /api/bannerlord/content-catalogs 
 ❯ assertHealthy test/panel-legacy-harness.ts:173:32
    171|   }
    172|   function assertHealthy() {
    173|     if (failures.length) throw new Error(`Legacy harness failed: ${fai…
       |                                ^
    174|   }
    175|   const registerTimer = (handler: TimerHandler, ms: number | undefined…
 ❯ settle test/panel-legacy-harness.ts:287:5
 ❯ bootHero test/panel-legacy-harness.ts:350:188
 ❯ Object.bootCombat test/panel-legacy-harness.ts:358:5
 ❯ combatPair test/panel-combat-support.tsx:34:3
 ❯ test/panel-diplomacy-safety.test.tsx:20:103

⎯⎯⎯⎯⎯⎯⎯⎯⎯⎯⎯⎯⎯⎯⎯⎯⎯⎯⎯⎯⎯[84/525]⎯

 FAIL  test/panel-diplomacy-safety.test.tsx > read of old token cannot replace newly resolved same-viewer state
Error: Legacy harness failed: Unmatched legacy request: GET /api/bannerlord/content-catalogs ; Unmatched legacy request: GET /api/bannerlord/progression ; Unmatched legacy request: GET /api/bannerlord/content-catalogs 
 ❯ assertHealthy test/panel-legacy-harness.ts:173:32
    171|   }
    172|   function assertHealthy() {
    173|     if (failures.length) throw new Error(`Legacy harness failed: ${fai…
       |                                ^
    174|   }
    175|   const registerTimer = (handler: TimerHandler, ms: number | undefined…
 ❯ settle test/panel-legacy-harness.ts:287:5
 ❯ bootHero test/panel-legacy-harness.ts:350:188
 ❯ Object.bootCombat test/panel-legacy-harness.ts:358:5
 ❯ combatPair test/panel-combat-support.tsx:34:3
 ❯ test/panel-diplomacy-safety.test.tsx:21:90

⎯⎯⎯⎯⎯⎯⎯⎯⎯⎯⎯⎯⎯⎯⎯⎯⎯⎯⎯⎯⎯[85/525]⎯

 FAIL  test/panel-diplomacy-safety.test.tsx > dynamic target list keeps server order/name fallback null
 FAIL  test/panel-diplomacy-safety.test.tsx > dynamic target list keeps server order/name fallback []
 FAIL  test/panel-diplomacy-safety.test.tsx > dynamic target list keeps server order/name fallback [{"id":"fixture_a","at_war":false},{"id":"fixture_b","name":"Fixture B","at_war":false}]
 FAIL  test/panel-diplomacy-safety.test.tsx > dynamic target list keeps server order/name fallback [{"id":"fixture_a","name":"Fixture A","at_war":true}]
 FAIL  test/panel-diplomacy-safety.test.tsx > dynamic target list keeps server order/name fallback [null,{"id":"fixture_b","name":"Fixture B","at_war":false},{"id":"fixture_a","at_war":false}]
Error: Legacy harness failed: Unmatched legacy request: GET /api/bannerlord/content-catalogs ; Unmatched legacy request: GET /api/bannerlord/progression ; Unmatched legacy request: GET /api/bannerlord/content-catalogs 
 ❯ assertHealthy test/panel-legacy-harness.ts:173:32
    171|   }
    172|   function assertHealthy() {
    173|     if (failures.length) throw new Error(`Legacy harness failed: ${fai…
       |                                ^
    174|   }
    175|   const registerTimer = (handler: TimerHandler, ms: number | undefined…
 ❯ settle test/panel-legacy-harness.ts:287:5
 ❯ bootHero test/panel-legacy-harness.ts:350:188
 ❯ Object.bootCombat test/panel-legacy-harness.ts:358:5
 ❯ combatPair test/panel-combat-support.tsx:34:3
 ❯ test/panel-diplomacy-safety.test.tsx:22:340

⎯⎯⎯⎯⎯⎯⎯⎯⎯⎯⎯⎯⎯⎯⎯⎯⎯⎯⎯⎯⎯[86/525]⎯

 FAIL  test/panel-diplomacy-safety.test.tsx > hidden or unselected Dynasty performs no background kingdom-state reads
Error: Legacy harness failed: Unmatched legacy request: GET /api/bannerlord/content-catalogs ; Unmatched legacy request: GET /api/bannerlord/progression 
 ❯ assertHealthy test/panel-legacy-harness.ts:173:32
    171|   }
    172|   function assertHealthy() {
    173|     if (failures.length) throw new Error(`Legacy harness failed: ${fai…
       |                                ^
    174|   }
    175|   const registerTimer = (handler: TimerHandler, ms: number | undefined…
 ❯ settle test/panel-legacy-harness.ts:287:5
 ❯ bootHero test/panel-legacy-harness.ts:350:188
 ❯ Object.bootCombat test/panel-legacy-harness.ts:358:5
 ❯ combatPair test/panel-combat-support.tsx:34:3
 ❯ test/panel-diplomacy-safety.test.tsx:23:96

⎯⎯⎯⎯⎯⎯⎯⎯⎯⎯⎯⎯⎯⎯⎯⎯⎯⎯⎯⎯⎯[87/525]⎯

 FAIL  test/panel-diplomacy-safety.test.tsx > proposal cooldown duration undefined comes from server and restores actual priced label
 FAIL  test/panel-diplomacy-safety.test.tsx > proposal cooldown duration 0 comes from server and restores actual priced label
 FAIL  test/panel-diplomacy-safety.test.tsx > proposal cooldown duration 0.5 comes from server and restores actual priced label
 FAIL  test/panel-diplomacy-safety.test.tsx > proposal cooldown duration 2.2 comes from server and restores actual priced label
 FAIL  test/panel-diplomacy-safety.test.tsx > proposal cooldown duration 61 comes from server and restores actual priced label
Error: Legacy harness failed: Unmatched legacy request: GET /api/bannerlord/content-catalogs ; Unmatched legacy request: GET /api/bannerlord/progression ; Unmatched legacy request: GET /api/bannerlord/content-catalogs 
 ❯ assertHealthy test/panel-legacy-harness.ts:173:32
    171|   }
    172|   function assertHealthy() {
    173|     if (failures.length) throw new Error(`Legacy harness failed: ${fai…
       |                                ^
    174|   }
    175|   const registerTimer = (handler: TimerHandler, ms: number | undefined…
 ❯ settle test/panel-legacy-harness.ts:287:5
 ❯ bootHero test/panel-legacy-harness.ts:350:188
 ❯ Object.bootCombat test/panel-legacy-harness.ts:358:5
 ❯ combatPair test/panel-combat-support.tsx:34:3
 ❯ test/panel-diplomacy-safety.test.tsx:24:159

⎯⎯⎯⎯⎯⎯⎯⎯⎯⎯⎯⎯⎯⎯⎯⎯⎯⎯⎯⎯⎯[88/525]⎯

 FAIL  test/panel-diplomacy-safety.test.tsx > ordinary proposal refusal without cooldown does not invent one
Error: Legacy harness failed: Unmatched legacy request: GET /api/bannerlord/content-catalogs ; Unmatched legacy request: GET /api/bannerlord/progression ; Unmatched legacy request: GET /api/bannerlord/content-catalogs 
 ❯ assertHealthy test/panel-legacy-harness.ts:173:32
    171|   }
    172|   function assertHealthy() {
    173|     if (failures.length) throw new Error(`Legacy harness failed: ${fai…
       |                                ^
    174|   }
    175|   const registerTimer = (handler: TimerHandler, ms: number | undefined…
 ❯ settle test/panel-legacy-harness.ts:287:5
 ❯ bootHero test/panel-legacy-harness.ts:350:188
 ❯ Object.bootCombat test/panel-legacy-harness.ts:358:5
 ❯ combatPair test/panel-combat-support.tsx:34:3
 ❯ test/panel-diplomacy-safety.test.tsx:25:87

⎯⎯⎯⎯⎯⎯⎯⎯⎯⎯⎯⎯⎯⎯⎯⎯⎯⎯⎯⎯⎯[89/525]⎯

 FAIL  test/panel-diplomacy-safety.test.tsx > old buff response cannot erase accepted proposal cooldown, fresh allowed clear restores price
Error: Legacy harness failed: Unmatched legacy request: GET /api/bannerlord/content-catalogs ; Unmatched legacy request: GET /api/bannerlord/progression ; Unmatched legacy request: GET /api/bannerlord/content-catalogs 
 ❯ assertHealthy test/panel-legacy-harness.ts:173:32
    171|   }
    172|   function assertHealthy() {
    173|     if (failures.length) throw new Error(`Legacy harness failed: ${fai…
       |                                ^
    174|   }
    175|   const registerTimer = (handler: TimerHandler, ms: number | undefined…
 ❯ settle test/panel-legacy-harness.ts:287:5
 ❯ bootHero test/panel-legacy-harness.ts:350:188
 ❯ Object.bootCombat test/panel-legacy-harness.ts:358:5
 ❯ combatPair test/panel-combat-support.tsx:34:3
 ❯ test/panel-diplomacy-safety.test.tsx:26:118

⎯⎯⎯⎯⎯⎯⎯⎯⎯⎯⎯⎯⎯⎯⎯⎯⎯⎯⎯⎯⎯[90/525]⎯

 FAIL  test/panel-diplomacy-safety.test.tsx > same-frame duplicate target sends one POST and retains complete tails
Error: Legacy harness failed: Unmatched legacy request: GET /api/bannerlord/content-catalogs ; Unmatched legacy request: GET /api/bannerlord/progression ; Unmatched legacy request: GET /api/bannerlord/content-catalogs 
 ❯ assertHealthy test/panel-legacy-harness.ts:173:32
    171|   }
    172|   function assertHealthy() {
    173|     if (failures.length) throw new Error(`Legacy harness failed: ${fai…
       |                                ^
    174|   }
    175|   const registerTimer = (handler: TimerHandler, ms: number | undefined…
 ❯ settle test/panel-legacy-harness.ts:287:5
 ❯ bootHero test/panel-legacy-harness.ts:350:188
 ❯ Object.bootCombat test/panel-legacy-harness.ts:358:5
 ❯ combatPair test/panel-combat-support.tsx:34:3
 ❯ test/panel-diplomacy-safety.test.tsx:27:94

⎯⎯⎯⎯⎯⎯⎯⎯⎯⎯⎯⎯⎯⎯⎯⎯⎯⎯⎯⎯⎯[91/525]⎯

 FAIL  test/panel-diplomacy-safety.test.tsx > unknown-outcome blocks policy, tax, direct peace and both proposals
Error: Legacy harness failed: Unmatched legacy request: GET /api/bannerlord/content-catalogs ; Unmatched legacy request: GET /api/bannerlord/progression ; Unmatched legacy request: GET /api/bannerlord/content-catalogs 
 ❯ assertHealthy test/panel-legacy-harness.ts:173:32
    171|   }
    172|   function assertHealthy() {
    173|     if (failures.length) throw new Error(`Legacy harness failed: ${fai…
       |                                ^
    174|   }
    175|   const registerTimer = (handler: TimerHandler, ms: number | undefined…
 ❯ settle test/panel-legacy-harness.ts:287:5
 ❯ bootHero test/panel-legacy-harness.ts:350:188
 ❯ Object.bootCombat test/panel-legacy-harness.ts:358:5
 ❯ combatPair test/panel-combat-support.tsx:34:3
 ❯ test/panel-diplomacy-safety.test.tsx:28:92

⎯⎯⎯⎯⎯⎯⎯⎯⎯⎯⎯⎯⎯⎯⎯⎯⎯⎯⎯⎯⎯[92/525]⎯

 FAIL  test/panel-diplomacy-safety.test.tsx > later identical successful proposal keeps its own full seven-second feedback window
Error: Legacy harness failed: Unmatched legacy request: GET /api/bannerlord/content-catalogs ; Unmatched legacy request: GET /api/bannerlord/progression ; Unmatched legacy request: GET /api/bannerlord/content-catalogs 
 ❯ assertHealthy test/panel-legacy-harness.ts:173:32
    171|   }
    172|   function assertHealthy() {
    173|     if (failures.length) throw new Error(`Legacy harness failed: ${fai…
       |                                ^
    174|   }
    175|   const registerTimer = (handler: TimerHandler, ms: number | undefined…
 ❯ settle test/panel-legacy-harness.ts:287:5
 ❯ bootHero test/panel-legacy-harness.ts:350:188
 ❯ Object.bootCombat test/panel-legacy-harness.ts:358:5
 ❯ combatPair test/panel-combat-support.tsx:34:3
 ❯ test/panel-diplomacy-safety.test.tsx:29:108

⎯⎯⎯⎯⎯⎯⎯⎯⎯⎯⎯⎯⎯⎯⎯⎯⎯⎯⎯⎯⎯[93/525]⎯

 FAIL  test/panel-diplomacy-safety.test.tsx > pending tax POST cannot schedule work after stop and host rebind
 FAIL  test/panel-diplomacy-safety.test.tsx > pending war POST cannot schedule work after stop and host rebind
 FAIL  test/panel-diplomacy-safety.test.tsx > pending policy POST cannot schedule work after stop and host rebind
Error: Legacy harness failed: Unmatched legacy request: GET /api/bannerlord/content-catalogs ; Unmatched legacy request: GET /api/bannerlord/progression ; Unmatched legacy request: GET /api/bannerlord/content-catalogs 
 ❯ assertHealthy test/panel-legacy-harness.ts:173:32
    171|   }
    172|   function assertHealthy() {
    173|     if (failures.length) throw new Error(`Legacy harness failed: ${fai…
       |                                ^
    174|   }
    175|   const registerTimer = (handler: TimerHandler, ms: number | undefined…
 ❯ settle test/panel-legacy-harness.ts:287:5
 ❯ bootHero test/panel-legacy-harness.ts:350:188
 ❯ Object.bootCombat test/panel-legacy-harness.ts:358:5
 ❯ combatPair test/panel-combat-support.tsx:34:3
 ❯ test/panel-diplomacy-safety.test.tsx:30:134

⎯⎯⎯⎯⎯⎯⎯⎯⎯⎯⎯⎯⎯⎯⎯⎯⎯⎯⎯⎯⎯[94/525]⎯

 FAIL  test/panel-diplomacy-safety.test.tsx > old realm pending GET cannot apply to accepted new nested kingdom ID
Error: Legacy harness failed: Unmatched legacy request: GET /api/bannerlord/content-catalogs ; Unmatched legacy request: GET /api/bannerlord/progression ; Unmatched legacy request: GET /api/bannerlord/content-catalogs 
 ❯ assertHealthy test/panel-legacy-harness.ts:173:32
    171|   }
    172|   function assertHealthy() {
    173|     if (failures.length) throw new Error(`Legacy harness failed: ${fai…
       |                                ^
    174|   }
    175|   const registerTimer = (handler: TimerHandler, ms: number | undefined…
 ❯ settle test/panel-legacy-harness.ts:287:5
 ❯ bootHero test/panel-legacy-harness.ts:350:188
 ❯ Object.bootCombat test/panel-legacy-harness.ts:358:5
 ❯ combatPair test/panel-combat-support.tsx:34:3
 ❯ test/panel-diplomacy-safety.test.tsx:31:93

⎯⎯⎯⎯⎯⎯⎯⎯⎯⎯⎯⎯⎯⎯⎯⎯⎯⎯⎯⎯⎯[95/525]⎯

 FAIL  test/panel-diplomacy-safety.test.tsx > proposal selection follows actual second option and exact name on both hosts
Error: Legacy harness failed: Unmatched legacy request: GET /api/bannerlord/content-catalogs ; Unmatched legacy request: GET /api/bannerlord/progression ; Unmatched legacy request: GET /api/bannerlord/content-catalogs 
 ❯ assertHealthy test/panel-legacy-harness.ts:173:32
    171|   }
    172|   function assertHealthy() {
    173|     if (failures.length) throw new Error(`Legacy harness failed: ${fai…
       |                                ^
    174|   }
    175|   const registerTimer = (handler: TimerHandler, ms: number | undefined…
 ❯ settle test/panel-legacy-harness.ts:287:5
 ❯ bootHero test/panel-legacy-harness.ts:350:188
 ❯ Object.bootCombat test/panel-legacy-harness.ts:358:5
 ❯ combatPair test/panel-combat-support.tsx:34:3
 ❯ test/panel-diplomacy-safety.test.tsx:32:220

⎯⎯⎯⎯⎯⎯⎯⎯⎯⎯⎯⎯⎯⎯⎯⎯⎯⎯⎯⎯⎯[96/525]⎯

 FAIL  test/panel-diplomacy-safety.test.tsx > empty target ID sends zero proposals without invented target
Error: Legacy harness failed: Unmatched legacy request: GET /api/bannerlord/content-catalogs ; Unmatched legacy request: GET /api/bannerlord/progression ; Unmatched legacy request: GET /api/bannerlord/content-catalogs 
 ❯ assertHealthy test/panel-legacy-harness.ts:173:32
    171|   }
    172|   function assertHealthy() {
    173|     if (failures.length) throw new Error(`Legacy harness failed: ${fai…
       |                                ^
    174|   }
    175|   const registerTimer = (handler: TimerHandler, ms: number | undefined…
 ❯ settle test/panel-legacy-harness.ts:287:5
 ❯ bootHero test/panel-legacy-harness.ts:350:188
 ❯ Object.bootCombat test/panel-legacy-harness.ts:358:5
 ❯ combatPair test/panel-combat-support.tsx:34:3
 ❯ test/panel-diplomacy-safety.test.tsx:33:85

⎯⎯⎯⎯⎯⎯⎯⎯⎯⎯⎯⎯⎯⎯⎯⎯⎯⎯⎯⎯⎯[97/525]⎯

 FAIL  test/panel-diplomacy-safety.test.tsx > changed relation invalidates stale proposal click while current controls remain usable
Error: Legacy harness failed: Unmatched legacy request: GET /api/bannerlord/content-catalogs ; Unmatched legacy request: GET /api/bannerlord/progression ; Unmatched legacy request: GET /api/bannerlord/content-catalogs 
 ❯ assertHealthy test/panel-legacy-harness.ts:173:32
    171|   }
    172|   function assertHealthy() {
    173|     if (failures.length) throw new Error(`Legacy harness failed: ${fai…
       |                                ^
    174|   }
    175|   const registerTimer = (handler: TimerHandler, ms: number | undefined…
 ❯ settle test/panel-legacy-harness.ts:287:5
 ❯ bootHero test/panel-legacy-harness.ts:350:188
 ❯ Object.bootCombat test/panel-legacy-harness.ts:358:5
 ❯ combatPair test/panel-combat-support.tsx:34:3
 ❯ test/panel-diplomacy-safety.test.tsx:34:111

⎯⎯⎯⎯⎯⎯⎯⎯⎯⎯⎯⎯⎯⎯⎯⎯⎯⎯⎯⎯⎯[98/525]⎯

 FAIL  test/panel-diplomacy-safety.test.tsx > unknown cooldown key is not applied to either proposal and short duration expires to fresh label
Error: Legacy harness failed: Unmatched legacy request: GET /api/bannerlord/content-catalogs ; Unmatched legacy request: GET /api/bannerlord/progression ; Unmatched legacy request: GET /api/bannerlord/content-catalogs 
 ❯ assertHealthy test/panel-legacy-harness.ts:173:32
    171|   }
    172|   function assertHealthy() {
    173|     if (failures.length) throw new Error(`Legacy harness failed: ${fai…
       |                                ^
    174|   }
    175|   const registerTimer = (handler: TimerHandler, ms: number | undefined…
 ❯ settle test/panel-legacy-harness.ts:287:5
 ❯ bootHero test/panel-legacy-harness.ts:350:188
 ❯ Object.bootCombat test/panel-legacy-harness.ts:358:5
 ❯ combatPair test/panel-combat-support.tsx:34:3
 ❯ test/panel-diplomacy-safety.test.tsx:35:121

⎯⎯⎯⎯⎯⎯⎯⎯⎯⎯⎯⎯⎯⎯⎯⎯⎯⎯⎯⎯⎯[99/525]⎯

 FAIL  test/panel-diplomacy-safety.test.tsx > independent review: fresh different-realm response quarantines old ruler actions until hero agrees
Error: Legacy harness failed: Unmatched legacy request: GET /api/bannerlord/content-catalogs ; Unmatched legacy request: GET /api/bannerlord/progression ; Unmatched legacy request: GET /api/bannerlord/content-catalogs 
 ❯ assertHealthy test/panel-legacy-harness.ts:173:32
    171|   }
    172|   function assertHealthy() {
    173|     if (failures.length) throw new Error(`Legacy harness failed: ${fai…
       |                                ^
    174|   }
    175|   const registerTimer = (handler: TimerHandler, ms: number | undefined…
 ❯ settle test/panel-legacy-harness.ts:287:5
 ❯ bootHero test/panel-legacy-harness.ts:350:188
 ❯ Object.bootCombat test/panel-legacy-harness.ts:358:5
 ❯ combatPair test/panel-combat-support.tsx:34:3
 ❯ test/panel-diplomacy-safety.test.tsx:36:123

⎯⎯⎯⎯⎯⎯⎯⎯⎯⎯⎯⎯⎯⎯⎯⎯⎯⎯⎯⎯[100/525]⎯

 FAIL  test/panel-diplomacy-safety.test.tsx > fresh observed state remains quarantined while replacement hero waits for agreeing state
Error: Legacy harness failed: Unmatched legacy request: GET /api/bannerlord/content-catalogs ; Unmatched legacy request: GET /api/bannerlord/progression ; Unmatched legacy request: GET /api/bannerlord/content-catalogs 
 ❯ assertHealthy test/panel-legacy-harness.ts:173:32
    171|   }
    172|   function assertHealthy() {
    173|     if (failures.length) throw new Error(`Legacy harness failed: ${fai…
       |                                ^
    174|   }
    175|   const registerTimer = (handler: TimerHandler, ms: number | undefined…
 ❯ settle test/panel-legacy-harness.ts:287:5
 ❯ bootHero test/panel-legacy-harness.ts:350:188
 ❯ Object.bootCombat test/panel-legacy-harness.ts:358:5
 ❯ combatPair test/panel-combat-support.tsx:34:3
 ❯ test/panel-diplomacy-safety.test.tsx:37:113

⎯⎯⎯⎯⎯⎯⎯⎯⎯⎯⎯⎯⎯⎯⎯⎯⎯⎯⎯⎯[101/525]⎯

 FAIL  test/panel-equipment-parity.test.tsx > old/new actual active inventory double click coalesces one pending equipment GET
Error: Legacy harness failed: Unmatched legacy request: GET /api/bannerlord/content-catalogs ; Unmatched legacy request: GET /api/bannerlord/progression 
 ❯ assertHealthy test/panel-legacy-harness.ts:173:32
    171|   }
    172|   function assertHealthy() {
    173|     if (failures.length) throw new Error(`Legacy harness failed: ${fai…
       |                                ^
    174|   }
    175|   const registerTimer = (handler: TimerHandler, ms: number | undefined…
 ❯ settle test/panel-legacy-harness.ts:287:5
 ❯ Object.bootHero test/panel-legacy-harness.ts:353:7
 ❯ test/panel-equipment-parity.test.tsx:143:93

⎯⎯⎯⎯⎯⎯⎯⎯⎯⎯⎯⎯⎯⎯⎯⎯⎯⎯⎯⎯[102/525]⎯

 FAIL  test/panel-forge-observation.test.tsx > forge newer equipped item disagreement blocks only its stale slot until accepted sources reconcile
 FAIL  test/panel-forge-observation.test.tsx > forge newer equipped quality disagreement blocks only its stale slot until accepted sources reconcile
Error: Legacy harness failed: Unmatched legacy request: GET /api/bannerlord/content-catalogs ; Unmatched legacy request: GET /api/bannerlord/progression 
 ❯ assertHealthy test/panel-legacy-harness.ts:173:32
    171|   }
    172|   function assertHealthy() {
    173|     if (failures.length) throw new Error(`Legacy harness failed: ${fai…
       |                                ^
    174|   }
    175|   const registerTimer = (handler: TimerHandler, ms: number | undefined…
 ❯ settle test/panel-legacy-harness.ts:287:5
 ❯ bootHero test/panel-legacy-harness.ts:353:7
 ❯ Object.bootCombat test/panel-legacy-harness.ts:358:5
 ❯ combatPair test/panel-combat-support.tsx:34:3
 ❯ test/panel-forge-observation.test.tsx:9:13

⎯⎯⎯⎯⎯⎯⎯⎯⎯⎯⎯⎯⎯⎯⎯⎯⎯⎯⎯⎯[103/525]⎯

 FAIL  test/panel-forge-observation.test.tsx > forge missing equipped slot is a contradiction, while the one-based equipment tier does not conflict
Error: Legacy harness failed: Unmatched legacy request: GET /api/bannerlord/content-catalogs ; Unmatched legacy request: GET /api/bannerlord/progression 
 ❯ assertHealthy test/panel-legacy-harness.ts:173:32
    171|   }
    172|   function assertHealthy() {
    173|     if (failures.length) throw new Error(`Legacy harness failed: ${fai…
       |                                ^
    174|   }
    175|   const registerTimer = (handler: TimerHandler, ms: number | undefined…
 ❯ settle test/panel-legacy-harness.ts:287:5
 ❯ bootHero test/panel-legacy-harness.ts:353:7
 ❯ Object.bootCombat test/panel-legacy-harness.ts:358:5
 ❯ combatPair test/panel-combat-support.tsx:34:3
 ❯ test/panel-forge-observation.test.tsx:21:13

⎯⎯⎯⎯⎯⎯⎯⎯⎯⎯⎯⎯⎯⎯⎯⎯⎯⎯⎯⎯[104/525]⎯

 FAIL  test/panel-forge-observation.test.tsx > forge accepted equipped disagreement invalidates a saved button before Preact commits
Error: Legacy harness failed: Unmatched legacy request: GET /api/bannerlord/content-catalogs ; Unmatched legacy request: GET /api/bannerlord/progression 
 ❯ assertHealthy test/panel-legacy-harness.ts:173:32
    171|   }
    172|   function assertHealthy() {
    173|     if (failures.length) throw new Error(`Legacy harness failed: ${fai…
       |                                ^
    174|   }
    175|   const registerTimer = (handler: TimerHandler, ms: number | undefined…
 ❯ settle test/panel-legacy-harness.ts:287:5
 ❯ bootHero test/panel-legacy-harness.ts:353:7
 ❯ Object.bootCombat test/panel-legacy-harness.ts:358:5
 ❯ combatPair test/panel-combat-support.tsx:34:3
 ❯ test/panel-forge-observation.test.tsx:26:13

⎯⎯⎯⎯⎯⎯⎯⎯⎯⎯⎯⎯⎯⎯⎯⎯⎯⎯⎯⎯[105/525]⎯

 FAIL  test/panel-forge-observation.test.tsx > forge stale equipment request from a replaced hero cannot clear the current observed disagreement
Error: Legacy harness failed: Unmatched legacy request: GET /api/bannerlord/content-catalogs ; Unmatched legacy request: GET /api/bannerlord/progression 
 ❯ assertHealthy test/panel-legacy-harness.ts:173:32
    171|   }
    172|   function assertHealthy() {
    173|     if (failures.length) throw new Error(`Legacy harness failed: ${fai…
       |                                ^
    174|   }
    175|   const registerTimer = (handler: TimerHandler, ms: number | undefined…
 ❯ settle test/panel-legacy-harness.ts:287:5
 ❯ bootHero test/panel-legacy-harness.ts:353:7
 ❯ Object.bootCombat test/panel-legacy-harness.ts:358:5
 ❯ combatPair test/panel-combat-support.tsx:34:3
 ❯ test/panel-forge-observation.test.tsx:31:13

⎯⎯⎯⎯⎯⎯⎯⎯⎯⎯⎯⎯⎯⎯⎯⎯⎯⎯⎯⎯[106/525]⎯

 FAIL  test/panel-forge-observation.test.tsx > forge a previous viewer equipment observation cannot quarantine the next viewer
Error: Legacy harness failed: Unmatched legacy request: GET /api/bannerlord/content-catalogs ; Unmatched legacy request: GET /api/bannerlord/progression 
 ❯ assertHealthy test/panel-legacy-harness.ts:173:32
    171|   }
    172|   function assertHealthy() {
    173|     if (failures.length) throw new Error(`Legacy harness failed: ${fai…
       |                                ^
    174|   }
    175|   const registerTimer = (handler: TimerHandler, ms: number | undefined…
 ❯ settle test/panel-legacy-harness.ts:287:5
 ❯ bootHero test/panel-legacy-harness.ts:353:7
 ❯ Object.bootCombat test/panel-legacy-harness.ts:358:5
 ❯ combatPair test/panel-combat-support.tsx:34:3
 ❯ test/panel-forge-observation.test.tsx:41:13

⎯⎯⎯⎯⎯⎯⎯⎯⎯⎯⎯⎯⎯⎯⎯⎯⎯⎯⎯⎯[107/525]⎯

 FAIL  test/panel-forge-parity.test.tsx > full forge is the saved inventory disclosure, initially closed, with all inherited slots and qualities
Error: Legacy harness failed: Unmatched legacy request: GET /api/bannerlord/content-catalogs ; Unmatched legacy request: GET /api/bannerlord/progression 
 ❯ assertHealthy test/panel-legacy-harness.ts:173:32
    171|   }
    172|   function assertHealthy() {
    173|     if (failures.length) throw new Error(`Legacy harness failed: ${fai…
       |                                ^
    174|   }
    175|   const registerTimer = (handler: TimerHandler, ms: number | undefined…
 ❯ settle test/panel-legacy-harness.ts:287:5
 ❯ bootHero test/panel-legacy-harness.ts:353:7
 ❯ Object.bootCombat test/panel-legacy-harness.ts:358:5
 ❯ combatPair test/panel-combat-support.tsx:34:3
 ❯ test/panel-forge-parity.test.tsx:7:13

⎯⎯⎯⎯⎯⎯⎯⎯⎯⎯⎯⎯⎯⎯⎯⎯⎯⎯⎯⎯[108/525]⎯

 FAIL  test/panel-forge-parity.test.tsx > forge weapon0 real control exact wire, usage and complete successful/refused double-hero tail
 FAIL  test/panel-forge-parity.test.tsx > forge weapon1 real control exact wire, usage and complete successful/refused double-hero tail
 FAIL  test/panel-forge-parity.test.tsx > forge weapon2 real control exact wire, usage and complete successful/refused double-hero tail
 FAIL  test/panel-forge-parity.test.tsx > forge head real control exact wire, usage and complete successful/refused double-hero tail
 FAIL  test/panel-forge-parity.test.tsx > forge body real control exact wire, usage and complete successful/refused double-hero tail
 FAIL  test/panel-forge-parity.test.tsx > forge leg real control exact wire, usage and complete successful/refused double-hero tail
 FAIL  test/panel-forge-parity.test.tsx > forge gloves real control exact wire, usage and complete successful/refused double-hero tail
 FAIL  test/panel-forge-parity.test.tsx > forge cape real control exact wire, usage and complete successful/refused double-hero tail
 FAIL  test/panel-forge-parity.test.tsx > forge horse real control exact wire, usage and complete successful/refused double-hero tail
Error: Legacy harness failed: Unmatched legacy request: GET /api/bannerlord/content-catalogs ; Unmatched legacy request: GET /api/bannerlord/progression 
 ❯ assertHealthy test/panel-legacy-harness.ts:173:32
    171|   }
    172|   function assertHealthy() {
    173|     if (failures.length) throw new Error(`Legacy harness failed: ${fai…
       |                                ^
    174|   }
    175|   const registerTimer = (handler: TimerHandler, ms: number | undefined…
 ❯ settle test/panel-legacy-harness.ts:287:5
 ❯ bootHero test/panel-legacy-harness.ts:353:7
 ❯ Object.bootCombat test/panel-legacy-harness.ts:358:5
 ❯ combatPair test/panel-combat-support.tsx:34:3
 ❯ test/panel-forge-parity.test.tsx:19:13

⎯⎯⎯⎯⎯⎯⎯⎯⎯⎯⎯⎯⎯⎯⎯⎯⎯⎯⎯⎯[109/525]⎯

 FAIL  test/panel-forge-parity.test.tsx > forge real refusal reforge_unsynced preserves server text and the owned read tail
 FAIL  test/panel-forge-parity.test.tsx > forge real refusal reforge_bad_slot preserves server text and the owned read tail
 FAIL  test/panel-forge-parity.test.tsx > forge real refusal reforge_best preserves server text and the owned read tail
 FAIL  test/panel-forge-parity.test.tsx > forge real refusal reforge_pending_right preserves server text and the owned read tail
 FAIL  test/panel-forge-parity.test.tsx > forge real refusal reforge_poor preserves server text and the owned read tail
 FAIL  test/panel-forge-parity.test.tsx > forge real refusal reforge_no_hero preserves server text and the owned read tail
Error: Legacy harness failed: Unmatched legacy request: GET /api/bannerlord/content-catalogs ; Unmatched legacy request: GET /api/bannerlord/progression 
 ❯ assertHealthy test/panel-legacy-harness.ts:173:32
    171|   }
    172|   function assertHealthy() {
    173|     if (failures.length) throw new Error(`Legacy harness failed: ${fai…
       |                                ^
    174|   }
    175|   const registerTimer = (handler: TimerHandler, ms: number | undefined…
 ❯ settle test/panel-legacy-harness.ts:287:5
 ❯ bootHero test/panel-legacy-harness.ts:353:7
 ❯ Object.bootCombat test/panel-legacy-harness.ts:358:5
 ❯ combatPair test/panel-combat-support.tsx:34:3
 ❯ test/panel-forge-parity.test.tsx:29:45

⎯⎯⎯⎯⎯⎯⎯⎯⎯⎯⎯⎯⎯⎯⎯⎯⎯⎯⎯⎯[110/525]⎯

 FAIL  test/panel-forge-parity.test.tsx > forge reads its independent server quote without changing the wire or adding a prisoner restriction
Error: Legacy harness failed: Unmatched legacy request: GET /api/bannerlord/content-catalogs ; Unmatched legacy request: GET /api/bannerlord/progression 
 ❯ assertHealthy test/panel-legacy-harness.ts:173:32
    171|   }
    172|   function assertHealthy() {
    173|     if (failures.length) throw new Error(`Legacy harness failed: ${fai…
       |                                ^
    174|   }
    175|   const registerTimer = (handler: TimerHandler, ms: number | undefined…
 ❯ settle test/panel-legacy-harness.ts:287:5
 ❯ bootHero test/panel-legacy-harness.ts:353:7
 ❯ Object.bootCombat test/panel-legacy-harness.ts:358:5
 ❯ combatPair test/panel-combat-support.tsx:34:3
 ❯ test/panel-forge-parity.test.tsx:35:13

⎯⎯⎯⎯⎯⎯⎯⎯⎯⎯⎯⎯⎯⎯⎯⎯⎯⎯⎯⎯[111/525]⎯

 FAIL  test/panel-forge-parity.test.tsx > forge empty slots keep all ten rows and no actions
Error: Legacy harness failed: Unmatched legacy request: GET /api/bannerlord/content-catalogs ; Unmatched legacy request: GET /api/bannerlord/progression 
 ❯ assertHealthy test/panel-legacy-harness.ts:173:32
    171|   }
    172|   function assertHealthy() {
    173|     if (failures.length) throw new Error(`Legacy harness failed: ${fai…
       |                                ^
    174|   }
    175|   const registerTimer = (handler: TimerHandler, ms: number | undefined…
 ❯ settle test/panel-legacy-harness.ts:287:5
 ❯ bootHero test/panel-legacy-harness.ts:353:7
 ❯ Object.bootCombat test/panel-legacy-harness.ts:358:5
 ❯ combatPair test/panel-combat-support.tsx:34:3
 ❯ test/panel-forge-parity.test.tsx:40:13

⎯⎯⎯⎯⎯⎯⎯⎯⎯⎯⎯⎯⎯⎯⎯⎯⎯⎯⎯⎯[112/525]⎯

 FAIL  test/panel-forge-parity.test.tsx > forge disclosure persists across tab changes, hero header rewrite and ordinary polls, recording only open transitions
Error: Legacy harness failed: Unmatched legacy request: GET /api/bannerlord/content-catalogs ; Unmatched legacy request: GET /api/bannerlord/progression 
 ❯ assertHealthy test/panel-legacy-harness.ts:173:32
    171|   }
    172|   function assertHealthy() {
    173|     if (failures.length) throw new Error(`Legacy harness failed: ${fai…
       |                                ^
    174|   }
    175|   const registerTimer = (handler: TimerHandler, ms: number | undefined…
 ❯ settle test/panel-legacy-harness.ts:287:5
 ❯ bootHero test/panel-legacy-harness.ts:353:7
 ❯ Object.bootCombat test/panel-legacy-harness.ts:358:5
 ❯ combatPair test/panel-combat-support.tsx:34:3
 ❯ test/panel-forge-parity.test.tsx:45:13

⎯⎯⎯⎯⎯⎯⎯⎯⎯⎯⎯⎯⎯⎯⎯⎯⎯⎯⎯⎯[113/525]⎯

 FAIL  test/panel-forge-parity.test.tsx > forge numeric zero quote remains real and never invents a fallback charge
Error: Legacy harness failed: Unmatched legacy request: GET /api/bannerlord/content-catalogs ; Unmatched legacy request: GET /api/bannerlord/progression 
 ❯ assertHealthy test/panel-legacy-harness.ts:173:32
    171|   }
    172|   function assertHealthy() {
    173|     if (failures.length) throw new Error(`Legacy harness failed: ${fai…
       |                                ^
    174|   }
    175|   const registerTimer = (handler: TimerHandler, ms: number | undefined…
 ❯ settle test/panel-legacy-harness.ts:287:5
 ❯ bootHero test/panel-legacy-harness.ts:353:7
 ❯ Object.bootCombat test/panel-legacy-harness.ts:358:5
 ❯ combatPair test/panel-combat-support.tsx:34:3
 ❯ test/panel-forge-parity.test.tsx:52:13

⎯⎯⎯⎯⎯⎯⎯⎯⎯⎯⎯⎯⎯⎯⎯⎯⎯⎯⎯⎯[114/525]⎯

 FAIL  test/panel-forge-parity.test.tsx > forge shield and quality presentation use the actual item, with unknown quality retaining the inherited next label
Error: Legacy harness failed: Unmatched legacy request: GET /api/bannerlord/content-catalogs ; Unmatched legacy request: GET /api/bannerlord/progression 
 ❯ assertHealthy test/panel-legacy-harness.ts:173:32
    171|   }
    172|   function assertHealthy() {
    173|     if (failures.length) throw new Error(`Legacy harness failed: ${fai…
       |                                ^
    174|   }
    175|   const registerTimer = (handler: TimerHandler, ms: number | undefined…
 ❯ settle test/panel-legacy-harness.ts:287:5
 ❯ bootHero test/panel-legacy-harness.ts:353:7
 ❯ Object.bootCombat test/panel-legacy-harness.ts:358:5
 ❯ combatPair test/panel-combat-support.tsx:34:3
 ❯ test/panel-forge-parity.test.tsx:56:13

⎯⎯⎯⎯⎯⎯⎯⎯⎯⎯⎯⎯⎯⎯⎯⎯⎯⎯⎯⎯[115/525]⎯

 FAIL  test/panel-forge-safety.test.tsx > forge repaints accepted equipment quality despite identical hero header and rejects a stale pre-render item control
Error: Legacy harness failed: Unmatched legacy request: GET /api/bannerlord/content-catalogs ; Unmatched legacy request: GET /api/bannerlord/progression 
 ❯ assertHealthy test/panel-legacy-harness.ts:173:32
    171|   }
    172|   function assertHealthy() {
    173|     if (failures.length) throw new Error(`Legacy harness failed: ${fai…
       |                                ^
    174|   }
    175|   const registerTimer = (handler: TimerHandler, ms: number | undefined…
 ❯ settle test/panel-legacy-harness.ts:287:5
 ❯ bootHero test/panel-legacy-harness.ts:353:7
 ❯ Object.bootCombat test/panel-legacy-harness.ts:358:5
 ❯ combatPair test/panel-combat-support.tsx:34:3
 ❯ test/panel-forge-safety.test.tsx:8:13

⎯⎯⎯⎯⎯⎯⎯⎯⎯⎯⎯⎯⎯⎯⎯⎯⎯⎯⎯⎯[116/525]⎯

 FAIL  test/panel-forge-safety.test.tsx > forge dead hero removes controls and rejects the prior DOM callback
 FAIL  test/panel-forge-safety.test.tsx > forge absent hero removes controls and rejects the prior DOM callback
Error: Legacy harness failed: Unmatched legacy request: GET /api/bannerlord/content-catalogs ; Unmatched legacy request: GET /api/bannerlord/progression 
 ❯ assertHealthy test/panel-legacy-harness.ts:173:32
    171|   }
    172|   function assertHealthy() {
    173|     if (failures.length) throw new Error(`Legacy harness failed: ${fai…
       |                                ^
    174|   }
    175|   const registerTimer = (handler: TimerHandler, ms: number | undefined…
 ❯ settle test/panel-legacy-harness.ts:287:5
 ❯ bootHero test/panel-legacy-harness.ts:353:7
 ❯ Object.bootCombat test/panel-legacy-harness.ts:358:5
 ❯ combatPair test/panel-combat-support.tsx:34:3
 ❯ test/panel-forge-safety.test.tsx:23:13

⎯⎯⎯⎯⎯⎯⎯⎯⎯⎯⎯⎯⎯⎯⎯⎯⎯⎯⎯⎯[117/525]⎯

 FAIL  test/panel-forge-safety.test.tsx > forge malformed/missing quote null never admits a paid click
 FAIL  test/panel-forge-safety.test.tsx > forge malformed/missing quote 20000 never admits a paid click
 FAIL  test/panel-forge-safety.test.tsx > forge malformed/missing quote not-a-price never admits a paid click
 FAIL  test/panel-forge-safety.test.tsx > forge malformed/missing quote -1 never admits a paid click
 FAIL  test/panel-forge-safety.test.tsx > forge malformed/missing quote NaN never admits a paid click
Error: Legacy harness failed: Unmatched legacy request: GET /api/bannerlord/content-catalogs ; Unmatched legacy request: GET /api/bannerlord/progression 
 ❯ assertHealthy test/panel-legacy-harness.ts:173:32
    171|   }
    172|   function assertHealthy() {
    173|     if (failures.length) throw new Error(`Legacy harness failed: ${fai…
       |                                ^
    174|   }
    175|   const registerTimer = (handler: TimerHandler, ms: number | undefined…
 ❯ settle test/panel-legacy-harness.ts:287:5
 ❯ bootHero test/panel-legacy-harness.ts:353:7
 ❯ Object.bootCombat test/panel-legacy-harness.ts:358:5
 ❯ combatPair test/panel-combat-support.tsx:34:3
 ❯ test/panel-forge-safety.test.tsx:29:13

⎯⎯⎯⎯⎯⎯⎯⎯⎯⎯⎯⎯⎯⎯⎯⎯⎯⎯⎯⎯[118/525]⎯

 FAIL  test/panel-forge-safety.test.tsx > forge quote replacement invalidates a stale rendered click before Preact can commit
Error: Legacy harness failed: Unmatched legacy request: GET /api/bannerlord/content-catalogs ; Unmatched legacy request: GET /api/bannerlord/progression 
 ❯ assertHealthy test/panel-legacy-harness.ts:173:32
    171|   }
    172|   function assertHealthy() {
    173|     if (failures.length) throw new Error(`Legacy harness failed: ${fai…
       |                                ^
    174|   }
    175|   const registerTimer = (handler: TimerHandler, ms: number | undefined…
 ❯ settle test/panel-legacy-harness.ts:287:5
 ❯ bootHero test/panel-legacy-harness.ts:353:7
 ❯ Object.bootCombat test/panel-legacy-harness.ts:358:5
 ❯ combatPair test/panel-combat-support.tsx:34:3
 ❯ test/panel-forge-safety.test.tsx:33:13

⎯⎯⎯⎯⎯⎯⎯⎯⎯⎯⎯⎯⎯⎯⎯⎯⎯⎯⎯⎯[119/525]⎯

 FAIL  test/panel-forge-safety.test.tsx > forge same-frame duplicate locks one slot but distinct slots remain independent
Error: Legacy harness failed: Unmatched legacy request: GET /api/bannerlord/content-catalogs ; Unmatched legacy request: GET /api/bannerlord/progression 
 ❯ assertHealthy test/panel-legacy-harness.ts:173:32
    171|   }
    172|   function assertHealthy() {
    173|     if (failures.length) throw new Error(`Legacy harness failed: ${fai…
       |                                ^
    174|   }
    175|   const registerTimer = (handler: TimerHandler, ms: number | undefined…
 ❯ settle test/panel-legacy-harness.ts:287:5
 ❯ bootHero test/panel-legacy-harness.ts:353:7
 ❯ Object.bootCombat test/panel-legacy-harness.ts:358:5
 ❯ combatPair test/panel-combat-support.tsx:34:3
 ❯ test/panel-forge-safety.test.tsx:39:47

⎯⎯⎯⎯⎯⎯⎯⎯⎯⎯⎯⎯⎯⎯⎯⎯⎯⎯⎯⎯[120/525]⎯

 FAIL  test/panel-forge-safety.test.tsx > forge unknown write blocks new slots, survives same-viewer JWT refresh and never auto-retries
Error: Legacy harness failed: Unmatched legacy request: GET /api/bannerlord/content-catalogs ; Unmatched legacy request: GET /api/bannerlord/progression 
 ❯ assertHealthy test/panel-legacy-harness.ts:173:32
    171|   }
    172|   function assertHealthy() {
    173|     if (failures.length) throw new Error(`Legacy harness failed: ${fai…
       |                                ^
    174|   }
    175|   const registerTimer = (handler: TimerHandler, ms: number | undefined…
 ❯ settle test/panel-legacy-harness.ts:287:5
 ❯ bootHero test/panel-legacy-harness.ts:353:7
 ❯ Object.bootCombat test/panel-legacy-harness.ts:358:5
 ❯ combatPair test/panel-combat-support.tsx:34:3
 ❯ test/panel-forge-safety.test.tsx:44:13

⎯⎯⎯⎯⎯⎯⎯⎯⎯⎯⎯⎯⎯⎯⎯⎯⎯⎯⎯⎯[121/525]⎯

 FAIL  test/panel-forge-safety.test.tsx > forge successful local and generic delayed tails are fenced after stop
 FAIL  test/panel-forge-safety.test.tsx > forge successful local and generic delayed tails are fenced after identity
 FAIL  test/panel-forge-safety.test.tsx > forge successful local and generic delayed tails are fenced after token
Error: Legacy harness failed: Unmatched legacy request: GET /api/bannerlord/content-catalogs ; Unmatched legacy request: GET /api/bannerlord/progression 
 ❯ assertHealthy test/panel-legacy-harness.ts:173:32
    171|   }
    172|   function assertHealthy() {
    173|     if (failures.length) throw new Error(`Legacy harness failed: ${fai…
       |                                ^
    174|   }
    175|   const registerTimer = (handler: TimerHandler, ms: number | undefined…
 ❯ settle test/panel-legacy-harness.ts:287:5
 ❯ bootHero test/panel-legacy-harness.ts:353:7
 ❯ Object.bootCombat test/panel-legacy-harness.ts:358:5
 ❯ combatPair test/panel-combat-support.tsx:34:3
 ❯ test/panel-forge-safety.test.tsx:50:13

⎯⎯⎯⎯⎯⎯⎯⎯⎯⎯⎯⎯⎯⎯⎯⎯⎯⎯⎯⎯[122/525]⎯

 FAIL  test/panel-forge-safety.test.tsx > forge idle same-viewer token refresh preserves disclosure and next action uses current token
Error: Legacy harness failed: Unmatched legacy request: GET /api/bannerlord/content-catalogs ; Unmatched legacy request: GET /api/bannerlord/progression 
 ❯ assertHealthy test/panel-legacy-harness.ts:173:32
    171|   }
    172|   function assertHealthy() {
    173|     if (failures.length) throw new Error(`Legacy harness failed: ${fai…
       |                                ^
    174|   }
    175|   const registerTimer = (handler: TimerHandler, ms: number | undefined…
 ❯ settle test/panel-legacy-harness.ts:287:5
 ❯ bootHero test/panel-legacy-harness.ts:353:7
 ❯ Object.bootCombat test/panel-legacy-harness.ts:358:5
 ❯ combatPair test/panel-combat-support.tsx:34:3
 ❯ test/panel-forge-safety.test.tsx:61:13

⎯⎯⎯⎯⎯⎯⎯⎯⎯⎯⎯⎯⎯⎯⎯⎯⎯⎯⎯⎯[123/525]⎯

 FAIL  test/panel-forge-safety.test.tsx > forge hidden inventory cannot dispatch a retained control
Error: Legacy harness failed: Unmatched legacy request: GET /api/bannerlord/content-catalogs ; Unmatched legacy request: GET /api/bannerlord/progression 
 ❯ assertHealthy test/panel-legacy-harness.ts:173:32
    171|   }
    172|   function assertHealthy() {
    173|     if (failures.length) throw new Error(`Legacy harness failed: ${fai…
       |                                ^
    174|   }
    175|   const registerTimer = (handler: TimerHandler, ms: number | undefined…
 ❯ settle test/panel-legacy-harness.ts:287:5
 ❯ bootHero test/panel-legacy-harness.ts:353:7
 ❯ Object.bootCombat test/panel-legacy-harness.ts:358:5
 ❯ combatPair test/panel-combat-support.tsx:34:3
 ❯ test/panel-forge-safety.test.tsx:67:13

⎯⎯⎯⎯⎯⎯⎯⎯⎯⎯⎯⎯⎯⎯⎯⎯⎯⎯⎯⎯[124/525]⎯

 FAIL  test/panel-forge-safety.test.tsx > forge stale hero read cannot restore older equipment after a newer accepted response
Error: Legacy harness failed: Unmatched legacy request: GET /api/bannerlord/content-catalogs ; Unmatched legacy request: GET /api/bannerlord/progression 
 ❯ assertHealthy test/panel-legacy-harness.ts:173:32
    171|   }
    172|   function assertHealthy() {
    173|     if (failures.length) throw new Error(`Legacy harness failed: ${fai…
       |                                ^
    174|   }
    175|   const registerTimer = (handler: TimerHandler, ms: number | undefined…
 ❯ settle test/panel-legacy-harness.ts:287:5
 ❯ bootHero test/panel-legacy-harness.ts:353:7
 ❯ Object.bootCombat test/panel-legacy-harness.ts:358:5
 ❯ combatPair test/panel-combat-support.tsx:34:3
 ❯ test/panel-forge-safety.test.tsx:70:13

⎯⎯⎯⎯⎯⎯⎯⎯⎯⎯⎯⎯⎯⎯⎯⎯⎯⎯⎯⎯[125/525]⎯

 FAIL  test/panel-forge-safety.test.tsx > forge failed hero read quarantines the retained equipment until a successful fresh snapshot
Error: Legacy harness failed: Unmatched legacy request: GET /api/bannerlord/content-catalogs ; Unmatched legacy request: GET /api/bannerlord/progression 
 ❯ assertHealthy test/panel-legacy-harness.ts:173:32
    171|   }
    172|   function assertHealthy() {
    173|     if (failures.length) throw new Error(`Legacy harness failed: ${fai…
       |                                ^
    174|   }
    175|   const registerTimer = (handler: TimerHandler, ms: number | undefined…
 ❯ settle test/panel-legacy-harness.ts:287:5
 ❯ bootHero test/panel-legacy-harness.ts:353:7
 ❯ Object.bootCombat test/panel-legacy-harness.ts:358:5
 ❯ combatPair test/panel-combat-support.tsx:34:3
 ❯ test/panel-forge-safety.test.tsx:78:13

⎯⎯⎯⎯⎯⎯⎯⎯⎯⎯⎯⎯⎯⎯⎯⎯⎯⎯⎯⎯[126/525]⎯

 FAIL  test/panel-forge-safety.test.tsx > forge failed config read removes its actionable quote and a fresh config restores it
Error: Legacy harness failed: Unmatched legacy request: GET /api/bannerlord/content-catalogs ; Unmatched legacy request: GET /api/bannerlord/progression 
 ❯ assertHealthy test/panel-legacy-harness.ts:173:32
    171|   }
    172|   function assertHealthy() {
    173|     if (failures.length) throw new Error(`Legacy harness failed: ${fai…
       |                                ^
    174|   }
    175|   const registerTimer = (handler: TimerHandler, ms: number | undefined…
 ❯ settle test/panel-legacy-harness.ts:287:5
 ❯ bootHero test/panel-legacy-harness.ts:353:7
 ❯ Object.bootCombat test/panel-legacy-harness.ts:358:5
 ❯ combatPair test/panel-combat-support.tsx:34:3
 ❯ test/panel-forge-safety.test.tsx:84:13

⎯⎯⎯⎯⎯⎯⎯⎯⎯⎯⎯⎯⎯⎯⎯⎯⎯⎯⎯⎯[127/525]⎯

 FAIL  test/panel-forge-safety.test.tsx > forge pending POST completion after stop owns no delayed hero continuation
 FAIL  test/panel-forge-safety.test.tsx > forge pending POST completion after identity owns no delayed hero continuation
 FAIL  test/panel-forge-safety.test.tsx > forge pending POST completion after token owns no delayed hero continuation
Error: Legacy harness failed: Unmatched legacy request: GET /api/bannerlord/content-catalogs ; Unmatched legacy request: GET /api/bannerlord/progression 
 ❯ assertHealthy test/panel-legacy-harness.ts:173:32
    171|   }
    172|   function assertHealthy() {
    173|     if (failures.length) throw new Error(`Legacy harness failed: ${fai…
       |                                ^
    174|   }
    175|   const registerTimer = (handler: TimerHandler, ms: number | undefined…
 ❯ settle test/panel-legacy-harness.ts:287:5
 ❯ bootHero test/panel-legacy-harness.ts:353:7
 ❯ Object.bootCombat test/panel-legacy-harness.ts:358:5
 ❯ combatPair test/panel-combat-support.tsx:34:3
 ❯ test/panel-forge-safety.test.tsx:90:50

⎯⎯⎯⎯⎯⎯⎯⎯⎯⎯⎯⎯⎯⎯⎯⎯⎯⎯⎯⎯[128/525]⎯

 FAIL  test/panel-forge-safety.test.tsx > forge rejected viewer login testuser has sign-in text and no purchase controls
 FAIL  test/panel-forge-safety.test.tsx > forge rejected viewer login U123456789 has sign-in text and no purchase controls
Error: Legacy harness failed: Unmatched legacy request: GET /api/bannerlord/content-catalogs ; Unmatched legacy request: GET /api/bannerlord/progression 
 ❯ assertHealthy test/panel-legacy-harness.ts:173:32
    171|   }
    172|   function assertHealthy() {
    173|     if (failures.length) throw new Error(`Legacy harness failed: ${fai…
       |                                ^
    174|   }
    175|   const registerTimer = (handler: TimerHandler, ms: number | undefined…
 ❯ settle test/panel-legacy-harness.ts:287:5
 ❯ bootHero test/panel-legacy-harness.ts:353:7
 ❯ Object.bootCombat test/panel-legacy-harness.ts:358:5
 ❯ combatPair test/panel-combat-support.tsx:34:3
 ❯ test/panel-forge-safety.test.tsx:97:13

⎯⎯⎯⎯⎯⎯⎯⎯⎯⎯⎯⎯⎯⎯⎯⎯⎯⎯⎯⎯[129/525]⎯

 FAIL  test/panel-forge-safety.test.tsx > forge real item removal invalidates a saved callback and displays its empty slot
Error: Legacy harness failed: Unmatched legacy request: GET /api/bannerlord/content-catalogs ; Unmatched legacy request: GET /api/bannerlord/progression 
 ❯ assertHealthy test/panel-legacy-harness.ts:173:32
    171|   }
    172|   function assertHealthy() {
    173|     if (failures.length) throw new Error(`Legacy harness failed: ${fai…
       |                                ^
    174|   }
    175|   const registerTimer = (handler: TimerHandler, ms: number | undefined…
 ❯ settle test/panel-legacy-harness.ts:287:5
 ❯ bootHero test/panel-legacy-harness.ts:353:7
 ❯ Object.bootCombat test/panel-legacy-harness.ts:358:5
 ❯ combatPair test/panel-combat-support.tsx:34:3
 ❯ test/panel-forge-safety.test.tsx:102:13

⎯⎯⎯⎯⎯⎯⎯⎯⎯⎯⎯⎯⎯⎯⎯⎯⎯⎯⎯⎯[130/525]⎯

 FAIL  test/panel-forge-safety.test.tsx > forge unavailable quote has an explicit recovery control that preserves disclosure and then uses the recovered server price
Error: Legacy harness failed: Unmatched legacy request: GET /api/bannerlord/content-catalogs ; Unmatched legacy request: GET /api/bannerlord/progression 
 ❯ assertHealthy test/panel-legacy-harness.ts:173:32
    171|   }
    172|   function assertHealthy() {
    173|     if (failures.length) throw new Error(`Legacy harness failed: ${fai…
       |                                ^
    174|   }
    175|   const registerTimer = (handler: TimerHandler, ms: number | undefined…
 ❯ settle test/panel-legacy-harness.ts:287:5
 ❯ bootHero test/panel-legacy-harness.ts:353:7
 ❯ Object.bootCombat test/panel-legacy-harness.ts:358:5
 ❯ combatPair test/panel-combat-support.tsx:34:3
 ❯ test/panel-forge-safety.test.tsx:108:13

⎯⎯⎯⎯⎯⎯⎯⎯⎯⎯⎯⎯⎯⎯⎯⎯⎯⎯⎯⎯[131/525]⎯

 FAIL  test/panel-forge-safety.test.tsx > forge same-task navigation fences a saved inventory callback before Preact disables it
Error: Legacy harness failed: Unmatched legacy request: GET /api/bannerlord/content-catalogs ; Unmatched legacy request: GET /api/bannerlord/progression 
 ❯ assertHealthy test/panel-legacy-harness.ts:173:32
    171|   }
    172|   function assertHealthy() {
    173|     if (failures.length) throw new Error(`Legacy harness failed: ${fai…
       |                                ^
    174|   }
    175|   const registerTimer = (handler: TimerHandler, ms: number | undefined…
 ❯ settle test/panel-legacy-harness.ts:287:5
 ❯ bootHero test/panel-legacy-harness.ts:353:7
 ❯ Object.bootCombat test/panel-legacy-harness.ts:358:5
 ❯ combatPair test/panel-combat-support.tsx:34:3
 ❯ test/panel-forge-safety.test.tsx:118:13

⎯⎯⎯⎯⎯⎯⎯⎯⎯⎯⎯⎯⎯⎯⎯⎯⎯⎯⎯⎯[132/525]⎯

 FAIL  test/panel-kingdom-parity.test.tsx > complete kingdom card is in saved production Dynasty between clan and orders
Error: Legacy harness failed: Unmatched legacy request: GET /api/bannerlord/content-catalogs ; Unmatched legacy request: GET /api/bannerlord/progression ; Unmatched legacy request: GET /api/bannerlord/content-catalogs 
 ❯ assertHealthy test/panel-legacy-harness.ts:173:32
    171|   }
    172|   function assertHealthy() {
    173|     if (failures.length) throw new Error(`Legacy harness failed: ${fai…
       |                                ^
    174|   }
    175|   const registerTimer = (handler: TimerHandler, ms: number | undefined…
 ❯ settle test/panel-legacy-harness.ts:287:5
 ❯ bootHero test/panel-legacy-harness.ts:350:188
 ❯ Object.bootCombat test/panel-legacy-harness.ts:358:5
 ❯ combatPair test/panel-combat-support.tsx:34:3
 ❯ test/panel-kingdom-parity.test.tsx:5:101

⎯⎯⎯⎯⎯⎯⎯⎯⎯⎯⎯⎯⎯⎯⎯⎯⎯⎯⎯⎯[133/525]⎯

 FAIL  test/panel-kingdom-parity.test.tsx > create button/Enter false full wire/30s tail/usage parity
 FAIL  test/panel-kingdom-parity.test.tsx > create button/Enter true full wire/30s tail/usage parity
 FAIL  test/panel-kingdom-parity.test.tsx > join button/Enter false full wire/30s tail/usage parity
 FAIL  test/panel-kingdom-parity.test.tsx > join button/Enter true full wire/30s tail/usage parity
Error: Legacy harness failed: Unmatched legacy request: GET /api/bannerlord/content-catalogs ; Unmatched legacy request: GET /api/bannerlord/progression 
 ❯ assertHealthy test/panel-legacy-harness.ts:173:32
    171|   }
    172|   function assertHealthy() {
    173|     if (failures.length) throw new Error(`Legacy harness failed: ${fai…
       |                                ^
    174|   }
    175|   const registerTimer = (handler: TimerHandler, ms: number | undefined…
 ❯ settle test/panel-legacy-harness.ts:287:5
 ❯ bootHero test/panel-legacy-harness.ts:350:188
 ❯ Object.bootCombat test/panel-legacy-harness.ts:358:5
 ❯ combatPair test/panel-combat-support.tsx:34:3
 ❯ test/panel-kingdom-parity.test.tsx:6:434

⎯⎯⎯⎯⎯⎯⎯⎯⎯⎯⎯⎯⎯⎯⎯⎯⎯⎯⎯⎯[134/525]⎯

 FAIL  test/panel-kingdom-parity.test.tsx > rebellion button/Enter false full wire/30s tail/usage parity
 FAIL  test/panel-kingdom-parity.test.tsx > rebellion button/Enter true full wire/30s tail/usage parity
Error: Legacy harness failed: Unmatched legacy request: GET /api/bannerlord/content-catalogs ; Unmatched legacy request: GET /api/bannerlord/progression ; Unmatched legacy request: GET /api/bannerlord/content-catalogs 
 ❯ assertHealthy test/panel-legacy-harness.ts:173:32
    171|   }
    172|   function assertHealthy() {
    173|     if (failures.length) throw new Error(`Legacy harness failed: ${fai…
       |                                ^
    174|   }
    175|   const registerTimer = (handler: TimerHandler, ms: number | undefined…
 ❯ settle test/panel-legacy-harness.ts:287:5
 ❯ bootHero test/panel-legacy-harness.ts:350:188
 ❯ Object.bootCombat test/panel-legacy-harness.ts:358:5
 ❯ combatPair test/panel-combat-support.tsx:34:3
 ❯ test/panel-kingdom-parity.test.tsx:6:434

⎯⎯⎯⎯⎯⎯⎯⎯⎯⎯⎯⎯⎯⎯⎯⎯⎯⎯⎯⎯[135/525]⎯

 FAIL  test/panel-kingdom-parity.test.tsx > leave ruler false has explicit safety warning and exact action
 FAIL  test/panel-kingdom-parity.test.tsx > leave ruler true has explicit safety warning and exact action
 FAIL  test/panel-kingdom-parity.test.tsx > leave vassal false has explicit safety warning and exact action
 FAIL  test/panel-kingdom-parity.test.tsx > leave vassal true has explicit safety warning and exact action
Error: Legacy harness failed: Unmatched legacy request: GET /api/bannerlord/content-catalogs ; Unmatched legacy request: GET /api/bannerlord/progression ; Unmatched legacy request: GET /api/bannerlord/content-catalogs 
 ❯ assertHealthy test/panel-legacy-harness.ts:173:32
    171|   }
    172|   function assertHealthy() {
    173|     if (failures.length) throw new Error(`Legacy harness failed: ${fai…
       |                                ^
    174|   }
    175|   const registerTimer = (handler: TimerHandler, ms: number | undefined…
 ❯ settle test/panel-legacy-harness.ts:287:5
 ❯ bootHero test/panel-legacy-harness.ts:350:188
 ❯ Object.bootCombat test/panel-legacy-harness.ts:358:5
 ❯ combatPair test/panel-combat-support.tsx:34:3
 ❯ test/panel-kingdom-parity.test.tsx:7:211

⎯⎯⎯⎯⎯⎯⎯⎯⎯⎯⎯⎯⎯⎯⎯⎯⎯⎯⎯⎯[136/525]⎯

 FAIL  test/panel-kingdom-parity.test.tsx > NPC hire quote confirmation false and 7s queue feedback
 FAIL  test/panel-kingdom-parity.test.tsx > NPC hire quote confirmation true and 7s queue feedback
Error: Legacy harness failed: Unmatched legacy request: GET /api/bannerlord/content-catalogs ; Unmatched legacy request: GET /api/bannerlord/progression ; Unmatched legacy request: GET /api/bannerlord/content-catalogs 
 ❯ assertHealthy test/panel-legacy-harness.ts:173:32
    171|   }
    172|   function assertHealthy() {
    173|     if (failures.length) throw new Error(`Legacy harness failed: ${fai…
       |                                ^
    174|   }
    175|   const registerTimer = (handler: TimerHandler, ms: number | undefined…
 ❯ settle test/panel-legacy-harness.ts:287:5
 ❯ bootHero test/panel-legacy-harness.ts:350:188
 ❯ Object.bootCombat test/panel-legacy-harness.ts:358:5
 ❯ combatPair test/panel-combat-support.tsx:34:3
 ❯ test/panel-kingdom-parity.test.tsx:8:111

⎯⎯⎯⎯⎯⎯⎯⎯⎯⎯⎯⎯⎯⎯⎯⎯⎯⎯⎯⎯[137/525]⎯

 FAIL  test/panel-kingdom-parity.test.tsx > blank create permitted, empty join silent, names preserved across ordinary polling
Error: Legacy harness failed: Unmatched legacy request: GET /api/bannerlord/content-catalogs ; Unmatched legacy request: GET /api/bannerlord/progression 
 ❯ assertHealthy test/panel-legacy-harness.ts:173:32
    171|   }
    172|   function assertHealthy() {
    173|     if (failures.length) throw new Error(`Legacy harness failed: ${fai…
       |                                ^
    174|   }
    175|   const registerTimer = (handler: TimerHandler, ms: number | undefined…
 ❯ settle test/panel-legacy-harness.ts:287:5
 ❯ bootHero test/panel-legacy-harness.ts:350:188
 ❯ Object.bootCombat test/panel-legacy-harness.ts:358:5
 ❯ combatPair test/panel-combat-support.tsx:34:3
 ❯ test/panel-kingdom-parity.test.tsx:9:107

⎯⎯⎯⎯⎯⎯⎯⎯⎯⎯⎯⎯⎯⎯⎯⎯⎯⎯⎯⎯[138/525]⎯

 FAIL  test/panel-kingdom-parity.test.tsx > real refusal Недопустимые символы в имени remains exact
 FAIL  test/panel-kingdom-parity.test.tsx > real refusal Нужно 100,000💰 динаров (у тебя 0💰). remains exact
Error: Legacy harness failed: Unmatched legacy request: GET /api/bannerlord/content-catalogs ; Unmatched legacy request: GET /api/bannerlord/progression 
 ❯ assertHealthy test/panel-legacy-harness.ts:173:32
    171|   }
    172|   function assertHealthy() {
    173|     if (failures.length) throw new Error(`Legacy harness failed: ${fai…
       |                                ^
    174|   }
    175|   const registerTimer = (handler: TimerHandler, ms: number | undefined…
 ❯ settle test/panel-legacy-harness.ts:287:5
 ❯ bootHero test/panel-legacy-harness.ts:350:188
 ❯ Object.bootCombat test/panel-legacy-harness.ts:358:5
 ❯ combatPair test/panel-combat-support.tsx:34:3
 ❯ test/panel-kingdom-parity.test.tsx:10:320

⎯⎯⎯⎯⎯⎯⎯⎯⎯⎯⎯⎯⎯⎯⎯⎯⎯⎯⎯⎯[139/525]⎯

 FAIL  test/panel-kingdom-parity.test.tsx > rebellion 1/2 stays actionable
 FAIL  test/panel-kingdom-parity.test.tsx > rebellion 2/2 stays actionable
Error: Legacy harness failed: Unmatched legacy request: GET /api/bannerlord/content-catalogs ; Unmatched legacy request: GET /api/bannerlord/progression ; Unmatched legacy request: GET /api/bannerlord/content-catalogs 
 ❯ assertHealthy test/panel-legacy-harness.ts:173:32
    171|   }
    172|   function assertHealthy() {
    173|     if (failures.length) throw new Error(`Legacy harness failed: ${fai…
       |                                ^
    174|   }
    175|   const registerTimer = (handler: TimerHandler, ms: number | undefined…
 ❯ settle test/panel-legacy-harness.ts:287:5
 ❯ bootHero test/panel-legacy-harness.ts:350:188
 ❯ Object.bootCombat test/panel-legacy-harness.ts:358:5
 ❯ combatPair test/panel-combat-support.tsx:34:3
 ❯ test/panel-kingdom-parity.test.tsx:11:165

⎯⎯⎯⎯⎯⎯⎯⎯⎯⎯⎯⎯⎯⎯⎯⎯⎯⎯⎯⎯[140/525]⎯

 FAIL  test/panel-kingdom-parity.test.tsx > outer collapsed kingdom retains details state/exposure while polls continue
Error: Legacy harness failed: Unmatched legacy request: GET /api/bannerlord/content-catalogs ; Unmatched legacy request: GET /api/bannerlord/progression ; Unmatched legacy request: GET /api/bannerlord/content-catalogs 
 ❯ assertHealthy test/panel-legacy-harness.ts:173:32
    171|   }
    172|   function assertHealthy() {
    173|     if (failures.length) throw new Error(`Legacy harness failed: ${fai…
       |                                ^
    174|   }
    175|   const registerTimer = (handler: TimerHandler, ms: number | undefined…
 ❯ settle test/panel-legacy-harness.ts:287:5
 ❯ bootHero test/panel-legacy-harness.ts:350:188
 ❯ Object.bootCombat test/panel-legacy-harness.ts:358:5
 ❯ combatPair test/panel-combat-support.tsx:34:3
 ❯ test/panel-kingdom-parity.test.tsx:12:100

⎯⎯⎯⎯⎯⎯⎯⎯⎯⎯⎯⎯⎯⎯⎯⎯⎯⎯⎯⎯[141/525]⎯

 FAIL  test/panel-kingdom-parity.test.tsx > same viewer idle token refresh leaves create draft and new current-token action usable
Error: Legacy harness failed: Unmatched legacy request: GET /api/bannerlord/content-catalogs ; Unmatched legacy request: GET /api/bannerlord/progression 
 ❯ assertHealthy test/panel-legacy-harness.ts:173:32
    171|   }
    172|   function assertHealthy() {
    173|     if (failures.length) throw new Error(`Legacy harness failed: ${fai…
       |                                ^
    174|   }
    175|   const registerTimer = (handler: TimerHandler, ms: number | undefined…
 ❯ settle test/panel-legacy-harness.ts:287:5
 ❯ bootHero test/panel-legacy-harness.ts:350:188
 ❯ Object.bootCombat test/panel-legacy-harness.ts:358:5
 ❯ combatPair test/panel-combat-support.tsx:34:3
 ❯ test/panel-kingdom-parity.test.tsx:13:111

⎯⎯⎯⎯⎯⎯⎯⎯⎯⎯⎯⎯⎯⎯⎯⎯⎯⎯⎯⎯[142/525]⎯

 FAIL  test/panel-kingdom-safety.test.tsx > malformed creation quote undefined disables click and Enter
 FAIL  test/panel-kingdom-safety.test.tsx > malformed creation quote null disables click and Enter
 FAIL  test/panel-kingdom-safety.test.tsx > malformed creation quote -1 disables click and Enter
 FAIL  test/panel-kingdom-safety.test.tsx > malformed creation quote 5000000 disables click and Enter
Error: Legacy harness failed: Unmatched legacy request: GET /api/bannerlord/content-catalogs ; Unmatched legacy request: GET /api/bannerlord/progression 
 ❯ assertHealthy test/panel-legacy-harness.ts:173:32
    171|   }
    172|   function assertHealthy() {
    173|     if (failures.length) throw new Error(`Legacy harness failed: ${fai…
       |                                ^
    174|   }
    175|   const registerTimer = (handler: TimerHandler, ms: number | undefined…
 ❯ settle test/panel-legacy-harness.ts:287:5
 ❯ bootHero test/panel-legacy-harness.ts:350:188
 ❯ Object.bootCombat test/panel-legacy-harness.ts:358:5
 ❯ combatPair test/panel-combat-support.tsx:34:3
 ❯ test/panel-kingdom-safety.test.tsx:7:226

⎯⎯⎯⎯⎯⎯⎯⎯⎯⎯⎯⎯⎯⎯⎯⎯⎯⎯⎯⎯[143/525]⎯

 FAIL  test/panel-kingdom-safety.test.tsx > valid creation quote 0 is server-owned and never in POST
 FAIL  test/panel-kingdom-safety.test.tsx > valid creation quote 1234567 is server-owned and never in POST
Error: Legacy harness failed: Unmatched legacy request: GET /api/bannerlord/content-catalogs ; Unmatched legacy request: GET /api/bannerlord/progression 
 ❯ assertHealthy test/panel-legacy-harness.ts:173:32
    171|   }
    172|   function assertHealthy() {
    173|     if (failures.length) throw new Error(`Legacy harness failed: ${fai…
       |                                ^
    174|   }
    175|   const registerTimer = (handler: TimerHandler, ms: number | undefined…
 ❯ settle test/panel-legacy-harness.ts:287:5
 ❯ bootHero test/panel-legacy-harness.ts:350:188
 ❯ Object.bootCombat test/panel-legacy-harness.ts:358:5
 ❯ combatPair test/panel-combat-support.tsx:34:3
 ❯ test/panel-kingdom-safety.test.tsx:8:119

⎯⎯⎯⎯⎯⎯⎯⎯⎯⎯⎯⎯⎯⎯⎯⎯⎯⎯⎯⎯[144/525]⎯

 FAIL  test/panel-kingdom-safety.test.tsx > retry recovers exact quote without erasing draft and never adds config to body
Error: Legacy harness failed: Unmatched legacy request: GET /api/bannerlord/content-catalogs ; Unmatched legacy request: GET /api/bannerlord/progression 
 ❯ assertHealthy test/panel-legacy-harness.ts:173:32
    171|   }
    172|   function assertHealthy() {
    173|     if (failures.length) throw new Error(`Legacy harness failed: ${fai…
       |                                ^
    174|   }
    175|   const registerTimer = (handler: TimerHandler, ms: number | undefined…
 ❯ settle test/panel-legacy-harness.ts:287:5
 ❯ bootHero test/panel-legacy-harness.ts:350:188
 ❯ Object.bootCombat test/panel-legacy-harness.ts:358:5
 ❯ combatPair test/panel-combat-support.tsx:34:3
 ❯ test/panel-kingdom-safety.test.tsx:9:103

⎯⎯⎯⎯⎯⎯⎯⎯⎯⎯⎯⎯⎯⎯⎯⎯⎯⎯⎯⎯[145/525]⎯

 FAIL  test/panel-kingdom-safety.test.tsx > NPC quote missing gold does not open confirm
 FAIL  test/panel-kingdom-safety.test.tsx > NPC quote missing crustics does not open confirm
Error: Legacy harness failed: Unmatched legacy request: GET /api/bannerlord/content-catalogs ; Unmatched legacy request: GET /api/bannerlord/progression ; Unmatched legacy request: GET /api/bannerlord/content-catalogs 
 ❯ assertHealthy test/panel-legacy-harness.ts:173:32
    171|   }
    172|   function assertHealthy() {
    173|     if (failures.length) throw new Error(`Legacy harness failed: ${fai…
       |                                ^
    174|   }
    175|   const registerTimer = (handler: TimerHandler, ms: number | undefined…
 ❯ settle test/panel-legacy-harness.ts:287:5
 ❯ bootHero test/panel-legacy-harness.ts:350:188
 ❯ Object.bootCombat test/panel-legacy-harness.ts:358:5
 ❯ combatPair test/panel-combat-support.tsx:34:3
 ❯ test/panel-kingdom-safety.test.tsx:10:335

⎯⎯⎯⎯⎯⎯⎯⎯⎯⎯⎯⎯⎯⎯⎯⎯⎯⎯⎯⎯[146/525]⎯

 FAIL  test/panel-kingdom-safety.test.tsx > NPC full quote 0/0 rechecked
 FAIL  test/panel-kingdom-safety.test.tsx > NPC full quote 1234567/456 rechecked
Error: Legacy harness failed: Unmatched legacy request: GET /api/bannerlord/content-catalogs ; Unmatched legacy request: GET /api/bannerlord/progression ; Unmatched legacy request: GET /api/bannerlord/content-catalogs 
 ❯ assertHealthy test/panel-legacy-harness.ts:173:32
    171|   }
    172|   function assertHealthy() {
    173|     if (failures.length) throw new Error(`Legacy harness failed: ${fai…
       |                                ^
    174|   }
    175|   const registerTimer = (handler: TimerHandler, ms: number | undefined…
 ❯ settle test/panel-legacy-harness.ts:287:5
 ❯ bootHero test/panel-legacy-harness.ts:350:188
 ❯ Object.bootCombat test/panel-legacy-harness.ts:358:5
 ❯ combatPair test/panel-combat-support.tsx:34:3
 ❯ test/panel-kingdom-safety.test.tsx:11:120

⎯⎯⎯⎯⎯⎯⎯⎯⎯⎯⎯⎯⎯⎯⎯⎯⎯⎯⎯⎯[147/525]⎯

 FAIL  test/panel-kingdom-safety.test.tsx > .bnr-recruit-vassal stale price affirmative sends no POST
 FAIL  test/panel-kingdom-safety.test.tsx > .bnr-kingdom-leave stale role affirmative sends no POST
 FAIL  test/panel-kingdom-safety.test.tsx > .bnr-recruit-vassal stale role affirmative sends no POST
 FAIL  test/panel-kingdom-safety.test.tsx > .bnr-kingdom-leave stale kingdom affirmative sends no POST
 FAIL  test/panel-kingdom-safety.test.tsx > .bnr-recruit-vassal stale kingdom affirmative sends no POST
 FAIL  test/panel-kingdom-safety.test.tsx > .bnr-kingdom-leave stale hero affirmative sends no POST
 FAIL  test/panel-kingdom-safety.test.tsx > .bnr-recruit-vassal stale hero affirmative sends no POST
 FAIL  test/panel-kingdom-safety.test.tsx > .bnr-kingdom-leave stale prisoner affirmative sends no POST
 FAIL  test/panel-kingdom-safety.test.tsx > .bnr-recruit-vassal stale prisoner affirmative sends no POST
 FAIL  test/panel-kingdom-safety.test.tsx > .bnr-kingdom-leave stale channel affirmative sends no POST
 FAIL  test/panel-kingdom-safety.test.tsx > .bnr-recruit-vassal stale channel affirmative sends no POST
 FAIL  test/panel-kingdom-safety.test.tsx > .bnr-kingdom-leave stale identity affirmative sends no POST
 FAIL  test/panel-kingdom-safety.test.tsx > .bnr-recruit-vassal stale identity affirmative sends no POST
 FAIL  test/panel-kingdom-safety.test.tsx > .bnr-kingdom-leave stale stop affirmative sends no POST
 FAIL  test/panel-kingdom-safety.test.tsx > .bnr-recruit-vassal stale stop affirmative sends no POST
 FAIL  test/panel-kingdom-safety.test.tsx > .bnr-kingdom-leave stale navigation affirmative sends no POST
 FAIL  test/panel-kingdom-safety.test.tsx > .bnr-recruit-vassal stale navigation affirmative sends no POST
 FAIL  test/panel-kingdom-safety.test.tsx > .bnr-kingdom-leave stale token affirmative sends no POST
 FAIL  test/panel-kingdom-safety.test.tsx > .bnr-recruit-vassal stale token affirmative sends no POST
Error: Legacy harness failed: Unmatched legacy request: GET /api/bannerlord/content-catalogs ; Unmatched legacy request: GET /api/bannerlord/progression ; Unmatched legacy request: GET /api/bannerlord/content-catalogs 
 ❯ assertHealthy test/panel-legacy-harness.ts:173:32
    171|   }
    172|   function assertHealthy() {
    173|     if (failures.length) throw new Error(`Legacy harness failed: ${fai…
       |                                ^
    174|   }
    175|   const registerTimer = (handler: TimerHandler, ms: number | undefined…
 ❯ settle test/panel-legacy-harness.ts:287:5
 ❯ bootHero test/panel-legacy-harness.ts:350:188
 ❯ Object.bootCombat test/panel-legacy-harness.ts:358:5
 ❯ combatPair test/panel-combat-support.tsx:34:3
 ❯ test/panel-kingdom-safety.test.tsx:12:282

⎯⎯⎯⎯⎯⎯⎯⎯⎯⎯⎯⎯⎯⎯⎯⎯⎯⎯⎯⎯[148/525]⎯

 FAIL  test/panel-kingdom-safety.test.tsx > real legacy leave bleeds changed JWT after stop; new confirmation is owned
Error: Legacy harness failed: Unmatched legacy request: GET /api/bannerlord/content-catalogs ; Unmatched legacy request: GET /api/bannerlord/progression ; Unmatched legacy request: GET /api/bannerlord/content-catalogs 
 ❯ assertHealthy test/panel-legacy-harness.ts:173:32
    171|   }
    172|   function assertHealthy() {
    173|     if (failures.length) throw new Error(`Legacy harness failed: ${fai…
       |                                ^
    174|   }
    175|   const registerTimer = (handler: TimerHandler, ms: number | undefined…
 ❯ settle test/panel-legacy-harness.ts:287:5
 ❯ bootHero test/panel-legacy-harness.ts:350:188
 ❯ Object.bootCombat test/panel-legacy-harness.ts:358:5
 ❯ combatPair test/panel-combat-support.tsx:34:3
 ❯ test/panel-kingdom-safety.test.tsx:13:99

⎯⎯⎯⎯⎯⎯⎯⎯⎯⎯⎯⎯⎯⎯⎯⎯⎯⎯⎯⎯[149/525]⎯

 FAIL  test/panel-kingdom-safety.test.tsx > real legacy hire remains after accepted nested realm change; new saved yes cannot send
Error: Legacy harness failed: Unmatched legacy request: GET /api/bannerlord/content-catalogs ; Unmatched legacy request: GET /api/bannerlord/progression ; Unmatched legacy request: GET /api/bannerlord/content-catalogs 
 ❯ assertHealthy test/panel-legacy-harness.ts:173:32
    171|   }
    172|   function assertHealthy() {
    173|     if (failures.length) throw new Error(`Legacy harness failed: ${fai…
       |                                ^
    174|   }
    175|   const registerTimer = (handler: TimerHandler, ms: number | undefined…
 ❯ settle test/panel-legacy-harness.ts:287:5
 ❯ bootHero test/panel-legacy-harness.ts:350:188
 ❯ Object.bootCombat test/panel-legacy-harness.ts:358:5
 ❯ combatPair test/panel-combat-support.tsx:34:3
 ❯ test/panel-kingdom-safety.test.tsx:14:111

⎯⎯⎯⎯⎯⎯⎯⎯⎯⎯⎯⎯⎯⎯⎯⎯⎯⎯⎯⎯[150/525]⎯

 FAIL  test/panel-kingdom-safety.test.tsx > known same-shape ordinary poll retains name but changed kingdom role clears editor
Error: Legacy harness failed: Unmatched legacy request: GET /api/bannerlord/content-catalogs ; Unmatched legacy request: GET /api/bannerlord/progression ; Unmatched legacy request: GET /api/bannerlord/content-catalogs 
 ❯ assertHealthy test/panel-legacy-harness.ts:173:32
    171|   }
    172|   function assertHealthy() {
    173|     if (failures.length) throw new Error(`Legacy harness failed: ${fai…
       |                                ^
    174|   }
    175|   const registerTimer = (handler: TimerHandler, ms: number | undefined…
 ❯ settle test/panel-legacy-harness.ts:287:5
 ❯ bootHero test/panel-legacy-harness.ts:350:188
 ❯ Object.bootCombat test/panel-legacy-harness.ts:358:5
 ❯ combatPair test/panel-combat-support.tsx:34:3
 ❯ test/panel-kingdom-safety.test.tsx:15:107

⎯⎯⎯⎯⎯⎯⎯⎯⎯⎯⎯⎯⎯⎯⎯⎯⎯⎯⎯⎯[151/525]⎯

 FAIL  test/panel-kingdom-safety.test.tsx > nonleader/dead host cannot expose kingdom mutation
 FAIL  test/panel-kingdom-safety.test.tsx > nonleader/dead host cannot expose kingdom mutation
Error: Legacy harness failed: Unmatched legacy request: GET /api/bannerlord/content-catalogs ; Unmatched legacy request: GET /api/bannerlord/progression 
 ❯ assertHealthy test/panel-legacy-harness.ts:173:32
    171|   }
    172|   function assertHealthy() {
    173|     if (failures.length) throw new Error(`Legacy harness failed: ${fai…
       |                                ^
    174|   }
    175|   const registerTimer = (handler: TimerHandler, ms: number | undefined…
 ❯ settle test/panel-legacy-harness.ts:287:5
 ❯ bootHero test/panel-legacy-harness.ts:350:188
 ❯ Object.bootCombat test/panel-legacy-harness.ts:358:5
 ❯ combatPair test/panel-combat-support.tsx:34:3
 ❯ test/panel-kingdom-safety.test.tsx:16:170

⎯⎯⎯⎯⎯⎯⎯⎯⎯⎯⎯⎯⎯⎯⎯⎯⎯⎯⎯⎯[152/525]⎯

 FAIL  test/panel-kingdom-safety.test.tsx > prisoner inherits current controls; game retains authoritative eligibility
Error: Legacy harness failed: Unmatched legacy request: GET /api/bannerlord/content-catalogs ; Unmatched legacy request: GET /api/bannerlord/progression ; Unmatched legacy request: GET /api/bannerlord/content-catalogs 
 ❯ assertHealthy test/panel-legacy-harness.ts:173:32
    171|   }
    172|   function assertHealthy() {
    173|     if (failures.length) throw new Error(`Legacy harness failed: ${fai…
       |                                ^
    174|   }
    175|   const registerTimer = (handler: TimerHandler, ms: number | undefined…
 ❯ settle test/panel-legacy-harness.ts:287:5
 ❯ bootHero test/panel-legacy-harness.ts:350:188
 ❯ Object.bootCombat test/panel-legacy-harness.ts:358:5
 ❯ combatPair test/panel-combat-support.tsx:34:3
 ❯ test/panel-kingdom-safety.test.tsx:17:99

⎯⎯⎯⎯⎯⎯⎯⎯⎯⎯⎯⎯⎯⎯⎯⎯⎯⎯⎯⎯[153/525]⎯

 FAIL  test/panel-kingdom-safety.test.tsx > safe Escape/backdrop dismissal, reopen, focus restores and no request
Error: Legacy harness failed: Unmatched legacy request: GET /api/bannerlord/content-catalogs ; Unmatched legacy request: GET /api/bannerlord/progression ; Unmatched legacy request: GET /api/bannerlord/content-catalogs 
 ❯ assertHealthy test/panel-legacy-harness.ts:173:32
    171|   }
    172|   function assertHealthy() {
    173|     if (failures.length) throw new Error(`Legacy harness failed: ${fai…
       |                                ^
    174|   }
    175|   const registerTimer = (handler: TimerHandler, ms: number | undefined…
 ❯ settle test/panel-legacy-harness.ts:287:5
 ❯ bootHero test/panel-legacy-harness.ts:350:188
 ❯ Object.bootCombat test/panel-legacy-harness.ts:358:5
 ❯ combatPair test/panel-combat-support.tsx:34:3
 ❯ test/panel-kingdom-safety.test.tsx:18:94

⎯⎯⎯⎯⎯⎯⎯⎯⎯⎯⎯⎯⎯⎯⎯⎯⎯⎯⎯⎯[154/525]⎯

 FAIL  test/panel-kingdom-safety.test.tsx > NPC feedback is visible for seven seconds without claiming execution
Error: Legacy harness failed: Unmatched legacy request: GET /api/bannerlord/content-catalogs ; Unmatched legacy request: GET /api/bannerlord/progression ; Unmatched legacy request: GET /api/bannerlord/content-catalogs 
 ❯ assertHealthy test/panel-legacy-harness.ts:173:32
    171|   }
    172|   function assertHealthy() {
    173|     if (failures.length) throw new Error(`Legacy harness failed: ${fai…
       |                                ^
    174|   }
    175|   const registerTimer = (handler: TimerHandler, ms: number | undefined…
 ❯ settle test/panel-legacy-harness.ts:287:5
 ❯ bootHero test/panel-legacy-harness.ts:350:188
 ❯ Object.bootCombat test/panel-legacy-harness.ts:358:5
 ❯ combatPair test/panel-combat-support.tsx:34:3
 ❯ test/panel-kingdom-safety.test.tsx:19:93

⎯⎯⎯⎯⎯⎯⎯⎯⎯⎯⎯⎯⎯⎯⎯⎯⎯⎯⎯⎯[155/525]⎯

 FAIL  test/panel-kingdom-safety.test.tsx > cancelled confirmation callback cannot accept a later reopened NPC quote
Error: Legacy harness failed: Unmatched legacy request: GET /api/bannerlord/content-catalogs ; Unmatched legacy request: GET /api/bannerlord/progression ; Unmatched legacy request: GET /api/bannerlord/content-catalogs 
 ❯ assertHealthy test/panel-legacy-harness.ts:173:32
    171|   }
    172|   function assertHealthy() {
    173|     if (failures.length) throw new Error(`Legacy harness failed: ${fai…
       |                                ^
    174|   }
    175|   const registerTimer = (handler: TimerHandler, ms: number | undefined…
 ❯ settle test/panel-legacy-harness.ts:287:5
 ❯ bootHero test/panel-legacy-harness.ts:350:188
 ❯ Object.bootCombat test/panel-legacy-harness.ts:358:5
 ❯ combatPair test/panel-combat-support.tsx:34:3
 ❯ test/panel-kingdom-safety.test.tsx:20:97

⎯⎯⎯⎯⎯⎯⎯⎯⎯⎯⎯⎯⎯⎯⎯⎯⎯⎯⎯⎯[156/525]⎯

 FAIL  test/panel-kingdom-safety.test.tsx > changed NPC quote closes original confirm with inherited price-change warning
Error: Legacy harness failed: Unmatched legacy request: GET /api/bannerlord/content-catalogs ; Unmatched legacy request: GET /api/bannerlord/progression ; Unmatched legacy request: GET /api/bannerlord/content-catalogs 
 ❯ assertHealthy test/panel-legacy-harness.ts:173:32
    171|   }
    172|   function assertHealthy() {
    173|     if (failures.length) throw new Error(`Legacy harness failed: ${fai…
       |                                ^
    174|   }
    175|   const registerTimer = (handler: TimerHandler, ms: number | undefined…
 ❯ settle test/panel-legacy-harness.ts:287:5
 ❯ bootHero test/panel-legacy-harness.ts:350:188
 ❯ Object.bootCombat test/panel-legacy-harness.ts:358:5
 ❯ combatPair test/panel-combat-support.tsx:34:3
 ❯ test/panel-kingdom-safety.test.tsx:21:102

⎯⎯⎯⎯⎯⎯⎯⎯⎯⎯⎯⎯⎯⎯⎯⎯⎯⎯⎯⎯[157/525]⎯

 FAIL  test/panel-kingdom-safety.test.tsx > join unverified price undefined is an intentional fail-closed divergence from old fallback
 FAIL  test/panel-kingdom-safety.test.tsx > join unverified price null is an intentional fail-closed divergence from old fallback
 FAIL  test/panel-kingdom-safety.test.tsx > join unverified price 100000 is an intentional fail-closed divergence from old fallback
 FAIL  test/panel-kingdom-safety.test.tsx > join unverified price -1 is an intentional fail-closed divergence from old fallback
Error: Legacy harness failed: Unmatched legacy request: GET /api/bannerlord/content-catalogs ; Unmatched legacy request: GET /api/bannerlord/progression 
 ❯ assertHealthy test/panel-legacy-harness.ts:173:32
    171|   }
    172|   function assertHealthy() {
    173|     if (failures.length) throw new Error(`Legacy harness failed: ${fai…
       |                                ^
    174|   }
    175|   const registerTimer = (handler: TimerHandler, ms: number | undefined…
 ❯ settle test/panel-legacy-harness.ts:287:5
 ❯ bootHero test/panel-legacy-harness.ts:350:188
 ❯ Object.bootCombat test/panel-legacy-harness.ts:358:5
 ❯ combatPair test/panel-combat-support.tsx:34:3
 ❯ test/panel-kingdom-safety.test.tsx:22:162

⎯⎯⎯⎯⎯⎯⎯⎯⎯⎯⎯⎯⎯⎯⎯⎯⎯⎯⎯⎯[158/525]⎯

 FAIL  test/panel-kingdom-safety.test.tsx > join retry keeps draft and accepts a real zero quote without sending price
Error: Legacy harness failed: Unmatched legacy request: GET /api/bannerlord/content-catalogs ; Unmatched legacy request: GET /api/bannerlord/progression 
 ❯ assertHealthy test/panel-legacy-harness.ts:173:32
    171|   }
    172|   function assertHealthy() {
    173|     if (failures.length) throw new Error(`Legacy harness failed: ${fai…
       |                                ^
    174|   }
    175|   const registerTimer = (handler: TimerHandler, ms: number | undefined…
 ❯ settle test/panel-legacy-harness.ts:287:5
 ❯ bootHero test/panel-legacy-harness.ts:350:188
 ❯ Object.bootCombat test/panel-legacy-harness.ts:358:5
 ❯ combatPair test/panel-combat-support.tsx:34:3
 ❯ test/panel-kingdom-safety.test.tsx:23:99

⎯⎯⎯⎯⎯⎯⎯⎯⎯⎯⎯⎯⎯⎯⎯⎯⎯⎯⎯⎯[159/525]⎯

 FAIL  test/panel-kingdom-safety.test.tsx > same-price NPC config refresh keeps affirmative valid; unknown outcome blocks all kingdom actions
Error: Legacy harness failed: Unmatched legacy request: GET /api/bannerlord/content-catalogs ; Unmatched legacy request: GET /api/bannerlord/progression ; Unmatched legacy request: GET /api/bannerlord/content-catalogs 
 ❯ assertHealthy test/panel-legacy-harness.ts:173:32
    171|   }
    172|   function assertHealthy() {
    173|     if (failures.length) throw new Error(`Legacy harness failed: ${fai…
       |                                ^
    174|   }
    175|   const registerTimer = (handler: TimerHandler, ms: number | undefined…
 ❯ settle test/panel-legacy-harness.ts:287:5
 ❯ bootHero test/panel-legacy-harness.ts:350:188
 ❯ Object.bootCombat test/panel-legacy-harness.ts:358:5
 ❯ combatPair test/panel-combat-support.tsx:34:3
 ❯ test/panel-kingdom-safety.test.tsx:24:122

⎯⎯⎯⎯⎯⎯⎯⎯⎯⎯⎯⎯⎯⎯⎯⎯⎯⎯⎯⎯[160/525]⎯

 FAIL  test/panel-kingdom-safety.test.tsx > old life config retry cannot revive absent creation quote in replacement viewer
Error: Legacy harness failed: Unmatched legacy request: GET /api/bannerlord/content-catalogs ; Unmatched legacy request: GET /api/bannerlord/progression 
 ❯ assertHealthy test/panel-legacy-harness.ts:173:32
    171|   }
    172|   function assertHealthy() {
    173|     if (failures.length) throw new Error(`Legacy harness failed: ${fai…
       |                                ^
    174|   }
    175|   const registerTimer = (handler: TimerHandler, ms: number | undefined…
 ❯ settle test/panel-legacy-harness.ts:287:5
 ❯ bootHero test/panel-legacy-harness.ts:350:188
 ❯ Object.bootCombat test/panel-legacy-harness.ts:358:5
 ❯ combatPair test/panel-combat-support.tsx:34:3
 ❯ test/panel-kingdom-safety.test.tsx:25:200

⎯⎯⎯⎯⎯⎯⎯⎯⎯⎯⎯⎯⎯⎯⎯⎯⎯⎯⎯⎯[161/525]⎯

 FAIL  test/panel-kingdom-safety.test.tsx > rebellion uses nondefault exported supporter/relation thresholds without synthetic block
Error: Legacy harness failed: Unmatched legacy request: GET /api/bannerlord/content-catalogs ; Unmatched legacy request: GET /api/bannerlord/progression ; Unmatched legacy request: GET /api/bannerlord/content-catalogs 
 ❯ assertHealthy test/panel-legacy-harness.ts:173:32
    171|   }
    172|   function assertHealthy() {
    173|     if (failures.length) throw new Error(`Legacy harness failed: ${fai…
       |                                ^
    174|   }
    175|   const registerTimer = (handler: TimerHandler, ms: number | undefined…
 ❯ settle test/panel-legacy-harness.ts:287:5
 ❯ bootHero test/panel-legacy-harness.ts:350:188
 ❯ Object.bootCombat test/panel-legacy-harness.ts:358:5
 ❯ combatPair test/panel-combat-support.tsx:34:3
 ❯ test/panel-kingdom-safety.test.tsx:26:285

⎯⎯⎯⎯⎯⎯⎯⎯⎯⎯⎯⎯⎯⎯⎯⎯⎯⎯⎯⎯[162/525]⎯

 FAIL  test/panel-kingdom-safety.test.tsx > 32-character custom kingdom name and exact maxLength stay unchanged
Error: Legacy harness failed: Unmatched legacy request: GET /api/bannerlord/content-catalogs ; Unmatched legacy request: GET /api/bannerlord/progression 
 ❯ assertHealthy test/panel-legacy-harness.ts:173:32
    171|   }
    172|   function assertHealthy() {
    173|     if (failures.length) throw new Error(`Legacy harness failed: ${fai…
       |                                ^
    174|   }
    175|   const registerTimer = (handler: TimerHandler, ms: number | undefined…
 ❯ settle test/panel-legacy-harness.ts:287:5
 ❯ bootHero test/panel-legacy-harness.ts:350:188
 ❯ Object.bootCombat test/panel-legacy-harness.ts:358:5
 ❯ combatPair test/panel-combat-support.tsx:34:3
 ❯ test/panel-kingdom-safety.test.tsx:27:92

⎯⎯⎯⎯⎯⎯⎯⎯⎯⎯⎯⎯⎯⎯⎯⎯⎯⎯⎯⎯[163/525]⎯

 FAIL  test/panel-kingdom-safety.test.tsx > fresh observed fixture_other_kingdom/false contradiction cancels .bnr-recruit-vassal consent
 FAIL  test/panel-kingdom-safety.test.tsx > fresh observed fixture_other_kingdom/false contradiction cancels .bnr-kingdom-leave consent
 FAIL  test/panel-kingdom-safety.test.tsx > fresh observed fixture_kingdom/false contradiction cancels .bnr-recruit-vassal consent
 FAIL  test/panel-kingdom-safety.test.tsx > fresh observed fixture_kingdom/false contradiction cancels .bnr-kingdom-leave consent
Error: Legacy harness failed: Unmatched legacy request: GET /api/bannerlord/content-catalogs ; Unmatched legacy request: GET /api/bannerlord/progression ; Unmatched legacy request: GET /api/bannerlord/content-catalogs 
 ❯ assertHealthy test/panel-legacy-harness.ts:173:32
    171|   }
    172|   function assertHealthy() {
    173|     if (failures.length) throw new Error(`Legacy harness failed: ${fai…
       |                                ^
    174|   }
    175|   const registerTimer = (handler: TimerHandler, ms: number | undefined…
 ❯ settle test/panel-legacy-harness.ts:287:5
 ❯ bootHero test/panel-legacy-harness.ts:350:188
 ❯ Object.bootCombat test/panel-legacy-harness.ts:358:5
 ❯ combatPair test/panel-combat-support.tsx:34:3
 ❯ test/panel-kingdom-safety.test.tsx:28:225

⎯⎯⎯⎯⎯⎯⎯⎯⎯⎯⎯⎯⎯⎯⎯⎯⎯⎯⎯⎯[164/525]⎯

 FAIL  test/panel-kingdom-safety.test.tsx > no diplomacy observation yet does not disable hero-owned K1 and agreeing first read keeps consent
Error: Legacy harness failed: Unmatched legacy request: GET /api/bannerlord/content-catalogs ; Unmatched legacy request: GET /api/bannerlord/progression 
 ❯ assertHealthy test/panel-legacy-harness.ts:173:32
    171|   }
    172|   function assertHealthy() {
    173|     if (failures.length) throw new Error(`Legacy harness failed: ${fai…
       |                                ^
    174|   }
    175|   const registerTimer = (handler: TimerHandler, ms: number | undefined…
 ❯ settle test/panel-legacy-harness.ts:287:5
 ❯ bootHero test/panel-legacy-harness.ts:350:188
 ❯ Object.bootCombat test/panel-legacy-harness.ts:358:5
 ❯ combatPair test/panel-combat-support.tsx:34:3
 ❯ test/panel-kingdom-safety.test.tsx:29:232

⎯⎯⎯⎯⎯⎯⎯⎯⎯⎯⎯⎯⎯⎯⎯⎯⎯⎯⎯⎯[165/525]⎯

 FAIL  test/panel-legacy-harness.test.ts > executes actual old rendered progression click and all success follow-ups without unrelated hosts
Error: Legacy harness failed: Unmatched legacy request: GET /api/bannerlord/content-catalogs ; Unmatched legacy request: GET /api/bannerlord/progression 
 ❯ assertHealthy test/panel-legacy-harness.ts:173:32
    171|   }
    172|   function assertHealthy() {
    173|     if (failures.length) throw new Error(`Legacy harness failed: ${fai…
       |                                ^
    174|   }
    175|   const registerTimer = (handler: TimerHandler, ms: number | undefined…
 ❯ settle test/panel-legacy-harness.ts:287:5
 ❯ Object.bootHero test/panel-legacy-harness.ts:353:7
 ❯ test/panel-legacy-harness.test.ts:8:5

⎯⎯⎯⎯⎯⎯⎯⎯⎯⎯⎯⎯⎯⎯⎯⎯⎯⎯⎯⎯[166/525]⎯

 FAIL  test/panel-legacy-harness.test.ts > real old build buttons and refusal DOM preserve server IDs/messages
Error: Legacy harness failed: Unmatched legacy request: GET /api/bannerlord/content-catalogs ; Unmatched legacy request: GET /api/bannerlord/progression 
 ❯ assertHealthy test/panel-legacy-harness.ts:173:32
    171|   }
    172|   function assertHealthy() {
    173|     if (failures.length) throw new Error(`Legacy harness failed: ${fai…
       |                                ^
    174|   }
    175|   const registerTimer = (handler: TimerHandler, ms: number | undefined…
 ❯ settle test/panel-legacy-harness.ts:287:5
 ❯ Object.bootHero test/panel-legacy-harness.ts:353:7
 ❯ test/panel-legacy-harness.test.ts:34:5

⎯⎯⎯⎯⎯⎯⎯⎯⎯⎯⎯⎯⎯⎯⎯⎯⎯⎯⎯⎯[167/525]⎯

 FAIL  test/panel-legacy-harness.test.ts > fails unmatched routes even when old catch blocks swallow fetch errors
Error: Legacy harness failed: Unmatched legacy request: GET /api/bannerlord/content-catalogs ; Unmatched legacy request: GET /api/bannerlord/progression 
 ❯ assertHealthy test/panel-legacy-harness.ts:173:32
    171|   }
    172|   function assertHealthy() {
    173|     if (failures.length) throw new Error(`Legacy harness failed: ${fai…
       |                                ^
    174|   }
    175|   const registerTimer = (handler: TimerHandler, ms: number | undefined…
 ❯ settle test/panel-legacy-harness.ts:287:5
 ❯ Object.bootHero test/panel-legacy-harness.ts:353:7
 ❯ test/panel-legacy-harness.test.ts:44:5

⎯⎯⎯⎯⎯⎯⎯⎯⎯⎯⎯⎯⎯⎯⎯⎯⎯⎯⎯⎯[168/525]⎯

 FAIL  test/panel-party-parity.test.tsx > production selected host restores dynasty with exact initial and 8s active-only reads
Error: Legacy harness failed: Unmatched legacy request: GET /api/bannerlord/content-catalogs ; Unmatched legacy request: GET /api/bannerlord/progression ; Unmatched legacy request: GET /api/bannerlord/content-catalogs 
 ❯ assertHealthy test/panel-legacy-harness.ts:173:32
    171|   }
    172|   function assertHealthy() {
    173|     if (failures.length) throw new Error(`Legacy harness failed: ${fai…
       |                                ^
    174|   }
    175|   const registerTimer = (handler: TimerHandler, ms: number | undefined…
 ❯ settle test/panel-legacy-harness.ts:287:5
 ❯ bootHero test/panel-legacy-harness.ts:350:188
 ❯ Object.bootCombat test/panel-legacy-harness.ts:358:5
 ❯ combatPair test/panel-combat-support.tsx:34:3
 ❯ test/panel-party-parity.test.tsx:3:110

⎯⎯⎯⎯⎯⎯⎯⎯⎯⎯⎯⎯⎯⎯⎯⎯⎯⎯⎯⎯[169/525]⎯

 FAIL  test/panel-party-parity.test.tsx > strategic siege exact target decoration and complete 2s/3.5s tails
 FAIL  test/panel-party-parity.test.tsx > strategic defend exact target decoration and complete 2s/3.5s tails
 FAIL  test/panel-party-parity.test.tsx > strategic raid exact target decoration and complete 2s/3.5s tails
 FAIL  test/panel-party-parity.test.tsx > strategic garrison exact target decoration and complete 2s/3.5s tails
 FAIL  test/panel-party-parity.test.tsx > strategic patrol exact target decoration and complete 2s/3.5s tails
Error: Legacy harness failed: Unmatched legacy request: GET /api/bannerlord/content-catalogs ; Unmatched legacy request: GET /api/bannerlord/progression ; Unmatched legacy request: GET /api/bannerlord/content-catalogs 
 ❯ assertHealthy test/panel-legacy-harness.ts:173:32
    171|   }
    172|   function assertHealthy() {
    173|     if (failures.length) throw new Error(`Legacy harness failed: ${fai…
       |                                ^
    174|   }
    175|   const registerTimer = (handler: TimerHandler, ms: number | undefined…
 ❯ settle test/panel-legacy-harness.ts:287:5
 ❯ bootHero test/panel-legacy-harness.ts:350:188
 ❯ Object.bootCombat test/panel-legacy-harness.ts:358:5
 ❯ combatPair test/panel-combat-support.tsx:34:3
 ❯ test/panel-party-parity.test.tsx:4:157

⎯⎯⎯⎯⎯⎯⎯⎯⎯⎯⎯⎯⎯⎯⎯⎯⎯⎯⎯⎯[170/525]⎯

 FAIL  test/panel-party-parity.test.tsx > recruit hides target and sends empty strings; old placeholder defect remains an explicit exception
Error: Legacy harness failed: Unmatched legacy request: GET /api/bannerlord/content-catalogs ; Unmatched legacy request: GET /api/bannerlord/progression ; Unmatched legacy request: GET /api/bannerlord/content-catalogs 
 ❯ assertHealthy test/panel-legacy-harness.ts:173:32
    171|   }
    172|   function assertHealthy() {
    173|     if (failures.length) throw new Error(`Legacy harness failed: ${fai…
       |                                ^
    174|   }
    175|   const registerTimer = (handler: TimerHandler, ms: number | undefined…
 ❯ settle test/panel-legacy-harness.ts:287:5
 ❯ bootHero test/panel-legacy-harness.ts:350:188
 ❯ Object.bootCombat test/panel-legacy-harness.ts:358:5
 ❯ combatPair test/panel-combat-support.tsx:34:3
 ❯ test/panel-party-parity.test.tsx:5:123

⎯⎯⎯⎯⎯⎯⎯⎯⎯⎯⎯⎯⎯⎯⎯⎯⎯⎯⎯⎯[171/525]⎯

 FAIL  test/panel-party-parity.test.tsx > release preserves real 1.5s explicit hidden read plus generic 3.5s tail
Error: Legacy harness failed: Unmatched legacy request: GET /api/bannerlord/content-catalogs ; Unmatched legacy request: GET /api/bannerlord/progression ; Unmatched legacy request: GET /api/bannerlord/content-catalogs 
 ❯ assertHealthy test/panel-legacy-harness.ts:173:32
    171|   }
    172|   function assertHealthy() {
    173|     if (failures.length) throw new Error(`Legacy harness failed: ${fai…
       |                                ^
    174|   }
    175|   const registerTimer = (handler: TimerHandler, ms: number | undefined…
 ❯ settle test/panel-legacy-harness.ts:287:5
 ❯ bootHero test/panel-legacy-harness.ts:350:188
 ❯ Object.bootCombat test/panel-legacy-harness.ts:358:5
 ❯ combatPair test/panel-combat-support.tsx:34:3
 ❯ test/panel-party-parity.test.tsx:6:96

⎯⎯⎯⎯⎯⎯⎯⎯⎯⎯⎯⎯⎯⎯⎯⎯⎯⎯⎯⎯[172/525]⎯

 FAIL  test/panel-party-parity.test.tsx > complete [data-bnr-action="army_create"] action and full success tails
 FAIL  test/panel-party-parity.test.tsx > complete .bnr-clan-party action and full success tails
Error: Legacy harness failed: Unmatched legacy request: GET /api/bannerlord/content-catalogs ; Unmatched legacy request: GET /api/bannerlord/progression ; Unmatched legacy request: GET /api/bannerlord/content-catalogs 
 ❯ assertHealthy test/panel-legacy-harness.ts:173:32
    171|   }
    172|   function assertHealthy() {
    173|     if (failures.length) throw new Error(`Legacy harness failed: ${fai…
       |                                ^
    174|   }
    175|   const registerTimer = (handler: TimerHandler, ms: number | undefined…
 ❯ settle test/panel-legacy-harness.ts:287:5
 ❯ bootHero test/panel-legacy-harness.ts:350:188
 ❯ Object.bootCombat test/panel-legacy-harness.ts:358:5
 ❯ combatPair test/panel-combat-support.tsx:34:3
 ❯ test/panel-party-parity.test.tsx:7:186

⎯⎯⎯⎯⎯⎯⎯⎯⎯⎯⎯⎯⎯⎯⎯⎯⎯⎯⎯⎯[173/525]⎯

 FAIL  test/panel-party-parity.test.tsx > real danger modal [data-bnr-action="army_disband"] answer false
 FAIL  test/panel-party-parity.test.tsx > real danger modal [data-bnr-action="army_disband"] answer true
 FAIL  test/panel-party-parity.test.tsx > real danger modal .bnr-clan-leave answer false
 FAIL  test/panel-party-parity.test.tsx > real danger modal .bnr-clan-leave answer true
Error: Legacy harness failed: Unmatched legacy request: GET /api/bannerlord/content-catalogs ; Unmatched legacy request: GET /api/bannerlord/progression ; Unmatched legacy request: GET /api/bannerlord/content-catalogs 
 ❯ assertHealthy test/panel-legacy-harness.ts:173:32
    171|   }
    172|   function assertHealthy() {
    173|     if (failures.length) throw new Error(`Legacy harness failed: ${fai…
       |                                ^
    174|   }
    175|   const registerTimer = (handler: TimerHandler, ms: number | undefined…
 ❯ settle test/panel-legacy-harness.ts:287:5
 ❯ bootHero test/panel-legacy-harness.ts:350:188
 ❯ Object.bootCombat test/panel-legacy-harness.ts:358:5
 ❯ combatPair test/panel-combat-support.tsx:34:3
 ❯ test/panel-party-parity.test.tsx:8:254

⎯⎯⎯⎯⎯⎯⎯⎯⎯⎯⎯⎯⎯⎯⎯⎯⎯⎯⎯⎯[174/525]⎯

 FAIL  test/panel-party-parity.test.tsx > real danger modal .bnr-locked-leave answer false
 FAIL  test/panel-party-parity.test.tsx > real danger modal .bnr-locked-leave answer true
Error: Legacy harness failed: Unmatched legacy request: GET /api/bannerlord/content-catalogs ; Unmatched legacy request: GET /api/bannerlord/progression 
 ❯ assertHealthy test/panel-legacy-harness.ts:173:32
    171|   }
    172|   function assertHealthy() {
    173|     if (failures.length) throw new Error(`Legacy harness failed: ${fai…
       |                                ^
    174|   }
    175|   const registerTimer = (handler: TimerHandler, ms: number | undefined…
 ❯ settle test/panel-legacy-harness.ts:287:5
 ❯ bootHero test/panel-legacy-harness.ts:350:188
 ❯ Object.bootCombat test/panel-legacy-harness.ts:358:5
 ❯ combatPair test/panel-combat-support.tsx:34:3
 ❯ test/panel-party-parity.test.tsx:8:254

⎯⎯⎯⎯⎯⎯⎯⎯⎯⎯⎯⎯⎯⎯⎯⎯⎯⎯⎯⎯[175/525]⎯

 FAIL  test/panel-party-parity.test.tsx > clan create trim and Enter exact payload
 FAIL  test/panel-party-parity.test.tsx > clan join trim and Enter exact payload
Error: Legacy harness failed: Unmatched legacy request: GET /api/bannerlord/content-catalogs ; Unmatched legacy request: GET /api/bannerlord/progression 
 ❯ assertHealthy test/panel-legacy-harness.ts:173:32
    171|   }
    172|   function assertHealthy() {
    173|     if (failures.length) throw new Error(`Legacy harness failed: ${fai…
       |                                ^
    174|   }
    175|   const registerTimer = (handler: TimerHandler, ms: number | undefined…
 ❯ settle test/panel-legacy-harness.ts:287:5
 ❯ bootHero test/panel-legacy-harness.ts:350:188
 ❯ Object.bootCombat test/panel-legacy-harness.ts:358:5
 ❯ combatPair test/panel-combat-support.tsx:34:3
 ❯ test/panel-party-parity.test.tsx:9:111

⎯⎯⎯⎯⎯⎯⎯⎯⎯⎯⎯⎯⎯⎯⎯⎯⎯⎯⎯⎯[176/525]⎯

 FAIL  test/panel-party-parity.test.tsx > draft survives changing active orders on ordinary poll and target lists are preselected
Error: Legacy harness failed: Unmatched legacy request: GET /api/bannerlord/content-catalogs ; Unmatched legacy request: GET /api/bannerlord/progression ; Unmatched legacy request: GET /api/bannerlord/content-catalogs 
 ❯ assertHealthy test/panel-legacy-harness.ts:173:32
    171|   }
    172|   function assertHealthy() {
    173|     if (failures.length) throw new Error(`Legacy harness failed: ${fai…
       |                                ^
    174|   }
    175|   const registerTimer = (handler: TimerHandler, ms: number | undefined…
 ❯ settle test/panel-legacy-harness.ts:287:5
 ❯ bootHero test/panel-legacy-harness.ts:350:188
 ❯ Object.bootCombat test/panel-legacy-harness.ts:358:5
 ❯ combatPair test/panel-combat-support.tsx:34:3
 ❯ test/panel-party-parity.test.tsx:10:112

⎯⎯⎯⎯⎯⎯⎯⎯⎯⎯⎯⎯⎯⎯⎯⎯⎯⎯⎯⎯[177/525]⎯

 FAIL  test/panel-party-parity.test.tsx > server refusal keeps exact message and still performs local order-read tail
Error: Legacy harness failed: Unmatched legacy request: GET /api/bannerlord/content-catalogs ; Unmatched legacy request: GET /api/bannerlord/progression ; Unmatched legacy request: GET /api/bannerlord/content-catalogs 
 ❯ assertHealthy test/panel-legacy-harness.ts:173:32
    171|   }
    172|   function assertHealthy() {
    173|     if (failures.length) throw new Error(`Legacy harness failed: ${fai…
       |                                ^
    174|   }
    175|   const registerTimer = (handler: TimerHandler, ms: number | undefined…
 ❯ settle test/panel-legacy-harness.ts:287:5
 ❯ bootHero test/panel-legacy-harness.ts:350:188
 ❯ Object.bootCombat test/panel-legacy-harness.ts:358:5
 ❯ combatPair test/panel-combat-support.tsx:34:3
 ❯ test/panel-party-parity.test.tsx:11:100

⎯⎯⎯⎯⎯⎯⎯⎯⎯⎯⎯⎯⎯⎯⎯⎯⎯⎯⎯⎯[178/525]⎯

 FAIL  test/panel-party-parity.test.tsx > empty lists stay select-mode with no made-up target or POST
Error: Legacy harness failed: Unmatched legacy request: GET /api/bannerlord/content-catalogs ; Unmatched legacy request: GET /api/bannerlord/progression ; Unmatched legacy request: GET /api/bannerlord/content-catalogs 
 ❯ assertHealthy test/panel-legacy-harness.ts:173:32
    171|   }
    172|   function assertHealthy() {
    173|     if (failures.length) throw new Error(`Legacy harness failed: ${fai…
       |                                ^
    174|   }
    175|   const registerTimer = (handler: TimerHandler, ms: number | undefined…
 ❯ settle test/panel-legacy-harness.ts:287:5
 ❯ bootHero test/panel-legacy-harness.ts:350:188
 ❯ Object.bootCombat test/panel-legacy-harness.ts:358:5
 ❯ combatPair test/panel-combat-support.tsx:34:3
 ❯ test/panel-party-parity.test.tsx:12:230

⎯⎯⎯⎯⎯⎯⎯⎯⎯⎯⎯⎯⎯⎯⎯⎯⎯⎯⎯⎯[179/525]⎯

 FAIL  test/panel-party-parity.test.tsx > absent lists permit manual target, trimmed with inherited three-character check
Error: Legacy harness failed: Unmatched legacy request: GET /api/bannerlord/content-catalogs ; Unmatched legacy request: GET /api/bannerlord/progression ; Unmatched legacy request: GET /api/bannerlord/content-catalogs 
 ❯ assertHealthy test/panel-legacy-harness.ts:173:32
    171|   }
    172|   function assertHealthy() {
    173|     if (failures.length) throw new Error(`Legacy harness failed: ${fai…
       |                                ^
    174|   }
    175|   const registerTimer = (handler: TimerHandler, ms: number | undefined…
 ❯ settle test/panel-legacy-harness.ts:287:5
 ❯ bootHero test/panel-legacy-harness.ts:350:188
 ❯ Object.bootCombat test/panel-legacy-harness.ts:358:5
 ❯ combatPair test/panel-combat-support.tsx:34:3
 ❯ test/panel-party-parity.test.tsx:13:254

⎯⎯⎯⎯⎯⎯⎯⎯⎯⎯⎯⎯⎯⎯⎯⎯⎯⎯⎯⎯[180/525]⎯

 FAIL  test/panel-party-parity.test.tsx > hidden dynasty suppresses ordinary polls, restored show resumes at next hero cadence
Error: Legacy harness failed: Unmatched legacy request: GET /api/bannerlord/content-catalogs ; Unmatched legacy request: GET /api/bannerlord/progression ; Unmatched legacy request: GET /api/bannerlord/content-catalogs 
 ❯ assertHealthy test/panel-legacy-harness.ts:173:32
    171|   }
    172|   function assertHealthy() {
    173|     if (failures.length) throw new Error(`Legacy harness failed: ${fai…
       |                                ^
    174|   }
    175|   const registerTimer = (handler: TimerHandler, ms: number | undefined…
 ❯ settle test/panel-legacy-harness.ts:287:5
 ❯ bootHero test/panel-legacy-harness.ts:350:188
 ❯ Object.bootCombat test/panel-legacy-harness.ts:358:5
 ❯ combatPair test/panel-combat-support.tsx:34:3
 ❯ test/panel-party-parity.test.tsx:14:109

⎯⎯⎯⎯⎯⎯⎯⎯⎯⎯⎯⎯⎯⎯⎯⎯⎯⎯⎯⎯[181/525]⎯

 FAIL  test/panel-party-parity.test.tsx > actual usage collector and 30s complete family trace #bnr-clan-confirm
 FAIL  test/panel-party-parity.test.tsx > actual usage collector and 30s complete family trace #bnr-j-confirm
Error: Legacy harness failed: Unmatched legacy request: GET /api/bannerlord/content-catalogs ; Unmatched legacy request: GET /api/bannerlord/progression 
 ❯ assertHealthy test/panel-legacy-harness.ts:173:32
    171|   }
    172|   function assertHealthy() {
    173|     if (failures.length) throw new Error(`Legacy harness failed: ${fai…
       |                                ^
    174|   }
    175|   const registerTimer = (handler: TimerHandler, ms: number | undefined…
 ❯ settle test/panel-legacy-harness.ts:287:5
 ❯ bootHero test/panel-legacy-harness.ts:350:188
 ❯ Object.bootCombat test/panel-legacy-harness.ts:358:5
 ❯ combatPair test/panel-combat-support.tsx:34:3
 ❯ test/panel-party-parity.test.tsx:15:553

⎯⎯⎯⎯⎯⎯⎯⎯⎯⎯⎯⎯⎯⎯⎯⎯⎯⎯⎯⎯[182/525]⎯

 FAIL  test/panel-party-parity.test.tsx > actual usage collector and 30s complete family trace .bnr-clan-party
 FAIL  test/panel-party-parity.test.tsx > actual usage collector and 30s complete family trace [data-bnr-action="army_create"]
 FAIL  test/panel-party-parity.test.tsx > actual usage collector and 30s complete family trace [data-bnr-action="army_disband"]
 FAIL  test/panel-party-parity.test.tsx > actual usage collector and 30s complete family trace .bnr-clan-leave
 FAIL  test/panel-party-parity.test.tsx > actual usage collector and 30s complete family trace #bnr-order-confirm
 FAIL  test/panel-party-parity.test.tsx > actual usage collector and 30s complete family trace #bnr-order-cancel
Error: Legacy harness failed: Unmatched legacy request: GET /api/bannerlord/content-catalogs ; Unmatched legacy request: GET /api/bannerlord/progression ; Unmatched legacy request: GET /api/bannerlord/content-catalogs 
 ❯ assertHealthy test/panel-legacy-harness.ts:173:32
    171|   }
    172|   function assertHealthy() {
    173|     if (failures.length) throw new Error(`Legacy harness failed: ${fai…
       |                                ^
    174|   }
    175|   const registerTimer = (handler: TimerHandler, ms: number | undefined…
 ❯ settle test/panel-legacy-harness.ts:287:5
 ❯ bootHero test/panel-legacy-harness.ts:350:188
 ❯ Object.bootCombat test/panel-legacy-harness.ts:358:5
 ❯ combatPair test/panel-combat-support.tsx:34:3
 ❯ test/panel-party-parity.test.tsx:15:553

⎯⎯⎯⎯⎯⎯⎯⎯⎯⎯⎯⎯⎯⎯⎯⎯⎯⎯⎯⎯[183/525]⎯

 FAIL  test/panel-party-parity.test.tsx > details collapse/reopen retains exposure and exact 30s trace
Error: Legacy harness failed: Unmatched legacy request: GET /api/bannerlord/content-catalogs ; Unmatched legacy request: GET /api/bannerlord/progression ; Unmatched legacy request: GET /api/bannerlord/content-catalogs 
 ❯ assertHealthy test/panel-legacy-harness.ts:173:32
    171|   }
    172|   function assertHealthy() {
    173|     if (failures.length) throw new Error(`Legacy harness failed: ${fai…
       |                                ^
    174|   }
    175|   const registerTimer = (handler: TimerHandler, ms: number | undefined…
 ❯ settle test/panel-legacy-harness.ts:287:5
 ❯ bootHero test/panel-legacy-harness.ts:350:188
 ❯ Object.bootCombat test/panel-legacy-harness.ts:358:5
 ❯ combatPair test/panel-combat-support.tsx:34:3
 ❯ test/panel-party-parity.test.tsx:16:85

⎯⎯⎯⎯⎯⎯⎯⎯⎯⎯⎯⎯⎯⎯⎯⎯⎯⎯⎯⎯[184/525]⎯

 FAIL  test/panel-party-safety.test.tsx > actual old party response reversal is reproduced while Preact keeps latest applied result
Error: Legacy harness failed: Unmatched legacy request: GET /api/bannerlord/content-catalogs ; Unmatched legacy request: GET /api/bannerlord/progression ; Unmatched legacy request: GET /api/bannerlord/content-catalogs 
 ❯ assertHealthy test/panel-legacy-harness.ts:173:32
    171|   }
    172|   function assertHealthy() {
    173|     if (failures.length) throw new Error(`Legacy harness failed: ${fai…
       |                                ^
    174|   }
    175|   const registerTimer = (handler: TimerHandler, ms: number | undefined…
 ❯ settle test/panel-legacy-harness.ts:287:5
 ❯ bootHero test/panel-legacy-harness.ts:350:188
 ❯ Object.bootCombat test/panel-legacy-harness.ts:358:5
 ❯ combatPair test/panel-combat-support.tsx:34:3
 ❯ test/panel-party-safety.test.tsx:10:11

⎯⎯⎯⎯⎯⎯⎯⎯⎯⎯⎯⎯⎯⎯⎯⎯⎯⎯⎯⎯[185/525]⎯

 FAIL  test/panel-party-safety.test.tsx > slow healthy party responses are not starved by later issued reads
Error: Legacy harness failed: Unmatched legacy request: GET /api/bannerlord/content-catalogs ; Unmatched legacy request: GET /api/bannerlord/progression ; Unmatched legacy request: GET /api/bannerlord/content-catalogs 
 ❯ assertHealthy test/panel-legacy-harness.ts:173:32
    171|   }
    172|   function assertHealthy() {
    173|     if (failures.length) throw new Error(`Legacy harness failed: ${fai…
       |                                ^
    174|   }
    175|   const registerTimer = (handler: TimerHandler, ms: number | undefined…
 ❯ settle test/panel-legacy-harness.ts:287:5
 ❯ bootHero test/panel-legacy-harness.ts:350:188
 ❯ Object.bootCombat test/panel-legacy-harness.ts:358:5
 ❯ combatPair test/panel-combat-support.tsx:34:3
 ❯ test/panel-party-safety.test.tsx:15:11

⎯⎯⎯⎯⎯⎯⎯⎯⎯⎯⎯⎯⎯⎯⎯⎯⎯⎯⎯⎯[186/525]⎯

 FAIL  test/panel-party-safety.test.tsx > unchanged legacy writes after stop; owned Preact read cannot repopulate stopped host
Error: Legacy harness failed: Unmatched legacy request: GET /api/bannerlord/content-catalogs ; Unmatched legacy request: GET /api/bannerlord/progression ; Unmatched legacy request: GET /api/bannerlord/content-catalogs 
 ❯ assertHealthy test/panel-legacy-harness.ts:173:32
    171|   }
    172|   function assertHealthy() {
    173|     if (failures.length) throw new Error(`Legacy harness failed: ${fai…
       |                                ^
    174|   }
    175|   const registerTimer = (handler: TimerHandler, ms: number | undefined…
 ❯ settle test/panel-legacy-harness.ts:287:5
 ❯ bootHero test/panel-legacy-harness.ts:350:188
 ❯ Object.bootCombat test/panel-legacy-harness.ts:358:5
 ❯ combatPair test/panel-combat-support.tsx:34:3
 ❯ test/panel-party-safety.test.tsx:18:11

⎯⎯⎯⎯⎯⎯⎯⎯⎯⎯⎯⎯⎯⎯⎯⎯⎯⎯⎯⎯[187/525]⎯

 FAIL  test/panel-party-safety.test.tsx > ignored pre-identity hero completion cannot launch a fresh party read for a new owner
Error: Legacy harness failed: Unmatched legacy request: GET /api/bannerlord/content-catalogs ; Unmatched legacy request: GET /api/bannerlord/progression ; Unmatched legacy request: GET /api/bannerlord/content-catalogs 
 ❯ assertHealthy test/panel-legacy-harness.ts:173:32
    171|   }
    172|   function assertHealthy() {
    173|     if (failures.length) throw new Error(`Legacy harness failed: ${fai…
       |                                ^
    174|   }
    175|   const registerTimer = (handler: TimerHandler, ms: number | undefined…
 ❯ settle test/panel-legacy-harness.ts:287:5
 ❯ bootHero test/panel-legacy-harness.ts:350:188
 ❯ Object.bootCombat test/panel-legacy-harness.ts:358:5
 ❯ combatPair test/panel-combat-support.tsx:34:3
 ❯ test/panel-party-safety.test.tsx:21:11

⎯⎯⎯⎯⎯⎯⎯⎯⎯⎯⎯⎯⎯⎯⎯⎯⎯⎯⎯⎯[188/525]⎯

 FAIL  test/panel-party-safety.test.tsx > [data-bnr-action="army_disband"] original confirmation cannot authorize changed observable viewer
 FAIL  test/panel-party-safety.test.tsx > .bnr-clan-leave original confirmation cannot authorize changed observable viewer
Error: Legacy harness failed: Unmatched legacy request: GET /api/bannerlord/content-catalogs ; Unmatched legacy request: GET /api/bannerlord/progression ; Unmatched legacy request: GET /api/bannerlord/content-catalogs 
 ❯ assertHealthy test/panel-legacy-harness.ts:173:32
    171|   }
    172|   function assertHealthy() {
    173|     if (failures.length) throw new Error(`Legacy harness failed: ${fai…
       |                                ^
    174|   }
    175|   const registerTimer = (handler: TimerHandler, ms: number | undefined…
 ❯ settle test/panel-legacy-harness.ts:287:5
 ❯ bootHero test/panel-legacy-harness.ts:350:188
 ❯ Object.bootCombat test/panel-legacy-harness.ts:358:5
 ❯ combatPair test/panel-combat-support.tsx:34:3
 ❯ test/panel-party-safety.test.tsx:25:11

⎯⎯⎯⎯⎯⎯⎯⎯⎯⎯⎯⎯⎯⎯⎯⎯⎯⎯⎯⎯[189/525]⎯

 FAIL  test/panel-party-safety.test.tsx > .bnr-locked-leave original confirmation cannot authorize changed observable viewer
Error: Legacy harness failed: Unmatched legacy request: GET /api/bannerlord/content-catalogs ; Unmatched legacy request: GET /api/bannerlord/progression 
 ❯ assertHealthy test/panel-legacy-harness.ts:173:32
    171|   }
    172|   function assertHealthy() {
    173|     if (failures.length) throw new Error(`Legacy harness failed: ${fai…
       |                                ^
    174|   }
    175|   const registerTimer = (handler: TimerHandler, ms: number | undefined…
 ❯ settle test/panel-legacy-harness.ts:287:5
 ❯ bootHero test/panel-legacy-harness.ts:350:188
 ❯ Object.bootCombat test/panel-legacy-harness.ts:358:5
 ❯ combatPair test/panel-combat-support.tsx:34:3
 ❯ test/panel-party-safety.test.tsx:25:11

⎯⎯⎯⎯⎯⎯⎯⎯⎯⎯⎯⎯⎯⎯⎯⎯⎯⎯⎯⎯[190/525]⎯

 FAIL  test/panel-party-safety.test.tsx > army confirmation invalidates changed hero
 FAIL  test/panel-party-safety.test.tsx > army confirmation invalidates changed clan
 FAIL  test/panel-party-safety.test.tsx > army confirmation invalidates changed army
 FAIL  test/panel-party-safety.test.tsx > army confirmation invalidates changed quote
Error: Legacy harness failed: Unmatched legacy request: GET /api/bannerlord/content-catalogs ; Unmatched legacy request: GET /api/bannerlord/progression ; Unmatched legacy request: GET /api/bannerlord/content-catalogs 
 ❯ assertHealthy test/panel-legacy-harness.ts:173:32
    171|   }
    172|   function assertHealthy() {
    173|     if (failures.length) throw new Error(`Legacy harness failed: ${fai…
       |                                ^
    174|   }
    175|   const registerTimer = (handler: TimerHandler, ms: number | undefined…
 ❯ settle test/panel-legacy-harness.ts:287:5
 ❯ bootHero test/panel-legacy-harness.ts:350:188
 ❯ Object.bootCombat test/panel-legacy-harness.ts:358:5
 ❯ combatPair test/panel-combat-support.tsx:34:3
 ❯ test/panel-party-safety.test.tsx:28:11

⎯⎯⎯⎯⎯⎯⎯⎯⎯⎯⎯⎯⎯⎯⎯⎯⎯⎯⎯⎯[191/525]⎯

 FAIL  test/panel-party-safety.test.tsx > same-viewer JWT renewal retains draft and permits a fresh affirmative with current JWT
Error: Legacy harness failed: Unmatched legacy request: GET /api/bannerlord/content-catalogs ; Unmatched legacy request: GET /api/bannerlord/progression ; Unmatched legacy request: GET /api/bannerlord/content-catalogs 
 ❯ assertHealthy test/panel-legacy-harness.ts:173:32
    171|   }
    172|   function assertHealthy() {
    173|     if (failures.length) throw new Error(`Legacy harness failed: ${fai…
       |                                ^
    174|   }
    175|   const registerTimer = (handler: TimerHandler, ms: number | undefined…
 ❯ settle test/panel-legacy-harness.ts:287:5
 ❯ bootHero test/panel-legacy-harness.ts:350:188
 ❯ Object.bootCombat test/panel-legacy-harness.ts:358:5
 ❯ combatPair test/panel-combat-support.tsx:34:3
 ❯ test/panel-party-safety.test.tsx:33:11

⎯⎯⎯⎯⎯⎯⎯⎯⎯⎯⎯⎯⎯⎯⎯⎯⎯⎯⎯⎯[192/525]⎯

 FAIL  test/panel-party-safety.test.tsx > local 1500ms tail cannot follow stop and new JWT; original legacy hole stays measured
 FAIL  test/panel-party-safety.test.tsx > local 2000ms tail cannot follow stop and new JWT; original legacy hole stays measured
Error: Legacy harness failed: Unmatched legacy request: GET /api/bannerlord/content-catalogs ; Unmatched legacy request: GET /api/bannerlord/progression ; Unmatched legacy request: GET /api/bannerlord/content-catalogs 
 ❯ assertHealthy test/panel-legacy-harness.ts:173:32
    171|   }
    172|   function assertHealthy() {
    173|     if (failures.length) throw new Error(`Legacy harness failed: ${fai…
       |                                ^
    174|   }
    175|   const registerTimer = (handler: TimerHandler, ms: number | undefined…
 ❯ settle test/panel-legacy-harness.ts:287:5
 ❯ bootHero test/panel-legacy-harness.ts:350:188
 ❯ Object.bootCombat test/panel-legacy-harness.ts:358:5
 ❯ combatPair test/panel-combat-support.tsx:34:3
 ❯ test/panel-party-safety.test.tsx:36:11

⎯⎯⎯⎯⎯⎯⎯⎯⎯⎯⎯⎯⎯⎯⎯⎯⎯⎯⎯⎯[193/525]⎯

 FAIL  test/panel-party-safety.test.tsx > same-viewer token changed during pending order cannot schedule old local tail
Error: Legacy harness failed: Unmatched legacy request: GET /api/bannerlord/content-catalogs ; Unmatched legacy request: GET /api/bannerlord/progression ; Unmatched legacy request: GET /api/bannerlord/content-catalogs 
 ❯ assertHealthy test/panel-legacy-harness.ts:173:32
    171|   }
    172|   function assertHealthy() {
    173|     if (failures.length) throw new Error(`Legacy harness failed: ${fai…
       |                                ^
    174|   }
    175|   const registerTimer = (handler: TimerHandler, ms: number | undefined…
 ❯ settle test/panel-legacy-harness.ts:287:5
 ❯ bootHero test/panel-legacy-harness.ts:350:188
 ❯ Object.bootCombat test/panel-legacy-harness.ts:358:5
 ❯ combatPair test/panel-combat-support.tsx:34:3
 ❯ test/panel-party-safety.test.tsx:40:42

⎯⎯⎯⎯⎯⎯⎯⎯⎯⎯⎯⎯⎯⎯⎯⎯⎯⎯⎯⎯[194/525]⎯

 FAIL  test/panel-party-safety.test.tsx > read before accepted set cannot resurrect the old order after acknowledgement
Error: Legacy harness failed: Unmatched legacy request: GET /api/bannerlord/content-catalogs ; Unmatched legacy request: GET /api/bannerlord/progression ; Unmatched legacy request: GET /api/bannerlord/content-catalogs 
 ❯ assertHealthy test/panel-legacy-harness.ts:173:32
    171|   }
    172|   function assertHealthy() {
    173|     if (failures.length) throw new Error(`Legacy harness failed: ${fai…
       |                                ^
    174|   }
    175|   const registerTimer = (handler: TimerHandler, ms: number | undefined…
 ❯ settle test/panel-legacy-harness.ts:287:5
 ❯ bootHero test/panel-legacy-harness.ts:350:188
 ❯ Object.bootCombat test/panel-legacy-harness.ts:358:5
 ❯ combatPair test/panel-combat-support.tsx:34:3
 ❯ test/panel-party-safety.test.tsx:43:11

⎯⎯⎯⎯⎯⎯⎯⎯⎯⎯⎯⎯⎯⎯⎯⎯⎯⎯⎯⎯[195/525]⎯

 FAIL  test/panel-party-safety.test.tsx > party error preserves the last confirmed snapshot and text, then retry recovers
Error: Legacy harness failed: Unmatched legacy request: GET /api/bannerlord/content-catalogs ; Unmatched legacy request: GET /api/bannerlord/progression ; Unmatched legacy request: GET /api/bannerlord/content-catalogs 
 ❯ assertHealthy test/panel-legacy-harness.ts:173:32
    171|   }
    172|   function assertHealthy() {
    173|     if (failures.length) throw new Error(`Legacy harness failed: ${fai…
       |                                ^
    174|   }
    175|   const registerTimer = (handler: TimerHandler, ms: number | undefined…
 ❯ settle test/panel-legacy-harness.ts:287:5
 ❯ bootHero test/panel-legacy-harness.ts:350:188
 ❯ Object.bootCombat test/panel-legacy-harness.ts:358:5
 ❯ combatPair test/panel-combat-support.tsx:34:3
 ❯ test/panel-party-safety.test.tsx:46:11

⎯⎯⎯⎯⎯⎯⎯⎯⎯⎯⎯⎯⎯⎯⎯⎯⎯⎯⎯⎯[196/525]⎯

 FAIL  test/panel-party-safety.test.tsx > army member retains inherited disband affordance and real server owns eligibility
Error: Legacy harness failed: Unmatched legacy request: GET /api/bannerlord/content-catalogs ; Unmatched legacy request: GET /api/bannerlord/progression ; Unmatched legacy request: GET /api/bannerlord/content-catalogs 
 ❯ assertHealthy test/panel-legacy-harness.ts:173:32
    171|   }
    172|   function assertHealthy() {
    173|     if (failures.length) throw new Error(`Legacy harness failed: ${fai…
       |                                ^
    174|   }
    175|   const registerTimer = (handler: TimerHandler, ms: number | undefined…
 ❯ settle test/panel-legacy-harness.ts:287:5
 ❯ bootHero test/panel-legacy-harness.ts:350:188
 ❯ Object.bootCombat test/panel-legacy-harness.ts:358:5
 ❯ combatPair test/panel-combat-support.tsx:34:3
 ❯ test/panel-party-safety.test.tsx:48:106

⎯⎯⎯⎯⎯⎯⎯⎯⎯⎯⎯⎯⎯⎯⎯⎯⎯⎯⎯⎯[197/525]⎯

 FAIL  test/panel-party-safety.test.tsx > missing clan price is unavailable without fake free quote
 FAIL  test/panel-party-safety.test.tsx > missing join price is unavailable without fake free quote
Error: Legacy harness failed: Unmatched legacy request: GET /api/bannerlord/content-catalogs ; Unmatched legacy request: GET /api/bannerlord/progression 
 ❯ assertHealthy test/panel-legacy-harness.ts:173:32
    171|   }
    172|   function assertHealthy() {
    173|     if (failures.length) throw new Error(`Legacy harness failed: ${fai…
       |                                ^
    174|   }
    175|   const registerTimer = (handler: TimerHandler, ms: number | undefined…
 ❯ settle test/panel-legacy-harness.ts:287:5
 ❯ bootHero test/panel-legacy-harness.ts:350:188
 ❯ Object.bootCombat test/panel-legacy-harness.ts:358:5
 ❯ combatPair test/panel-combat-support.tsx:34:3
 ❯ test/panel-party-safety.test.tsx:51:11

⎯⎯⎯⎯⎯⎯⎯⎯⎯⎯⎯⎯⎯⎯⎯⎯⎯⎯⎯⎯[198/525]⎯

 FAIL  test/panel-party-safety.test.tsx > missing party price is unavailable without fake free quote
 FAIL  test/panel-party-safety.test.tsx > missing army price is unavailable without fake free quote
 FAIL  test/panel-party-safety.test.tsx > missing order price is unavailable without fake free quote
Error: Legacy harness failed: Unmatched legacy request: GET /api/bannerlord/content-catalogs ; Unmatched legacy request: GET /api/bannerlord/progression ; Unmatched legacy request: GET /api/bannerlord/content-catalogs 
 ❯ assertHealthy test/panel-legacy-harness.ts:173:32
    171|   }
    172|   function assertHealthy() {
    173|     if (failures.length) throw new Error(`Legacy harness failed: ${fai…
       |                                ^
    174|   }
    175|   const registerTimer = (handler: TimerHandler, ms: number | undefined…
 ❯ settle test/panel-legacy-harness.ts:287:5
 ❯ bootHero test/panel-legacy-harness.ts:350:188
 ❯ Object.bootCombat test/panel-legacy-harness.ts:358:5
 ❯ combatPair test/panel-combat-support.tsx:34:3
 ❯ test/panel-party-safety.test.tsx:51:11

⎯⎯⎯⎯⎯⎯⎯⎯⎯⎯⎯⎯⎯⎯⎯⎯⎯⎯⎯⎯[199/525]⎯

 FAIL  test/panel-party-safety.test.tsx > create/join open drafts survive ordinary hero/config polls and Enter uses latest synchronous text
Error: Legacy harness failed: Unmatched legacy request: GET /api/bannerlord/content-catalogs ; Unmatched legacy request: GET /api/bannerlord/progression 
 ❯ assertHealthy test/panel-legacy-harness.ts:173:32
    171|   }
    172|   function assertHealthy() {
    173|     if (failures.length) throw new Error(`Legacy harness failed: ${fai…
       |                                ^
    174|   }
    175|   const registerTimer = (handler: TimerHandler, ms: number | undefined…
 ❯ settle test/panel-legacy-harness.ts:287:5
 ❯ bootHero test/panel-legacy-harness.ts:350:188
 ❯ Object.bootCombat test/panel-legacy-harness.ts:358:5
 ❯ combatPair test/panel-combat-support.tsx:34:3
 ❯ test/panel-party-safety.test.tsx:53:122

⎯⎯⎯⎯⎯⎯⎯⎯⎯⎯⎯⎯⎯⎯⎯⎯⎯⎯⎯⎯[200/525]⎯

 FAIL  test/panel-party-safety.test.tsx > unknown-outcome lock crosses order, clan, army and retinue controls
Error: Legacy harness failed: Unmatched legacy request: GET /api/bannerlord/content-catalogs ; Unmatched legacy request: GET /api/bannerlord/progression ; Unmatched legacy request: GET /api/bannerlord/content-catalogs 
 ❯ assertHealthy test/panel-legacy-harness.ts:173:32
    171|   }
    172|   function assertHealthy() {
    173|     if (failures.length) throw new Error(`Legacy harness failed: ${fai…
       |                                ^
    174|   }
    175|   const registerTimer = (handler: TimerHandler, ms: number | undefined…
 ❯ settle test/panel-legacy-harness.ts:287:5
 ❯ bootHero test/panel-legacy-harness.ts:350:188
 ❯ Object.bootCombat test/panel-legacy-harness.ts:358:5
 ❯ combatPair test/panel-combat-support.tsx:34:3
 ❯ test/panel-party-safety.test.tsx:54:92

⎯⎯⎯⎯⎯⎯⎯⎯⎯⎯⎯⎯⎯⎯⎯⎯⎯⎯⎯⎯[201/525]⎯

 FAIL  test/panel-party-safety.test.tsx > dismiss by backdrop or Escape sends nothing and can reopen with current context
Error: Legacy harness failed: Unmatched legacy request: GET /api/bannerlord/content-catalogs ; Unmatched legacy request: GET /api/bannerlord/progression ; Unmatched legacy request: GET /api/bannerlord/content-catalogs 
 ❯ assertHealthy test/panel-legacy-harness.ts:173:32
    171|   }
    172|   function assertHealthy() {
    173|     if (failures.length) throw new Error(`Legacy harness failed: ${fai…
       |                                ^
    174|   }
    175|   const registerTimer = (handler: TimerHandler, ms: number | undefined…
 ❯ settle test/panel-legacy-harness.ts:287:5
 ❯ bootHero test/panel-legacy-harness.ts:350:188
 ❯ Object.bootCombat test/panel-legacy-harness.ts:358:5
 ❯ combatPair test/panel-combat-support.tsx:34:3
 ❯ test/panel-party-safety.test.tsx:55:104

⎯⎯⎯⎯⎯⎯⎯⎯⎯⎯⎯⎯⎯⎯⎯⎯⎯⎯⎯⎯[202/525]⎯

 FAIL  test/panel-party-safety.test.tsx > collapsed army and order cards remain collapsed without suppressing active reads
Error: Legacy harness failed: Unmatched legacy request: GET /api/bannerlord/content-catalogs ; Unmatched legacy request: GET /api/bannerlord/progression ; Unmatched legacy request: GET /api/bannerlord/content-catalogs 
 ❯ assertHealthy test/panel-legacy-harness.ts:173:32
    171|   }
    172|   function assertHealthy() {
    173|     if (failures.length) throw new Error(`Legacy harness failed: ${fai…
       |                                ^
    174|   }
    175|   const registerTimer = (handler: TimerHandler, ms: number | undefined…
 ❯ settle test/panel-legacy-harness.ts:287:5
 ❯ bootHero test/panel-legacy-harness.ts:350:188
 ❯ Object.bootCombat test/panel-legacy-harness.ts:358:5
 ❯ combatPair test/panel-combat-support.tsx:34:3
 ❯ test/panel-party-safety.test.tsx:56:105

⎯⎯⎯⎯⎯⎯⎯⎯⎯⎯⎯⎯⎯⎯⎯⎯⎯⎯⎯⎯[203/525]⎯

 FAIL  test/panel-party-safety.test.tsx > read-owned clan switch clears previous order and does not preserve stale target draft
Error: Legacy harness failed: Unmatched legacy request: GET /api/bannerlord/content-catalogs ; Unmatched legacy request: GET /api/bannerlord/progression ; Unmatched legacy request: GET /api/bannerlord/content-catalogs 
 ❯ assertHealthy test/panel-legacy-harness.ts:173:32
    171|   }
    172|   function assertHealthy() {
    173|     if (failures.length) throw new Error(`Legacy harness failed: ${fai…
       |                                ^
    174|   }
    175|   const registerTimer = (handler: TimerHandler, ms: number | undefined…
 ❯ settle test/panel-legacy-harness.ts:287:5
 ❯ bootHero test/panel-legacy-harness.ts:350:188
 ❯ Object.bootCombat test/panel-legacy-harness.ts:358:5
 ❯ combatPair test/panel-combat-support.tsx:34:3
 ❯ test/panel-party-safety.test.tsx:57:110

⎯⎯⎯⎯⎯⎯⎯⎯⎯⎯⎯⎯⎯⎯⎯⎯⎯⎯⎯⎯[204/525]⎯

 FAIL  test/panel-party-safety.test.tsx > legacy army danger confirmation really sends under changed JWT while new host cancels it
Error: Legacy harness failed: Unmatched legacy request: GET /api/bannerlord/content-catalogs ; Unmatched legacy request: GET /api/bannerlord/progression ; Unmatched legacy request: GET /api/bannerlord/content-catalogs 
 ❯ assertHealthy test/panel-legacy-harness.ts:173:32
    171|   }
    172|   function assertHealthy() {
    173|     if (failures.length) throw new Error(`Legacy harness failed: ${fai…
       |                                ^
    174|   }
    175|   const registerTimer = (handler: TimerHandler, ms: number | undefined…
 ❯ settle test/panel-legacy-harness.ts:287:5
 ❯ bootHero test/panel-legacy-harness.ts:350:188
 ❯ Object.bootCombat test/panel-legacy-harness.ts:358:5
 ❯ combatPair test/panel-combat-support.tsx:34:3
 ❯ test/panel-party-safety.test.tsx:58:113

⎯⎯⎯⎯⎯⎯⎯⎯⎯⎯⎯⎯⎯⎯⎯⎯⎯⎯⎯⎯[205/525]⎯

 FAIL  test/panel-party-safety.test.tsx > blank create is permitted, blank join is silent and sends nothing
Error: Legacy harness failed: Unmatched legacy request: GET /api/bannerlord/content-catalogs ; Unmatched legacy request: GET /api/bannerlord/progression 
 ❯ assertHealthy test/panel-legacy-harness.ts:173:32
    171|   }
    172|   function assertHealthy() {
    173|     if (failures.length) throw new Error(`Legacy harness failed: ${fai…
       |                                ^
    174|   }
    175|   const registerTimer = (handler: TimerHandler, ms: number | undefined…
 ❯ settle test/panel-legacy-harness.ts:287:5
 ❯ bootHero test/panel-legacy-harness.ts:350:188
 ❯ Object.bootCombat test/panel-legacy-harness.ts:358:5
 ❯ combatPair test/panel-combat-support.tsx:34:3
 ❯ test/panel-party-safety.test.tsx:59:90

⎯⎯⎯⎯⎯⎯⎯⎯⎯⎯⎯⎯⎯⎯⎯⎯⎯⎯⎯⎯[206/525]⎯

 FAIL  test/panel-party-safety.test.tsx > real released expired or recruit snapshot null
 FAIL  test/panel-party-safety.test.tsx > real released expired or recruit snapshot null
 FAIL  test/panel-party-safety.test.tsx > real released expired or recruit snapshot {"id":6,"order_type":"recruit","target_settlement_id":"","target_settlement_name":"","issued_at":"2026-10-02 22:37:43","expires_at":"2026-10-02 23:07:43"}
Error: Legacy harness failed: Unmatched legacy request: GET /api/bannerlord/content-catalogs ; Unmatched legacy request: GET /api/bannerlord/progression ; Unmatched legacy request: GET /api/bannerlord/content-catalogs 
 ❯ assertHealthy test/panel-legacy-harness.ts:173:32
    171|   }
    172|   function assertHealthy() {
    173|     if (failures.length) throw new Error(`Legacy harness failed: ${fai…
       |                                ^
    174|   }
    175|   const registerTimer = (handler: TimerHandler, ms: number | undefined…
 ❯ settle test/panel-legacy-harness.ts:287:5
 ❯ bootHero test/panel-legacy-harness.ts:350:188
 ❯ Object.bootCombat test/panel-legacy-harness.ts:358:5
 ❯ combatPair test/panel-combat-support.tsx:34:3
 ❯ test/panel-party-safety.test.tsx:60:173

⎯⎯⎯⎯⎯⎯⎯⎯⎯⎯⎯⎯⎯⎯⎯⎯⎯⎯⎯⎯[207/525]⎯

 FAIL  test/panel-party-safety.test.tsx > hero leader outside kingdom has no army button but complete own orders
Error: Legacy harness failed: Unmatched legacy request: GET /api/bannerlord/content-catalogs ; Unmatched legacy request: GET /api/bannerlord/progression ; Unmatched legacy request: GET /api/bannerlord/content-catalogs 
 ❯ assertHealthy test/panel-legacy-harness.ts:173:32
    171|   }
    172|   function assertHealthy() {
    173|     if (failures.length) throw new Error(`Legacy harness failed: ${fai…
       |                                ^
    174|   }
    175|   const registerTimer = (handler: TimerHandler, ms: number | undefined…
 ❯ settle test/panel-legacy-harness.ts:287:5
 ❯ bootHero test/panel-legacy-harness.ts:350:188
 ❯ Object.bootCombat test/panel-legacy-harness.ts:358:5
 ❯ combatPair test/panel-combat-support.tsx:34:3
 ❯ test/panel-party-safety.test.tsx:61:188

⎯⎯⎯⎯⎯⎯⎯⎯⎯⎯⎯⎯⎯⎯⎯⎯⎯⎯⎯⎯[208/525]⎯

 FAIL  test/panel-party-safety.test.tsx > nondefault server action/gold quotes change display without adding UI prices to request
Error: Legacy harness failed: Unmatched legacy request: GET /api/bannerlord/content-catalogs ; Unmatched legacy request: GET /api/bannerlord/progression ; Unmatched legacy request: GET /api/bannerlord/content-catalogs 
 ❯ assertHealthy test/panel-legacy-harness.ts:173:32
    171|   }
    172|   function assertHealthy() {
    173|     if (failures.length) throw new Error(`Legacy harness failed: ${fai…
       |                                ^
    174|   }
    175|   const registerTimer = (handler: TimerHandler, ms: number | undefined…
 ❯ settle test/panel-legacy-harness.ts:287:5
 ❯ bootHero test/panel-legacy-harness.ts:350:188
 ❯ Object.bootCombat test/panel-legacy-harness.ts:358:5
 ❯ combatPair test/panel-combat-support.tsx:34:3
 ❯ test/panel-party-safety.test.tsx:62:297

⎯⎯⎯⎯⎯⎯⎯⎯⎯⎯⎯⎯⎯⎯⎯⎯⎯⎯⎯⎯[209/525]⎯

 FAIL  test/panel-party-safety.test.tsx > army/clan and order UI cannot dispatch after navigation or unmount, including saved yes handlers
Error: Legacy harness failed: Unmatched legacy request: GET /api/bannerlord/content-catalogs ; Unmatched legacy request: GET /api/bannerlord/progression ; Unmatched legacy request: GET /api/bannerlord/content-catalogs 
 ❯ assertHealthy test/panel-legacy-harness.ts:173:32
    171|   }
    172|   function assertHealthy() {
    173|     if (failures.length) throw new Error(`Legacy harness failed: ${fai…
       |                                ^
    174|   }
    175|   const registerTimer = (handler: TimerHandler, ms: number | undefined…
 ❯ settle test/panel-legacy-harness.ts:287:5
 ❯ bootHero test/panel-legacy-harness.ts:350:188
 ❯ Object.bootCombat test/panel-legacy-harness.ts:358:5
 ❯ combatPair test/panel-combat-support.tsx:34:3
 ❯ test/panel-party-safety.test.tsx:63:121

⎯⎯⎯⎯⎯⎯⎯⎯⎯⎯⎯⎯⎯⎯⎯⎯⎯⎯⎯⎯[210/525]⎯

 FAIL  test/panel-party-safety.test.tsx > double same-frame strategic submission remains one POST and preserves caller telemetry
Error: Legacy harness failed: Unmatched legacy request: GET /api/bannerlord/content-catalogs ; Unmatched legacy request: GET /api/bannerlord/progression ; Unmatched legacy request: GET /api/bannerlord/content-catalogs 
 ❯ assertHealthy test/panel-legacy-harness.ts:173:32
    171|   }
    172|   function assertHealthy() {
    173|     if (failures.length) throw new Error(`Legacy harness failed: ${fai…
       |                                ^
    174|   }
    175|   const registerTimer = (handler: TimerHandler, ms: number | undefined…
 ❯ settle test/panel-legacy-harness.ts:287:5
 ❯ bootHero test/panel-legacy-harness.ts:350:188
 ❯ Object.bootCombat test/panel-legacy-harness.ts:358:5
 ❯ combatPair test/panel-combat-support.tsx:34:3
 ❯ test/panel-party-safety.test.tsx:64:142

⎯⎯⎯⎯⎯⎯⎯⎯⎯⎯⎯⎯⎯⎯⎯⎯⎯⎯⎯⎯[211/525]⎯

 FAIL  test/panel-party-safety.test.tsx > a scheduled acknowledged order tail cannot move onto a later same-viewer token
Error: Legacy harness failed: Unmatched legacy request: GET /api/bannerlord/content-catalogs ; Unmatched legacy request: GET /api/bannerlord/progression ; Unmatched legacy request: GET /api/bannerlord/content-catalogs 
 ❯ assertHealthy test/panel-legacy-harness.ts:173:32
    171|   }
    172|   function assertHealthy() {
    173|     if (failures.length) throw new Error(`Legacy harness failed: ${fai…
       |                                ^
    174|   }
    175|   const registerTimer = (handler: TimerHandler, ms: number | undefined…
 ❯ settle test/panel-legacy-harness.ts:287:5
 ❯ bootHero test/panel-legacy-harness.ts:350:188
 ❯ Object.bootCombat test/panel-legacy-harness.ts:358:5
 ❯ combatPair test/panel-combat-support.tsx:34:3
 ❯ test/panel-party-safety.test.tsx:65:103

⎯⎯⎯⎯⎯⎯⎯⎯⎯⎯⎯⎯⎯⎯⎯⎯⎯⎯⎯⎯[212/525]⎯

 FAIL  test/panel-party-safety.test.tsx > old party read token cannot replace the newly resolved same-viewer state
Error: Legacy harness failed: Unmatched legacy request: GET /api/bannerlord/content-catalogs ; Unmatched legacy request: GET /api/bannerlord/progression ; Unmatched legacy request: GET /api/bannerlord/content-catalogs 
 ❯ assertHealthy test/panel-legacy-harness.ts:173:32
    171|   }
    172|   function assertHealthy() {
    173|     if (failures.length) throw new Error(`Legacy harness failed: ${fai…
       |                                ^
    174|   }
    175|   const registerTimer = (handler: TimerHandler, ms: number | undefined…
 ❯ settle test/panel-legacy-harness.ts:287:5
 ❯ bootHero test/panel-legacy-harness.ts:350:188
 ❯ Object.bootCombat test/panel-legacy-harness.ts:358:5
 ❯ combatPair test/panel-combat-support.tsx:34:3
 ❯ test/panel-party-safety.test.tsx:66:97

⎯⎯⎯⎯⎯⎯⎯⎯⎯⎯⎯⎯⎯⎯⎯⎯⎯⎯⎯⎯[213/525]⎯

 FAIL  test/panel-party-safety.test.tsx > config retry restores clan creation price without replacing the typed draft
Error: Legacy harness failed: Unmatched legacy request: GET /api/bannerlord/content-catalogs ; Unmatched legacy request: GET /api/bannerlord/progression 
 ❯ assertHealthy test/panel-legacy-harness.ts:173:32
    171|   }
    172|   function assertHealthy() {
    173|     if (failures.length) throw new Error(`Legacy harness failed: ${fai…
       |                                ^
    174|   }
    175|   const registerTimer = (handler: TimerHandler, ms: number | undefined…
 ❯ settle test/panel-legacy-harness.ts:287:5
 ❯ bootHero test/panel-legacy-harness.ts:350:188
 ❯ Object.bootCombat test/panel-legacy-harness.ts:358:5
 ❯ combatPair test/panel-combat-support.tsx:34:3
 ❯ test/panel-party-safety.test.tsx:67:208

⎯⎯⎯⎯⎯⎯⎯⎯⎯⎯⎯⎯⎯⎯⎯⎯⎯⎯⎯⎯[214/525]⎯

 FAIL  test/panel-party-safety.test.tsx > actual active siege target preselection matches old list
 FAIL  test/panel-party-safety.test.tsx > actual active defend target preselection matches old list
 FAIL  test/panel-party-safety.test.tsx > actual active raid target preselection matches old list
 FAIL  test/panel-party-safety.test.tsx > actual active garrison target preselection matches old list
 FAIL  test/panel-party-safety.test.tsx > actual active patrol target preselection matches old list
Error: Legacy harness failed: Unmatched legacy request: GET /api/bannerlord/content-catalogs ; Unmatched legacy request: GET /api/bannerlord/progression ; Unmatched legacy request: GET /api/bannerlord/content-catalogs 
 ❯ assertHealthy test/panel-legacy-harness.ts:173:32
    171|   }
    172|   function assertHealthy() {
    173|     if (failures.length) throw new Error(`Legacy harness failed: ${fai…
       |                                ^
    174|   }
    175|   const registerTimer = (handler: TimerHandler, ms: number | undefined…
 ❯ settle test/panel-legacy-harness.ts:287:5
 ❯ bootHero test/panel-legacy-harness.ts:350:188
 ❯ Object.bootCombat test/panel-legacy-harness.ts:358:5
 ❯ combatPair test/panel-combat-support.tsx:34:3
 ❯ test/panel-party-safety.test.tsx:68:202

⎯⎯⎯⎯⎯⎯⎯⎯⎯⎯⎯⎯⎯⎯⎯⎯⎯⎯⎯⎯[215/525]⎯

 FAIL  test/panel-party-safety.test.tsx > new hero target editor cannot submit old same-frame values after context changes
Error: Legacy harness failed: Unmatched legacy request: GET /api/bannerlord/content-catalogs ; Unmatched legacy request: GET /api/bannerlord/progression ; Unmatched legacy request: GET /api/bannerlord/content-catalogs 
 ❯ assertHealthy test/panel-legacy-harness.ts:173:32
    171|   }
    172|   function assertHealthy() {
    173|     if (failures.length) throw new Error(`Legacy harness failed: ${fai…
       |                                ^
    174|   }
    175|   const registerTimer = (handler: TimerHandler, ms: number | undefined…
 ❯ settle test/panel-legacy-harness.ts:287:5
 ❯ bootHero test/panel-legacy-harness.ts:350:188
 ❯ Object.bootCombat test/panel-legacy-harness.ts:358:5
 ❯ combatPair test/panel-combat-support.tsx:34:3
 ❯ test/panel-party-safety.test.tsx:69:105

⎯⎯⎯⎯⎯⎯⎯⎯⎯⎯⎯⎯⎯⎯⎯⎯⎯⎯⎯⎯[216/525]⎯

 FAIL  test/panel-retinue-parity.test.tsx > entire full retinue has three real controls with old affordance
 FAIL  test/panel-retinue-parity.test.tsx > entire empty retinue has three real controls with old affordance
 FAIL  test/panel-retinue-parity.test.tsx > entire poor retinue has three real controls with old affordance
 FAIL  test/panel-retinue-parity.test.tsx > entire full_poor retinue has three real controls with old affordance
 FAIL  test/panel-retinue-parity.test.tsx > entire cap7 retinue has three real controls with old affordance
Error: Legacy harness failed: Unmatched legacy request: GET /api/bannerlord/content-catalogs ; Unmatched legacy request: GET /api/bannerlord/progression 
 ❯ assertHealthy test/panel-legacy-harness.ts:173:32
    171|   }
    172|   function assertHealthy() {
    173|     if (failures.length) throw new Error(`Legacy harness failed: ${fai…
       |                                ^
    174|   }
    175|   const registerTimer = (handler: TimerHandler, ms: number | undefined…
 ❯ settle test/panel-legacy-harness.ts:287:5
 ❯ bootHero test/panel-legacy-harness.ts:353:7
 ❯ Object.bootCombat test/panel-legacy-harness.ts:358:5
 ❯ combatPair test/panel-combat-support.tsx:34:3
 ❯ test/panel-retinue-parity.test.tsx:17:11

⎯⎯⎯⎯⎯⎯⎯⎯⎯⎯⎯⎯⎯⎯⎯⎯⎯⎯⎯⎯[217/525]⎯

 FAIL  test/panel-retinue-parity.test.tsx > retinue #bnr-recruit-basic-btn exact complete request action and hidden 3500ms tail
 FAIL  test/panel-retinue-parity.test.tsx > retinue #bnr-recruit-elite-btn exact complete request action and hidden 3500ms tail
 FAIL  test/panel-retinue-parity.test.tsx > retinue #bnr-train-troops-btn exact complete request action and hidden 3500ms tail
Error: Legacy harness failed: Unmatched legacy request: GET /api/bannerlord/content-catalogs ; Unmatched legacy request: GET /api/bannerlord/progression 
 ❯ assertHealthy test/panel-legacy-harness.ts:173:32
    171|   }
    172|   function assertHealthy() {
    173|     if (failures.length) throw new Error(`Legacy harness failed: ${fai…
       |                                ^
    174|   }
    175|   const registerTimer = (handler: TimerHandler, ms: number | undefined…
 ❯ settle test/panel-legacy-harness.ts:287:5
 ❯ bootHero test/panel-legacy-harness.ts:353:7
 ❯ Object.bootCombat test/panel-legacy-harness.ts:358:5
 ❯ combatPair test/panel-combat-support.tsx:34:3
 ❯ test/panel-retinue-parity.test.tsx:20:11

⎯⎯⎯⎯⎯⎯⎯⎯⎯⎯⎯⎯⎯⎯⎯⎯⎯⎯⎯⎯[218/525]⎯

 FAIL  test/panel-retinue-parity.test.tsx > empty retinue affordability updates poor to rich to poor without reload (intentional legacy fix)
Error: Legacy harness failed: Unmatched legacy request: GET /api/bannerlord/content-catalogs ; Unmatched legacy request: GET /api/bannerlord/progression 
 ❯ assertHealthy test/panel-legacy-harness.ts:173:32
    171|   }
    172|   function assertHealthy() {
    173|     if (failures.length) throw new Error(`Legacy harness failed: ${fai…
       |                                ^
    174|   }
    175|   const registerTimer = (handler: TimerHandler, ms: number | undefined…
 ❯ settle test/panel-legacy-harness.ts:287:5
 ❯ bootHero test/panel-legacy-harness.ts:353:7
 ❯ Object.bootCombat test/panel-legacy-harness.ts:358:5
 ❯ combatPair test/panel-combat-support.tsx:34:3
 ❯ test/panel-retinue-parity.test.tsx:23:11

⎯⎯⎯⎯⎯⎯⎯⎯⎯⎯⎯⎯⎯⎯⎯⎯⎯⎯⎯⎯[219/525]⎯

 FAIL  test/panel-retinue-parity.test.tsx > cap-only update and gold update reconcile buttons and retain expanded details
Error: Legacy harness failed: Unmatched legacy request: GET /api/bannerlord/content-catalogs ; Unmatched legacy request: GET /api/bannerlord/progression 
 ❯ assertHealthy test/panel-legacy-harness.ts:173:32
    171|   }
    172|   function assertHealthy() {
    173|     if (failures.length) throw new Error(`Legacy harness failed: ${fai…
       |                                ^
    174|   }
    175|   const registerTimer = (handler: TimerHandler, ms: number | undefined…
 ❯ settle test/panel-legacy-harness.ts:287:5
 ❯ bootHero test/panel-legacy-harness.ts:353:7
 ❯ Object.bootCombat test/panel-legacy-harness.ts:358:5
 ❯ combatPair test/panel-combat-support.tsx:34:3
 ❯ test/panel-retinue-parity.test.tsx:31:11

⎯⎯⎯⎯⎯⎯⎯⎯⎯⎯⎯⎯⎯⎯⎯⎯⎯⎯⎯⎯[220/525]⎯

 FAIL  test/panel-retinue-parity.test.tsx > nondefault server tier prices and elite multiplier drive all estimates
Error: Legacy harness failed: Unmatched legacy request: GET /api/bannerlord/content-catalogs ; Unmatched legacy request: GET /api/bannerlord/progression 
 ❯ assertHealthy test/panel-legacy-harness.ts:173:32
    171|   }
    172|   function assertHealthy() {
    173|     if (failures.length) throw new Error(`Legacy harness failed: ${fai…
       |                                ^
    174|   }
    175|   const registerTimer = (handler: TimerHandler, ms: number | undefined…
 ❯ settle test/panel-legacy-harness.ts:287:5
 ❯ bootHero test/panel-legacy-harness.ts:353:7
 ❯ Object.bootCombat test/panel-legacy-harness.ts:358:5
 ❯ combatPair test/panel-combat-support.tsx:34:3
 ❯ test/panel-retinue-parity.test.tsx:37:92

⎯⎯⎯⎯⎯⎯⎯⎯⎯⎯⎯⎯⎯⎯⎯⎯⎯⎯⎯⎯[221/525]⎯

 FAIL  test/panel-retinue-parity.test.tsx > missing server price and cap fail closed rather than quoting free or invented values
Error: Legacy harness failed: Unmatched legacy request: GET /api/bannerlord/content-catalogs ; Unmatched legacy request: GET /api/bannerlord/progression 
 ❯ assertHealthy test/panel-legacy-harness.ts:173:32
    171|   }
    172|   function assertHealthy() {
    173|     if (failures.length) throw new Error(`Legacy harness failed: ${fai…
       |                                ^
    174|   }
    175|   const registerTimer = (handler: TimerHandler, ms: number | undefined…
 ❯ settle test/panel-legacy-harness.ts:287:5
 ❯ bootHero test/panel-legacy-harness.ts:353:7
 ❯ Object.bootCombat test/panel-legacy-harness.ts:358:5
 ❯ combatPair test/panel-combat-support.tsx:34:3
 ❯ test/panel-retinue-parity.test.tsx:40:11

⎯⎯⎯⎯⎯⎯⎯⎯⎯⎯⎯⎯⎯⎯⎯⎯⎯⎯⎯⎯[222/525]⎯

 FAIL  test/panel-retinue-parity.test.tsx > both recruit choices share returned cooldown and recover at expiry
Error: Legacy harness failed: Unmatched legacy request: GET /api/bannerlord/content-catalogs ; Unmatched legacy request: GET /api/bannerlord/progression 
 ❯ assertHealthy test/panel-legacy-harness.ts:173:32
    171|   }
    172|   function assertHealthy() {
    173|     if (failures.length) throw new Error(`Legacy harness failed: ${fai…
       |                                ^
    174|   }
    175|   const registerTimer = (handler: TimerHandler, ms: number | undefined…
 ❯ settle test/panel-legacy-harness.ts:287:5
 ❯ bootHero test/panel-legacy-harness.ts:353:7
 ❯ Object.bootCombat test/panel-legacy-harness.ts:358:5
 ❯ combatPair test/panel-combat-support.tsx:34:3
 ❯ test/panel-retinue-parity.test.tsx:44:11

⎯⎯⎯⎯⎯⎯⎯⎯⎯⎯⎯⎯⎯⎯⎯⎯⎯⎯⎯⎯[223/525]⎯

 FAIL  test/panel-retinue-parity.test.tsx > same-turn duplicate action stays single flight and keeps usage attempts
Error: Legacy harness failed: Unmatched legacy request: GET /api/bannerlord/content-catalogs ; Unmatched legacy request: GET /api/bannerlord/progression 
 ❯ assertHealthy test/panel-legacy-harness.ts:173:32
    171|   }
    172|   function assertHealthy() {
    173|     if (failures.length) throw new Error(`Legacy harness failed: ${fai…
       |                                ^
    174|   }
    175|   const registerTimer = (handler: TimerHandler, ms: number | undefined…
 ❯ settle test/panel-legacy-harness.ts:287:5
 ❯ bootHero test/panel-legacy-harness.ts:353:7
 ❯ Object.bootCombat test/panel-legacy-harness.ts:358:5
 ❯ combatPair test/panel-combat-support.tsx:34:3
 ❯ test/panel-retinue-parity.test.tsx:47:11

⎯⎯⎯⎯⎯⎯⎯⎯⎯⎯⎯⎯⎯⎯⎯⎯⎯⎯⎯⎯[224/525]⎯

 FAIL  test/panel-retinue-parity.test.tsx > real cooldown refusal displays returned seconds and no success tail
Error: Legacy harness failed: Unmatched legacy request: GET /api/bannerlord/content-catalogs ; Unmatched legacy request: GET /api/bannerlord/progression 
 ❯ assertHealthy test/panel-legacy-harness.ts:173:32
    171|   }
    172|   function assertHealthy() {
    173|     if (failures.length) throw new Error(`Legacy harness failed: ${fai…
       |                                ^
    174|   }
    175|   const registerTimer = (handler: TimerHandler, ms: number | undefined…
 ❯ settle test/panel-legacy-harness.ts:287:5
 ❯ bootHero test/panel-legacy-harness.ts:353:7
 ❯ Object.bootCombat test/panel-legacy-harness.ts:358:5
 ❯ combatPair test/panel-combat-support.tsx:34:3
 ❯ test/panel-retinue-parity.test.tsx:50:11

⎯⎯⎯⎯⎯⎯⎯⎯⎯⎯⎯⎯⎯⎯⎯⎯⎯⎯⎯⎯[225/525]⎯

 FAIL  test/panel-retinue-parity.test.tsx > details exposure records real feature telemetry once per expansion
Error: Legacy harness failed: Unmatched legacy request: GET /api/bannerlord/content-catalogs ; Unmatched legacy request: GET /api/bannerlord/progression 
 ❯ assertHealthy test/panel-legacy-harness.ts:173:32
    171|   }
    172|   function assertHealthy() {
    173|     if (failures.length) throw new Error(`Legacy harness failed: ${fai…
       |                                ^
    174|   }
    175|   const registerTimer = (handler: TimerHandler, ms: number | undefined…
 ❯ settle test/panel-legacy-harness.ts:287:5
 ❯ bootHero test/panel-legacy-harness.ts:353:7
 ❯ Object.bootCombat test/panel-legacy-harness.ts:358:5
 ❯ combatPair test/panel-combat-support.tsx:34:3
 ❯ test/panel-retinue-parity.test.tsx:53:11

⎯⎯⎯⎯⎯⎯⎯⎯⎯⎯⎯⎯⎯⎯⎯⎯⎯⎯⎯⎯[226/525]⎯

 FAIL  test/panel-retinue-parity.test.tsx > stop aborts retinue action follow-up reads and ignores an old hero result
Error: Legacy harness failed: Unmatched legacy request: GET /api/bannerlord/content-catalogs ; Unmatched legacy request: GET /api/bannerlord/progression 
 ❯ assertHealthy test/panel-legacy-harness.ts:173:32
    171|   }
    172|   function assertHealthy() {
    173|     if (failures.length) throw new Error(`Legacy harness failed: ${fai…
       |                                ^
    174|   }
    175|   const registerTimer = (handler: TimerHandler, ms: number | undefined…
 ❯ settle test/panel-legacy-harness.ts:287:5
 ❯ bootHero test/panel-legacy-harness.ts:353:7
 ❯ Object.bootCombat test/panel-legacy-harness.ts:358:5
 ❯ combatPair test/panel-combat-support.tsx:34:3
 ❯ test/panel-retinue-parity.test.tsx:56:11

⎯⎯⎯⎯⎯⎯⎯⎯⎯⎯⎯⎯⎯⎯⎯⎯⎯⎯⎯⎯[227/525]⎯

 FAIL  test/panel-retinue-parity.test.tsx > basic tier 5 preserves inherited full-roster eligibility
 FAIL  test/panel-retinue-parity.test.tsx > elite tier 5 preserves inherited full-roster eligibility
 FAIL  test/panel-retinue-parity.test.tsx > elite tier 6 preserves inherited full-roster eligibility
Error: Legacy harness failed: Unmatched legacy request: GET /api/bannerlord/content-catalogs ; Unmatched legacy request: GET /api/bannerlord/progression 
 ❯ assertHealthy test/panel-legacy-harness.ts:173:32
    171|   }
    172|   function assertHealthy() {
    173|     if (failures.length) throw new Error(`Legacy harness failed: ${fai…
       |                                ^
    174|   }
    175|   const registerTimer = (handler: TimerHandler, ms: number | undefined…
 ❯ settle test/panel-legacy-harness.ts:287:5
 ❯ bootHero test/panel-legacy-harness.ts:353:7
 ❯ Object.bootCombat test/panel-legacy-harness.ts:358:5
 ❯ combatPair test/panel-combat-support.tsx:34:3
 ❯ test/panel-retinue-parity.test.tsx:60:130

⎯⎯⎯⎯⎯⎯⎯⎯⎯⎯⎯⎯⎯⎯⎯⎯⎯⎯⎯⎯[228/525]⎯

 FAIL  test/panel-retinue-parity.test.tsx > malformed multiplier undefined cannot manufacture free prices
 FAIL  test/panel-retinue-parity.test.tsx > malformed multiplier null cannot manufacture free prices
 FAIL  test/panel-retinue-parity.test.tsx > malformed multiplier -1 cannot manufacture free prices
 FAIL  test/panel-retinue-parity.test.tsx > malformed multiplier 3 cannot manufacture free prices
 FAIL  test/panel-retinue-parity.test.tsx > malformed multiplier Infinity cannot manufacture free prices
Error: Legacy harness failed: Unmatched legacy request: GET /api/bannerlord/content-catalogs ; Unmatched legacy request: GET /api/bannerlord/progression 
 ❯ assertHealthy test/panel-legacy-harness.ts:173:32
    171|   }
    172|   function assertHealthy() {
    173|     if (failures.length) throw new Error(`Legacy harness failed: ${fai…
       |                                ^
    174|   }
    175|   const registerTimer = (handler: TimerHandler, ms: number | undefined…
 ❯ settle test/panel-legacy-harness.ts:287:5
 ❯ bootHero test/panel-legacy-harness.ts:353:7
 ❯ Object.bootCombat test/panel-legacy-harness.ts:358:5
 ❯ combatPair test/panel-combat-support.tsx:34:3
 ❯ test/panel-retinue-parity.test.tsx:63:11

⎯⎯⎯⎯⎯⎯⎯⎯⎯⎯⎯⎯⎯⎯⎯⎯⎯⎯⎯⎯[229/525]⎯

 FAIL  test/panel-retinue-parity.test.tsx > zero server prices are valid while zero estimated train cost remains inherited disabled
Error: Legacy harness failed: Unmatched legacy request: GET /api/bannerlord/content-catalogs ; Unmatched legacy request: GET /api/bannerlord/progression 
 ❯ assertHealthy test/panel-legacy-harness.ts:173:32
    171|   }
    172|   function assertHealthy() {
    173|     if (failures.length) throw new Error(`Legacy harness failed: ${fai…
       |                                ^
    174|   }
    175|   const registerTimer = (handler: TimerHandler, ms: number | undefined…
 ❯ settle test/panel-legacy-harness.ts:287:5
 ❯ bootHero test/panel-legacy-harness.ts:353:7
 ❯ Object.bootCombat test/panel-legacy-harness.ts:358:5
 ❯ combatPair test/panel-combat-support.tsx:34:3
 ❯ test/panel-retinue-parity.test.tsx:66:11

⎯⎯⎯⎯⎯⎯⎯⎯⎯⎯⎯⎯⎯⎯⎯⎯⎯⎯⎯⎯[230/525]⎯

 FAIL  test/panel-retinue-parity.test.tsx > latest hero gold and cap prevent stale detached retinue controls acting after hero identity changes
Error: Legacy harness failed: Unmatched legacy request: GET /api/bannerlord/content-catalogs ; Unmatched legacy request: GET /api/bannerlord/progression 
 ❯ assertHealthy test/panel-legacy-harness.ts:173:32
    171|   }
    172|   function assertHealthy() {
    173|     if (failures.length) throw new Error(`Legacy harness failed: ${fai…
       |                                ^
    174|   }
    175|   const registerTimer = (handler: TimerHandler, ms: number | undefined…
 ❯ settle test/panel-legacy-harness.ts:287:5
 ❯ bootHero test/panel-legacy-harness.ts:353:7
 ❯ Object.bootCombat test/panel-legacy-harness.ts:358:5
 ❯ combatPair test/panel-combat-support.tsx:34:3
 ❯ test/panel-retinue-parity.test.tsx:69:11

⎯⎯⎯⎯⎯⎯⎯⎯⎯⎯⎯⎯⎯⎯⎯⎯⎯⎯⎯⎯[231/525]⎯

 FAIL  test/panel-retinue-parity.test.tsx > retinue unknown-outcome locks every action and permits refresh
Error: Legacy harness failed: Unmatched legacy request: GET /api/bannerlord/content-catalogs ; Unmatched legacy request: GET /api/bannerlord/progression 
 ❯ assertHealthy test/panel-legacy-harness.ts:173:32
    171|   }
    172|   function assertHealthy() {
    173|     if (failures.length) throw new Error(`Legacy harness failed: ${fai…
       |                                ^
    174|   }
    175|   const registerTimer = (handler: TimerHandler, ms: number | undefined…
 ❯ settle test/panel-legacy-harness.ts:287:5
 ❯ bootHero test/panel-legacy-harness.ts:353:7
 ❯ Object.bootCombat test/panel-legacy-harness.ts:358:5
 ❯ combatPair test/panel-combat-support.tsx:34:3
 ❯ test/panel-retinue-parity.test.tsx:74:11

⎯⎯⎯⎯⎯⎯⎯⎯⎯⎯⎯⎯⎯⎯⎯⎯⎯⎯⎯⎯[232/525]⎯

 FAIL  test/panel-retinue-parity.test.tsx > returned retinue cooldown from real buffs applies to both recruit choices
Error: Legacy harness failed: Unmatched legacy request: GET /api/bannerlord/content-catalogs ; Unmatched legacy request: GET /api/bannerlord/progression 
 ❯ assertHealthy test/panel-legacy-harness.ts:173:32
    171|   }
    172|   function assertHealthy() {
    173|     if (failures.length) throw new Error(`Legacy harness failed: ${fai…
       |                                ^
    174|   }
    175|   const registerTimer = (handler: TimerHandler, ms: number | undefined…
 ❯ settle test/panel-legacy-harness.ts:287:5
 ❯ bootHero test/panel-legacy-harness.ts:353:7
 ❯ Object.bootCombat test/panel-legacy-harness.ts:358:5
 ❯ combatPair test/panel-combat-support.tsx:34:3
 ❯ test/panel-retinue-parity.test.tsx:77:11

⎯⎯⎯⎯⎯⎯⎯⎯⎯⎯⎯⎯⎯⎯⎯⎯⎯⎯⎯⎯[233/525]⎯

 FAIL  test/panel-retinue-parity.test.tsx > retinue buttons use new identity authorization only after fresh resolution
Error: Legacy harness failed: Unmatched legacy request: GET /api/bannerlord/content-catalogs ; Unmatched legacy request: GET /api/bannerlord/progression 
 ❯ assertHealthy test/panel-legacy-harness.ts:173:32
    171|   }
    172|   function assertHealthy() {
    173|     if (failures.length) throw new Error(`Legacy harness failed: ${fai…
       |                                ^
    174|   }
    175|   const registerTimer = (handler: TimerHandler, ms: number | undefined…
 ❯ settle test/panel-legacy-harness.ts:287:5
 ❯ bootHero test/panel-legacy-harness.ts:353:7
 ❯ Object.bootCombat test/panel-legacy-harness.ts:358:5
 ❯ combatPair test/panel-combat-support.tsx:34:3
 ❯ test/panel-retinue-parity.test.tsx:80:11

⎯⎯⎯⎯⎯⎯⎯⎯⎯⎯⎯⎯⎯⎯⎯⎯⎯⎯⎯⎯[234/525]⎯

 FAIL  test/panel-retinue-parity.test.tsx > real server insufficient-gold refusal keeps exact text and has no success refresh tail
Error: Legacy harness failed: Unmatched legacy request: GET /api/bannerlord/content-catalogs ; Unmatched legacy request: GET /api/bannerlord/progression 
 ❯ assertHealthy test/panel-legacy-harness.ts:173:32
    171|   }
    172|   function assertHealthy() {
    173|     if (failures.length) throw new Error(`Legacy harness failed: ${fai…
       |                                ^
    174|   }
    175|   const registerTimer = (handler: TimerHandler, ms: number | undefined…
 ❯ settle test/panel-legacy-harness.ts:287:5
 ❯ bootHero test/panel-legacy-harness.ts:353:7
 ❯ Object.bootCombat test/panel-legacy-harness.ts:358:5
 ❯ combatPair test/panel-combat-support.tsx:34:3
 ❯ test/panel-retinue-parity.test.tsx:84:11

⎯⎯⎯⎯⎯⎯⎯⎯⎯⎯⎯⎯⎯⎯⎯⎯⎯⎯⎯⎯[235/525]⎯

 FAIL  test/panel-retinue-parity.test.tsx > unknown server retinue cap prevents all three mutations without inventing five slots
Error: Legacy harness failed: Unmatched legacy request: GET /api/bannerlord/content-catalogs ; Unmatched legacy request: GET /api/bannerlord/progression 
 ❯ assertHealthy test/panel-legacy-harness.ts:173:32
    171|   }
    172|   function assertHealthy() {
    173|     if (failures.length) throw new Error(`Legacy harness failed: ${fai…
       |                                ^
    174|   }
    175|   const registerTimer = (handler: TimerHandler, ms: number | undefined…
 ❯ settle test/panel-legacy-harness.ts:287:5
 ❯ bootHero test/panel-legacy-harness.ts:353:7
 ❯ Object.bootCombat test/panel-legacy-harness.ts:358:5
 ❯ combatPair test/panel-combat-support.tsx:34:3
 ❯ test/panel-retinue-parity.test.tsx:87:99

⎯⎯⎯⎯⎯⎯⎯⎯⎯⎯⎯⎯⎯⎯⎯⎯⎯⎯⎯⎯[236/525]⎯

 FAIL  test/panel-tournament-parity.test.tsx > tournament join preserves the complete old request traffic through its 3.5 second continuation and polling
Error: Legacy harness failed: Unmatched legacy request: GET /api/bannerlord/content-catalogs ; Unmatched legacy request: GET /api/bannerlord/progression 
 ❯ assertHealthy test/panel-legacy-harness.ts:173:32
    171|   }
    172|   function assertHealthy() {
    173|     if (failures.length) throw new Error(`Legacy harness failed: ${fai…
       |                                ^
    174|   }
    175|   const registerTimer = (handler: TimerHandler, ms: number | undefined…
 ❯ settle test/panel-legacy-harness.ts:287:5
 ❯ bootHero test/panel-legacy-harness.ts:353:7
 ❯ Object.bootCombat test/panel-legacy-harness.ts:358:5
 ❯ combatPair test/panel-combat-support.tsx:34:3
 ❯ pair test/panel-tournament-parity.test.tsx:8:13
 ❯ test/panel-tournament-parity.test.tsx:19:13

⎯⎯⎯⎯⎯⎯⎯⎯⎯⎯⎯⎯⎯⎯⎯⎯⎯⎯⎯⎯[237/525]⎯

 FAIL  test/panel-tournament-parity.test.tsx > tournament prediction requires confirmation and sends the displayed participant, then keeps every tail request
Error: Legacy harness failed: Unmatched legacy request: GET /api/bannerlord/content-catalogs ; Unmatched legacy request: GET /api/bannerlord/progression 
 ❯ assertHealthy test/panel-legacy-harness.ts:173:32
    171|   }
    172|   function assertHealthy() {
    173|     if (failures.length) throw new Error(`Legacy harness failed: ${fai…
       |                                ^
    174|   }
    175|   const registerTimer = (handler: TimerHandler, ms: number | undefined…
 ❯ settle test/panel-legacy-harness.ts:287:5
 ❯ bootHero test/panel-legacy-harness.ts:353:7
 ❯ Object.bootCombat test/panel-legacy-harness.ts:358:5
 ❯ combatPair test/panel-combat-support.tsx:34:3
 ❯ pair test/panel-tournament-parity.test.tsx:8:13
 ❯ test/panel-tournament-parity.test.tsx:25:13

⎯⎯⎯⎯⎯⎯⎯⎯⎯⎯⎯⎯⎯⎯⎯⎯⎯⎯⎯⎯[238/525]⎯

 FAIL  test/panel-tournament-parity.test.tsx > cancelling a tournament prediction has no mutation traffic
Error: Legacy harness failed: Unmatched legacy request: GET /api/bannerlord/content-catalogs ; Unmatched legacy request: GET /api/bannerlord/progression 
 ❯ assertHealthy test/panel-legacy-harness.ts:173:32
    171|   }
    172|   function assertHealthy() {
    173|     if (failures.length) throw new Error(`Legacy harness failed: ${fai…
       |                                ^
    174|   }
    175|   const registerTimer = (handler: TimerHandler, ms: number | undefined…
 ❯ settle test/panel-legacy-harness.ts:287:5
 ❯ bootHero test/panel-legacy-harness.ts:353:7
 ❯ Object.bootCombat test/panel-legacy-harness.ts:358:5
 ❯ combatPair test/panel-combat-support.tsx:34:3
 ❯ pair test/panel-tournament-parity.test.tsx:8:13
 ❯ test/panel-tournament-parity.test.tsx:33:13

⎯⎯⎯⎯⎯⎯⎯⎯⎯⎯⎯⎯⎯⎯⎯⎯⎯⎯⎯⎯[239/525]⎯

 FAIL  test/panel-tournament-parity.test.tsx > tournament renders exact server refusal join_no_hero
 FAIL  test/panel-tournament-parity.test.tsx > tournament renders exact server refusal join_running
 FAIL  test/panel-tournament-parity.test.tsx > tournament renders exact server refusal join_already
 FAIL  test/panel-tournament-parity.test.tsx > tournament renders exact server refusal join_pending
 FAIL  test/panel-tournament-parity.test.tsx > tournament renders exact server refusal join_cooldown
Error: Legacy harness failed: Unmatched legacy request: GET /api/bannerlord/content-catalogs ; Unmatched legacy request: GET /api/bannerlord/progression 
 ❯ assertHealthy test/panel-legacy-harness.ts:173:32
    171|   }
    172|   function assertHealthy() {
    173|     if (failures.length) throw new Error(`Legacy harness failed: ${fai…
       |                                ^
    174|   }
    175|   const registerTimer = (handler: TimerHandler, ms: number | undefined…
 ❯ settle test/panel-legacy-harness.ts:287:5
 ❯ bootHero test/panel-legacy-harness.ts:353:7
 ❯ Object.bootCombat test/panel-legacy-harness.ts:358:5
 ❯ combatPair test/panel-combat-support.tsx:34:3
 ❯ pair test/panel-tournament-parity.test.tsx:8:13
 ❯ test/panel-tournament-parity.test.tsx:38:13

⎯⎯⎯⎯⎯⎯⎯⎯⎯⎯⎯⎯⎯⎯⎯⎯⎯⎯⎯⎯[240/525]⎯

 FAIL  test/panel-tournament-parity.test.tsx > hidden tournament stops its reads and resumes without a second timer
Error: Legacy harness failed: Unmatched legacy request: GET /api/bannerlord/content-catalogs ; Unmatched legacy request: GET /api/bannerlord/progression 
 ❯ assertHealthy test/panel-legacy-harness.ts:173:32
    171|   }
    172|   function assertHealthy() {
    173|     if (failures.length) throw new Error(`Legacy harness failed: ${fai…
       |                                ^
    174|   }
    175|   const registerTimer = (handler: TimerHandler, ms: number | undefined…
 ❯ settle test/panel-legacy-harness.ts:287:5
 ❯ bootHero test/panel-legacy-harness.ts:353:7
 ❯ Object.bootCombat test/panel-legacy-harness.ts:358:5
 ❯ combatPair test/panel-combat-support.tsx:34:3
 ❯ pair test/panel-tournament-parity.test.tsx:8:13
 ❯ test/panel-tournament-parity.test.tsx:43:13

⎯⎯⎯⎯⎯⎯⎯⎯⎯⎯⎯⎯⎯⎯⎯⎯⎯⎯⎯⎯[241/525]⎯

 FAIL  test/panel-tournament-parity.test.tsx > prediction confirmation cannot submit into a visibly replaced tournament
Error: Legacy harness failed: Unmatched legacy request: GET /api/bannerlord/content-catalogs ; Unmatched legacy request: GET /api/bannerlord/progression 
 ❯ assertHealthy test/panel-legacy-harness.ts:173:32
    171|   }
    172|   function assertHealthy() {
    173|     if (failures.length) throw new Error(`Legacy harness failed: ${fai…
       |                                ^
    174|   }
    175|   const registerTimer = (handler: TimerHandler, ms: number | undefined…
 ❯ settle test/panel-legacy-harness.ts:287:5
 ❯ bootHero test/panel-legacy-harness.ts:353:7
 ❯ Object.bootCombat test/panel-legacy-harness.ts:358:5
 ❯ combatPair test/panel-combat-support.tsx:34:3
 ❯ pair test/panel-tournament-parity.test.tsx:8:13
 ❯ test/panel-tournament-parity.test.tsx:47:13

⎯⎯⎯⎯⎯⎯⎯⎯⎯⎯⎯⎯⎯⎯⎯⎯⎯⎯⎯⎯[242/525]⎯

 FAIL  test/panel-tournament-parity.test.tsx > missing join quote is not replaced by the old invented fallback
Error: Legacy harness failed: Unmatched legacy request: GET /api/bannerlord/content-catalogs ; Unmatched legacy request: GET /api/bannerlord/progression 
 ❯ assertHealthy test/panel-legacy-harness.ts:173:32
    171|   }
    172|   function assertHealthy() {
    173|     if (failures.length) throw new Error(`Legacy harness failed: ${fai…
       |                                ^
    174|   }
    175|   const registerTimer = (handler: TimerHandler, ms: number | undefined…
 ❯ settle test/panel-legacy-harness.ts:287:5
 ❯ bootHero test/panel-legacy-harness.ts:353:7
 ❯ Object.bootCombat test/panel-legacy-harness.ts:358:5
 ❯ combatPair test/panel-combat-support.tsx:34:3
 ❯ pair test/panel-tournament-parity.test.tsx:8:13
 ❯ test/panel-tournament-parity.test.tsx:56:13

⎯⎯⎯⎯⎯⎯⎯⎯⎯⎯⎯⎯⎯⎯⎯⎯⎯⎯⎯⎯[243/525]⎯

 FAIL  test/panel-usage-host.test.tsx > actual PanelApp batches exposures, real transitions and action intent with complete old/new 30s request parity
Error: Legacy harness failed: Unmatched legacy request: GET /api/bannerlord/content-catalogs ; Unmatched legacy request: GET /api/bannerlord/progression 
 ❯ assertHealthy test/panel-legacy-harness.ts:173:32
    171|   }
    172|   function assertHealthy() {
    173|     if (failures.length) throw new Error(`Legacy harness failed: ${fai…
       |                                ^
    174|   }
    175|   const registerTimer = (handler: TimerHandler, ms: number | undefined…
 ❯ settle test/panel-legacy-harness.ts:287:5
 ❯ Object.bootHero test/panel-legacy-harness.ts:353:7
 ❯ pair test/panel-usage-host.test.tsx:31:3
 ❯ test/panel-usage-host.test.tsx:79:13

⎯⎯⎯⎯⎯⎯⎯⎯⎯⎯⎯⎯⎯⎯⎯⎯⎯⎯⎯⎯[244/525]⎯

 FAIL  test/panel-usage-host.test.tsx > actual hidden-page event flushes once, visibility and rerenders never count additional same-day exposures
Error: Legacy harness failed: Unmatched legacy request: GET /api/bannerlord/content-catalogs ; Unmatched legacy request: GET /api/bannerlord/progression 
 ❯ assertHealthy test/panel-legacy-harness.ts:173:32
    171|   }
    172|   function assertHealthy() {
    173|     if (failures.length) throw new Error(`Legacy harness failed: ${fai…
       |                                ^
    174|   }
    175|   const registerTimer = (handler: TimerHandler, ms: number | undefined…
 ❯ settle test/panel-legacy-harness.ts:287:5
 ❯ Object.bootHero test/panel-legacy-harness.ts:353:7
 ❯ pair test/panel-usage-host.test.tsx:31:3
 ❯ test/panel-usage-host.test.tsx:89:13

⎯⎯⎯⎯⎯⎯⎯⎯⎯⎯⎯⎯⎯⎯⎯⎯⎯⎯⎯⎯[245/525]⎯

 FAIL  test/panel-usage-host.test.tsx > an initially hidden authorized PanelApp records no exposure until it becomes visible
Error: Legacy harness failed: Unmatched legacy request: GET /api/bannerlord/content-catalogs ; Unmatched legacy request: GET /api/bannerlord/progression 
 ❯ assertHealthy test/panel-legacy-harness.ts:173:32
    171|   }
    172|   function assertHealthy() {
    173|     if (failures.length) throw new Error(`Legacy harness failed: ${fai…
       |                                ^
    174|   }
    175|   const registerTimer = (handler: TimerHandler, ms: number | undefined…
 ❯ settle test/panel-legacy-harness.ts:287:5
 ❯ Object.bootHero test/panel-legacy-harness.ts:353:7
 ❯ pair test/panel-usage-host.test.tsx:31:3
 ❯ test/panel-usage-host.test.tsx:94:13

⎯⎯⎯⎯⎯⎯⎯⎯⎯⎯⎯⎯⎯⎯⎯⎯⎯⎯⎯⎯[246/525]⎯

 FAIL  test/panel-usage-host.test.tsx > same-task exact-choice duplicate clicks count two attempts while only one action is dispatched
Error: Legacy harness failed: Unmatched legacy request: GET /api/bannerlord/content-catalogs ; Unmatched legacy request: GET /api/bannerlord/progression 
 ❯ assertHealthy test/panel-legacy-harness.ts:173:32
    171|   }
    172|   function assertHealthy() {
    173|     if (failures.length) throw new Error(`Legacy harness failed: ${fai…
       |                                ^
    174|   }
    175|   const registerTimer = (handler: TimerHandler, ms: number | undefined…
 ❯ settle test/panel-legacy-harness.ts:287:5
 ❯ Object.bootHero test/panel-legacy-harness.ts:353:7
 ❯ pair test/panel-usage-host.test.tsx:31:3
 ❯ test/panel-usage-host.test.tsx:99:13

⎯⎯⎯⎯⎯⎯⎯⎯⎯⎯⎯⎯⎯⎯⎯⎯⎯⎯⎯⎯[247/525]⎯

 FAIL  test/panel-usage-host.test.tsx > the synchronous BnrBuilds family guard suppresses the second click before telemetry dispatch
Error: Legacy harness failed: Unmatched legacy request: GET /api/bannerlord/content-catalogs ; Unmatched legacy request: GET /api/bannerlord/progression 
 ❯ assertHealthy test/panel-legacy-harness.ts:173:32
    171|   }
    172|   function assertHealthy() {
    173|     if (failures.length) throw new Error(`Legacy harness failed: ${fai…
       |                                ^
    174|   }
    175|   const registerTimer = (handler: TimerHandler, ms: number | undefined…
 ❯ settle test/panel-legacy-harness.ts:287:5
 ❯ Object.bootHero test/panel-legacy-harness.ts:353:7
 ❯ pair test/panel-usage-host.test.tsx:31:3
 ❯ test/panel-usage-host.test.tsx:107:13

⎯⎯⎯⎯⎯⎯⎯⎯⎯⎯⎯⎯⎯⎯⎯⎯⎯⎯⎯⎯[248/525]⎯

 FAIL  test/panel-usage-host.test.tsx > a hung telemetry request never delays a real action, its result or its refresh tail
Error: Legacy harness failed: Unmatched legacy request: GET /api/bannerlord/content-catalogs ; Unmatched legacy request: GET /api/bannerlord/progression 
 ❯ assertHealthy test/panel-legacy-harness.ts:173:32
    171|   }
    172|   function assertHealthy() {
    173|     if (failures.length) throw new Error(`Legacy harness failed: ${fai…
       |                                ^
    174|   }
    175|   const registerTimer = (handler: TimerHandler, ms: number | undefined…
 ❯ settle test/panel-legacy-harness.ts:287:5
 ❯ Object.bootHero test/panel-legacy-harness.ts:353:7
 ❯ pair test/panel-usage-host.test.tsx:31:3
 ❯ test/panel-usage-host.test.tsx:116:13

⎯⎯⎯⎯⎯⎯⎯⎯⎯⎯⎯⎯⎯⎯⎯⎯⎯⎯⎯⎯[249/525]⎯

 FAIL  test/panel-usage-host.test.tsx > telemetry exceptions cannot reject or stall the controller action dispatcher
Error: Legacy harness failed: Unmatched legacy request: GET /api/bannerlord/content-catalogs ; Unmatched legacy request: GET /api/bannerlord/progression 
 ❯ assertHealthy test/panel-legacy-harness.ts:173:32
    171|   }
    172|   function assertHealthy() {
    173|     if (failures.length) throw new Error(`Legacy harness failed: ${fai…
       |                                ^
    174|   }
    175|   const registerTimer = (handler: TimerHandler, ms: number | undefined…
 ❯ settle test/panel-legacy-harness.ts:287:5
 ❯ Object.bootHero test/panel-legacy-harness.ts:353:7
 ❯ pair test/panel-usage-host.test.tsx:31:3
 ❯ test/panel-usage-host.test.tsx:122:13

⎯⎯⎯⎯⎯⎯⎯⎯⎯⎯⎯⎯⎯⎯⎯⎯⎯⎯⎯⎯[250/525]⎯

 FAIL  test/panel-usage-host.test.tsx > real Twitch token re-resolution blocks telemetry and discards the old context on authorization
Error: Legacy harness failed: Unmatched legacy request: GET /api/bannerlord/content-catalogs ; Unmatched legacy request: GET /api/bannerlord/progression 
 ❯ assertHealthy test/panel-legacy-harness.ts:173:32
    171|   }
    172|   function assertHealthy() {
    173|     if (failures.length) throw new Error(`Legacy harness failed: ${fai…
       |                                ^
    174|   }
    175|   const registerTimer = (handler: TimerHandler, ms: number | undefined…
 ❯ settle test/panel-legacy-harness.ts:287:5
 ❯ Object.bootHero test/panel-legacy-harness.ts:353:7
 ❯ pair test/panel-usage-host.test.tsx:31:3
 ❯ test/panel-usage-host.test.tsx:128:13

⎯⎯⎯⎯⎯⎯⎯⎯⎯⎯⎯⎯⎯⎯⎯⎯⎯⎯⎯⎯[251/525]⎯


 Test Files  20 failed | 26 passed | 2 skipped (48)
      Tests  525 failed | 515 passed | 2 skipped (1042)
   Start at  12:36:30
   Duration  402.77s (tests 56%, environment 33%, import 10%, transform 1%)

Environment  jsdom was created 48 times · 128.21s total, 33% of tracked time
             create it once per worker with pool: 'vmThreads' (keeps per-file isolation) or isolate: false (shares it across files)
             learn more: https://vitest.dev/guide/improving-performance#test-environments

